ISO-10303-21;
HEADER;
/* Generated by software containing ST-Developer
 * from STEP Tools, Inc. (www.steptools.com) 
 */

FILE_DESCRIPTION(
/* description */ (''),
/* implementation_level */ '2;1');

FILE_NAME(
/* name */ 'outerShellCAD_arm_prototype.step',
/* time_stamp */ '2026-08-11T17:14:02-04:00',
/* author */ (''),
/* organization */ (''),
/* preprocessor_version */ 'ST-DEVELOPER v20.1',
/* originating_system */ 'Autodesk Translation Framework v15.8.0.0',
/* authorisation */ '');

FILE_SCHEMA (('AUTOMOTIVE_DESIGN { 1 0 10303 214 3 1 1 }'));
ENDSEC;

DATA;
#10=MECHANICAL_DESIGN_GEOMETRIC_PRESENTATION_REPRESENTATION('',(#70,#71),
#2034);
#11=SHAPE_REPRESENTATION_RELATIONSHIP('SRR','None',#2041,#12);
#12=ADVANCED_BREP_SHAPE_REPRESENTATION('',(#72,#73),#2033);
#13=FACE_BOUND('',#140,.T.);
#14=FACE_BOUND('',#141,.T.);
#15=FACE_BOUND('',#142,.T.);
#16=FACE_BOUND('',#143,.T.);
#17=FACE_BOUND('',#148,.T.);
#18=ELLIPSE('',#423,0.358223719021261,0.358000000000026);
#19=ELLIPSE('',#427,0.200124982693427,0.199999999999999);
#20=ELLIPSE('',#431,0.358223719021209,0.357999999999974);
#21=ELLIPSE('',#435,0.200124982693427,0.2);
#22=LINE('',#1252,#42);
#23=LINE('',#1259,#43);
#24=LINE('',#1266,#44);
#25=LINE('',#1273,#45);
#26=LINE('',#1279,#46);
#27=LINE('',#1281,#47);
#28=LINE('',#1283,#48);
#29=LINE('',#1284,#49);
#30=LINE('',#1290,#50);
#31=LINE('',#1293,#51);
#32=LINE('',#1295,#52);
#33=LINE('',#1296,#53);
#34=LINE('',#1302,#54);
#35=LINE('',#1305,#55);
#36=LINE('',#1307,#56);
#37=LINE('',#1308,#57);
#38=LINE('',#1314,#58);
#39=LINE('',#1317,#59);
#40=LINE('',#1319,#60);
#41=LINE('',#1320,#61);
#42=VECTOR('',#453,0.048);
#43=VECTOR('',#462,0.0499999999999999);
#44=VECTOR('',#471,0.0499999999999999);
#45=VECTOR('',#480,0.0499999999999999);
#46=VECTOR('',#487,1.);
#47=VECTOR('',#488,1.);
#48=VECTOR('',#489,1.);
#49=VECTOR('',#490,1.);
#50=VECTOR('',#497,1.);
#51=VECTOR('',#500,1.);
#52=VECTOR('',#501,1.);
#53=VECTOR('',#502,1.);
#54=VECTOR('',#509,1.);
#55=VECTOR('',#512,1.);
#56=VECTOR('',#513,1.);
#57=VECTOR('',#514,1.);
#58=VECTOR('',#521,1.);
#59=VECTOR('',#524,1.);
#60=VECTOR('',#525,1.);
#61=VECTOR('',#526,1.);
#62=CYLINDRICAL_SURFACE('',#405,0.048);
#63=CYLINDRICAL_SURFACE('',#409,0.0499999999999999);
#64=CYLINDRICAL_SURFACE('',#413,0.0499999999999999);
#65=CYLINDRICAL_SURFACE('',#417,0.0499999999999999);
#66=CYLINDRICAL_SURFACE('',#422,0.358000000000026);
#67=CYLINDRICAL_SURFACE('',#426,0.199999999999999);
#68=CYLINDRICAL_SURFACE('',#430,0.357999999999974);
#69=CYLINDRICAL_SURFACE('',#434,0.2);
#70=STYLED_ITEM('',(#2050),#72);
#71=STYLED_ITEM('',(#2050),#73);
#72=MANIFOLD_SOLID_BREP('left arm',#387);
#73=MANIFOLD_SOLID_BREP('right arm',#388);
#74=PLANE('',#404);
#75=PLANE('',#408);
#76=PLANE('',#412);
#77=PLANE('',#416);
#78=PLANE('',#420);
#79=PLANE('',#421);
#80=PLANE('',#425);
#81=PLANE('',#429);
#82=PLANE('',#433);
#83=PLANE('',#437);
#84=PLANE('',#440);
#85=(
BOUNDED_CURVE()
B_SPLINE_CURVE(5,(#1187,#1188,#1189,#1190,#1191,#1192,#1193,#1194,#1195,
#1196,#1197,#1198,#1199,#1200,#1201),.UNSPECIFIED.,.F.,.F.)
B_SPLINE_CURVE_WITH_KNOTS((6,1,1,1,1,1,1,1,1,1,6),(0.0508084909654615,0.1,
0.2,0.3,0.4,0.5,0.6,0.7,0.8,0.9,0.972186745518068),.UNSPECIFIED.)
CURVE()
GEOMETRIC_REPRESENTATION_ITEM()
RATIONAL_B_SPLINE_CURVE((1.,1.,1.,1.,1.,1.,1.,1.,1.,1.,1.,1.,1.,1.,1.))
REPRESENTATION_ITEM('')
);
#86=(
BOUNDED_CURVE()
B_SPLINE_CURVE(5,(#1970,#1971,#1972,#1973,#1974,#1975,#1976,#1977,#1978,
#1979,#1980,#1981,#1982,#1983,#1984),.UNSPECIFIED.,.F.,.F.)
B_SPLINE_CURVE_WITH_KNOTS((6,1,1,1,1,1,1,1,1,1,6),(0.0508084909654615,0.1,
0.2,0.3,0.4,0.5,0.6,0.7,0.8,0.9,0.972186745518068),.UNSPECIFIED.)
CURVE()
GEOMETRIC_REPRESENTATION_ITEM()
RATIONAL_B_SPLINE_CURVE((1.,1.,1.,1.,1.,1.,1.,1.,1.,1.,1.,1.,1.,1.,1.))
REPRESENTATION_ITEM('')
);
#87=(
BOUNDED_SURFACE()
B_SPLINE_SURFACE(5,2,((#1142,#1143,#1144),(#1145,#1146,#1147),(#1148,#1149,
#1150),(#1151,#1152,#1153),(#1154,#1155,#1156),(#1157,#1158,#1159),(#1160,
#1161,#1162),(#1163,#1164,#1165),(#1166,#1167,#1168),(#1169,#1170,#1171),
(#1172,#1173,#1174),(#1175,#1176,#1177),(#1178,#1179,#1180),(#1181,#1182,
#1183),(#1184,#1185,#1186)),.UNSPECIFIED.,.F.,.F.,.F.)
B_SPLINE_SURFACE_WITH_KNOTS((6,1,1,1,1,1,1,1,1,1,6),(3,3),(-1.,-0.9,-0.8,
-0.7,-0.6,-0.5,-0.4,-0.3,-0.2,-0.1,0.),(0.,1.5707963267949),
 .UNSPECIFIED.)
GEOMETRIC_REPRESENTATION_ITEM()
RATIONAL_B_SPLINE_SURFACE(((1.,0.707106781186548,1.),(1.,0.707106781186548,
1.),(1.,0.707106781186548,1.),(1.,0.707106781186548,1.),(1.,0.707106781186548,
1.),(1.,0.707106781186548,1.),(1.,0.707106781186548,1.),(1.,0.707106781186548,
1.),(1.,0.707106781186548,1.),(1.,0.707106781186548,1.),(1.,0.707106781186548,
1.),(1.,0.707106781186548,1.),(1.,0.707106781186548,1.),(1.,0.707106781186548,
1.),(1.,0.707106781186548,1.)))
REPRESENTATION_ITEM('')
SURFACE()
);
#88=(
BOUNDED_SURFACE()
B_SPLINE_SURFACE(5,2,((#1203,#1204,#1205),(#1206,#1207,#1208),(#1209,#1210,
#1211),(#1212,#1213,#1214),(#1215,#1216,#1217),(#1218,#1219,#1220),(#1221,
#1222,#1223),(#1224,#1225,#1226),(#1227,#1228,#1229),(#1230,#1231,#1232),
(#1233,#1234,#1235),(#1236,#1237,#1238),(#1239,#1240,#1241),(#1242,#1243,
#1244),(#1245,#1246,#1247)),.UNSPECIFIED.,.F.,.F.,.F.)
B_SPLINE_SURFACE_WITH_KNOTS((6,1,1,1,1,1,1,1,1,1,6),(3,3),(0.,0.1,0.2,0.3,
0.4,0.5,0.6,0.7,0.8,0.9,1.),(0.,1.5707963267949),.UNSPECIFIED.)
GEOMETRIC_REPRESENTATION_ITEM()
RATIONAL_B_SPLINE_SURFACE(((1.,0.707106781186548,1.),(1.,0.707106781186548,
1.),(1.,0.707106781186548,1.),(1.,0.707106781186548,1.),(1.,0.707106781186548,
1.),(1.,0.707106781186548,1.),(1.,0.707106781186548,1.),(1.,0.707106781186548,
1.),(1.,0.707106781186548,1.),(1.,0.707106781186548,1.),(1.,0.707106781186548,
1.),(1.,0.707106781186548,1.),(1.,0.707106781186548,1.),(1.,0.707106781186548,
1.),(1.,0.707106781186548,1.)))
REPRESENTATION_ITEM('')
SURFACE()
);
#89=(
BOUNDED_SURFACE()
B_SPLINE_SURFACE(5,2,((#1925,#1926,#1927),(#1928,#1929,#1930),(#1931,#1932,
#1933),(#1934,#1935,#1936),(#1937,#1938,#1939),(#1940,#1941,#1942),(#1943,
#1944,#1945),(#1946,#1947,#1948),(#1949,#1950,#1951),(#1952,#1953,#1954),
(#1955,#1956,#1957),(#1958,#1959,#1960),(#1961,#1962,#1963),(#1964,#1965,
#1966),(#1967,#1968,#1969)),.UNSPECIFIED.,.F.,.F.,.F.)
B_SPLINE_SURFACE_WITH_KNOTS((6,1,1,1,1,1,1,1,1,1,6),(3,3),(-1.,-0.9,-0.8,
-0.7,-0.6,-0.5,-0.4,-0.3,-0.2,-0.1,0.),(0.,1.5707963267949),
 .UNSPECIFIED.)
GEOMETRIC_REPRESENTATION_ITEM()
RATIONAL_B_SPLINE_SURFACE(((1.,0.707106781186548,1.),(1.,0.707106781186548,
1.),(1.,0.707106781186548,1.),(1.,0.707106781186548,1.),(1.,0.707106781186548,
1.),(1.,0.707106781186548,1.),(1.,0.707106781186548,1.),(1.,0.707106781186548,
1.),(1.,0.707106781186548,1.),(1.,0.707106781186548,1.),(1.,0.707106781186548,
1.),(1.,0.707106781186548,1.),(1.,0.707106781186548,1.),(1.,0.707106781186548,
1.),(1.,0.707106781186548,1.)))
REPRESENTATION_ITEM('')
SURFACE()
);
#90=(
BOUNDED_SURFACE()
B_SPLINE_SURFACE(5,2,((#1986,#1987,#1988),(#1989,#1990,#1991),(#1992,#1993,
#1994),(#1995,#1996,#1997),(#1998,#1999,#2000),(#2001,#2002,#2003),(#2004,
#2005,#2006),(#2007,#2008,#2009),(#2010,#2011,#2012),(#2013,#2014,#2015),
(#2016,#2017,#2018),(#2019,#2020,#2021),(#2022,#2023,#2024),(#2025,#2026,
#2027),(#2028,#2029,#2030)),.UNSPECIFIED.,.F.,.F.,.F.)
B_SPLINE_SURFACE_WITH_KNOTS((6,1,1,1,1,1,1,1,1,1,6),(3,3),(0.,0.1,0.2,0.3,
0.4,0.5,0.6,0.7,0.8,0.9,1.),(0.,1.5707963267949),.UNSPECIFIED.)
GEOMETRIC_REPRESENTATION_ITEM()
RATIONAL_B_SPLINE_SURFACE(((1.,0.707106781186548,1.),(1.,0.707106781186548,
1.),(1.,0.707106781186548,1.),(1.,0.707106781186548,1.),(1.,0.707106781186548,
1.),(1.,0.707106781186548,1.),(1.,0.707106781186548,1.),(1.,0.707106781186548,
1.),(1.,0.707106781186548,1.),(1.,0.707106781186548,1.),(1.,0.707106781186548,
1.),(1.,0.707106781186548,1.),(1.,0.707106781186548,1.),(1.,0.707106781186548,
1.),(1.,0.707106781186548,1.)))
REPRESENTATION_ITEM('')
SURFACE()
);
#91=FACE_OUTER_BOUND('',#118,.T.);
#92=FACE_OUTER_BOUND('',#119,.T.);
#93=FACE_OUTER_BOUND('',#120,.T.);
#94=FACE_OUTER_BOUND('',#121,.T.);
#95=FACE_OUTER_BOUND('',#122,.T.);
#96=FACE_OUTER_BOUND('',#123,.T.);
#97=FACE_OUTER_BOUND('',#124,.T.);
#98=FACE_OUTER_BOUND('',#125,.T.);
#99=FACE_OUTER_BOUND('',#126,.T.);
#100=FACE_OUTER_BOUND('',#127,.T.);
#101=FACE_OUTER_BOUND('',#128,.T.);
#102=FACE_OUTER_BOUND('',#129,.T.);
#103=FACE_OUTER_BOUND('',#130,.T.);
#104=FACE_OUTER_BOUND('',#131,.T.);
#105=FACE_OUTER_BOUND('',#132,.T.);
#106=FACE_OUTER_BOUND('',#133,.T.);
#107=FACE_OUTER_BOUND('',#134,.T.);
#108=FACE_OUTER_BOUND('',#135,.T.);
#109=FACE_OUTER_BOUND('',#136,.T.);
#110=FACE_OUTER_BOUND('',#137,.T.);
#111=FACE_OUTER_BOUND('',#138,.T.);
#112=FACE_OUTER_BOUND('',#139,.T.);
#113=FACE_OUTER_BOUND('',#144,.T.);
#114=FACE_OUTER_BOUND('',#145,.T.);
#115=FACE_OUTER_BOUND('',#146,.T.);
#116=FACE_OUTER_BOUND('',#147,.T.);
#117=FACE_OUTER_BOUND('',#149,.T.);
#118=EDGE_LOOP('',(#256,#257,#258,#259));
#119=EDGE_LOOP('',(#260,#261,#262,#263));
#120=EDGE_LOOP('',(#264,#265));
#121=EDGE_LOOP('',(#266,#267));
#122=EDGE_LOOP('',(#268,#269));
#123=EDGE_LOOP('',(#270,#271,#272,#273));
#124=EDGE_LOOP('',(#274));
#125=EDGE_LOOP('',(#275,#276,#277,#278));
#126=EDGE_LOOP('',(#279));
#127=EDGE_LOOP('',(#280,#281,#282,#283));
#128=EDGE_LOOP('',(#284));
#129=EDGE_LOOP('',(#285,#286,#287,#288));
#130=EDGE_LOOP('',(#289));
#131=EDGE_LOOP('',(#290,#291,#292,#293));
#132=EDGE_LOOP('',(#294,#295,#296,#297));
#133=EDGE_LOOP('',(#298,#299,#300,#301));
#134=EDGE_LOOP('',(#302,#303,#304,#305));
#135=EDGE_LOOP('',(#306,#307,#308,#309));
#136=EDGE_LOOP('',(#310,#311,#312,#313));
#137=EDGE_LOOP('',(#314,#315,#316,#317));
#138=EDGE_LOOP('',(#318,#319,#320,#321));
#139=EDGE_LOOP('',(#322,#323,#324,#325,#326,#327,#328,#329));
#140=EDGE_LOOP('',(#330));
#141=EDGE_LOOP('',(#331));
#142=EDGE_LOOP('',(#332));
#143=EDGE_LOOP('',(#333));
#144=EDGE_LOOP('',(#334,#335,#336,#337));
#145=EDGE_LOOP('',(#338,#339,#340,#341));
#146=EDGE_LOOP('',(#342,#343));
#147=EDGE_LOOP('',(#344,#345));
#148=EDGE_LOOP('',(#346,#347,#348,#349,#350,#351,#352,#353));
#149=EDGE_LOOP('',(#354,#355));
#150=B_SPLINE_CURVE_WITH_KNOTS('',3,(#777,#778,#779,#780,#781,#782,#783,
#784,#785,#786,#787,#788,#789,#790,#791,#792,#793,#794,#795,#796,#797,#798,
#799,#800,#801,#802,#803,#804,#805,#806,#807,#808,#809),.UNSPECIFIED.,.F.,
 .F.,(4,1,1,1,1,1,1,1,1,1,1,1,1,1,1,1,1,1,1,1,1,1,1,1,1,1,1,1,1,1,4),(-7.49637881674538,
-7.49219556963782,-7.48801232253026,-7.47964582831515,-7.47127933410003,
-7.46709608699247,-7.46291283988491,-7.44617985145467,-7.42944686302444,
-7.3625149093035,-7.22865100186162,-6.96092318697785,-6.69319537209409,
-6.42546755721033,-6.06849713736531,-5.35455629767527,-4.64061545798524,
-4.28364503814022,-3.9266746182952,-3.21273377860516,-2.67727814883764,
-2.14182251907011,-1.60636688930258,-1.07091125953505,-0.803183444651291,
-0.535455629767527,-0.267727814883764,-0.133863907441882,-0.0669319537209409,
-0.0334659768604704,0.),.UNSPECIFIED.);
#151=B_SPLINE_CURVE_WITH_KNOTS('',3,(#812,#813,#814,#815,#816,#817,#818,
#819,#820,#821,#822,#823,#824,#825,#826,#827,#828,#829,#830,#831,#832,#833,
#834,#835,#836,#837,#838,#839,#840,#841,#842,#843,#844),.UNSPECIFIED.,.F.,
 .F.,(4,1,1,1,1,1,1,1,1,1,1,1,1,1,1,1,1,1,1,1,1,1,1,1,1,1,1,1,1,1,4),(0.,
0.0334659768604704,0.0669319537209409,0.133863907441882,0.267727814883764,
0.535455629767527,0.803183444651291,1.07091125953505,1.60636688930258,2.14182251907011,
2.67727814883764,3.21273377860516,3.9266746182952,4.28364503814022,4.64061545798524,
5.35455629767527,6.06849713736531,6.42546755721033,6.69319537209409,6.96092318697785,
7.22865100186162,7.3625149093035,7.42944686302444,7.44617985145467,7.46291283988491,
7.46709608699247,7.47127933410003,7.47964582831515,7.48801232253026,7.49219556963782,
7.49637881674538),.UNSPECIFIED.);
#152=B_SPLINE_CURVE_WITH_KNOTS('',3,(#1076,#1077,#1078,#1079,#1080,#1081,
#1082,#1083,#1084,#1085,#1086,#1087,#1088,#1089,#1090,#1091,#1092,#1093,
#1094,#1095,#1096,#1097,#1098,#1099,#1100,#1101,#1102,#1103,#1104,#1105,
#1106,#1107,#1108),.UNSPECIFIED.,.F.,.F.,(4,1,1,1,1,1,1,1,1,1,1,1,1,1,1,
1,1,1,1,1,1,1,1,1,1,1,1,1,1,1,4),(-1.83805822064917E-15,0.00418337568560064,
0.00836675137120312,0.0167335027424081,0.0251002541136131,0.0292836297992155,
0.033467005484818,0.0669340109696379,0.133868021939278,0.200802032908917,
0.267736043878557,0.535472087757116,1.07094417551423,1.60641626327135,2.14188835102847,
2.49886974286655,2.85585113470463,3.2128325265427,3.92679531021886,4.28377670205694,
4.81924878981406,5.35472087757117,5.89019296532829,6.42566505308541,6.69340109696397,
6.96113714084253,7.22887318472109,7.36274120666037,7.42967521763,7.46314222311482,
7.49660922859964),.UNSPECIFIED.);
#153=B_SPLINE_CURVE_WITH_KNOTS('',3,(#1109,#1110,#1111,#1112,#1113,#1114,
#1115,#1116,#1117,#1118,#1119,#1120,#1121,#1122,#1123,#1124,#1125,#1126,
#1127,#1128,#1129,#1130,#1131,#1132,#1133,#1134,#1135,#1136,#1137,#1138,
#1139,#1140,#1141),.UNSPECIFIED.,.F.,.F.,(4,1,1,1,1,1,1,1,1,1,1,1,1,1,1,
1,1,1,1,1,1,1,1,1,1,1,1,1,1,1,4),(-7.49660922859964,-7.46314222311482,-7.42967521763,
-7.36274120666037,-7.22887318472109,-6.96113714084253,-6.69340109696397,
-6.42566505308541,-5.89019296532829,-5.35472087757117,-4.81924878981406,
-4.28377670205694,-3.92679531021886,-3.2128325265427,-2.85585113470463,
-2.49886974286655,-2.14188835102847,-1.60641626327135,-1.07094417551423,
-0.535472087757116,-0.267736043878557,-0.200802032908917,-0.133868021939278,
-0.0669340109696379,-0.033467005484818,-0.0292836297992155,-0.0251002541136131,
-0.0167335027424081,-0.00836675137120312,-0.00418337568560064,1.83805822064917E-15),
 .UNSPECIFIED.);
#154=B_SPLINE_CURVE_WITH_KNOTS('',3,(#1560,#1561,#1562,#1563,#1564,#1565,
#1566,#1567,#1568,#1569,#1570,#1571,#1572,#1573,#1574,#1575,#1576,#1577,
#1578,#1579,#1580,#1581,#1582,#1583,#1584,#1585,#1586,#1587,#1588,#1589,
#1590,#1591,#1592),.UNSPECIFIED.,.F.,.F.,(4,1,1,1,1,1,1,1,1,1,1,1,1,1,1,
1,1,1,1,1,1,1,1,1,1,1,1,1,1,1,4),(0.,0.0334659768604704,0.0669319537209409,
0.133863907441882,0.267727814883764,0.535455629767527,0.803183444651291,
1.07091125953505,1.60636688930258,2.14182251907011,2.67727814883764,3.21273377860516,
3.9266746182952,4.28364503814022,4.64061545798524,5.35455629767527,6.06849713736531,
6.42546755721033,6.69319537209409,6.96092318697785,7.22865100186162,7.3625149093035,
7.42944686302444,7.44617985145467,7.46291283988491,7.46709608699247,7.47127933410003,
7.47964582831515,7.48801232253026,7.49219556963782,7.49637881674538),
 .UNSPECIFIED.);
#155=B_SPLINE_CURVE_WITH_KNOTS('',3,(#1595,#1596,#1597,#1598,#1599,#1600,
#1601,#1602,#1603,#1604,#1605,#1606,#1607,#1608,#1609,#1610,#1611,#1612,
#1613,#1614,#1615,#1616,#1617,#1618,#1619,#1620,#1621,#1622,#1623,#1624,
#1625,#1626,#1627),.UNSPECIFIED.,.F.,.F.,(4,1,1,1,1,1,1,1,1,1,1,1,1,1,1,
1,1,1,1,1,1,1,1,1,1,1,1,1,1,1,4),(-7.49637881674538,-7.49219556963782,-7.48801232253026,
-7.47964582831515,-7.47127933410003,-7.46709608699247,-7.46291283988491,
-7.44617985145467,-7.42944686302444,-7.3625149093035,-7.22865100186162,
-6.96092318697785,-6.69319537209409,-6.42546755721033,-6.06849713736531,
-5.35455629767527,-4.64061545798524,-4.28364503814022,-3.9266746182952,
-3.21273377860516,-2.67727814883764,-2.14182251907011,-1.60636688930258,
-1.07091125953505,-0.803183444651291,-0.535455629767527,-0.267727814883764,
-0.133863907441882,-0.0669319537209409,-0.0334659768604704,0.),
 .UNSPECIFIED.);
#156=B_SPLINE_CURVE_WITH_KNOTS('',3,(#1859,#1860,#1861,#1862,#1863,#1864,
#1865,#1866,#1867,#1868,#1869,#1870,#1871,#1872,#1873,#1874,#1875,#1876,
#1877,#1878,#1879,#1880,#1881,#1882,#1883,#1884,#1885,#1886,#1887,#1888,
#1889,#1890,#1891),.UNSPECIFIED.,.F.,.F.,(4,1,1,1,1,1,1,1,1,1,1,1,1,1,1,
1,1,1,1,1,1,1,1,1,1,1,1,1,1,1,4),(-7.49660922859964,-7.46314222311482,-7.42967521763,
-7.36274120666037,-7.22887318472109,-6.96113714084253,-6.69340109696397,
-6.42566505308541,-5.89019296532829,-5.35472087757117,-4.81924878981406,
-4.28377670205694,-3.92679531021886,-3.2128325265427,-2.85585113470463,
-2.49886974286655,-2.14188835102847,-1.60641626327135,-1.07094417551423,
-0.535472087757116,-0.267736043878557,-0.200802032908917,-0.133868021939278,
-0.0669340109696379,-0.033467005484818,-0.0292836297992155,-0.0251002541136131,
-0.0167335027424081,-0.00836675137120312,-0.00418337568560064,1.83805822064917E-15),
 .UNSPECIFIED.);
#157=B_SPLINE_CURVE_WITH_KNOTS('',3,(#1892,#1893,#1894,#1895,#1896,#1897,
#1898,#1899,#1900,#1901,#1902,#1903,#1904,#1905,#1906,#1907,#1908,#1909,
#1910,#1911,#1912,#1913,#1914,#1915,#1916,#1917,#1918,#1919,#1920,#1921,
#1922,#1923,#1924),.UNSPECIFIED.,.F.,.F.,(4,1,1,1,1,1,1,1,1,1,1,1,1,1,1,
1,1,1,1,1,1,1,1,1,1,1,1,1,1,1,4),(-1.83805822064917E-15,0.00418337568560064,
0.00836675137120312,0.0167335027424081,0.0251002541136131,0.0292836297992155,
0.033467005484818,0.0669340109696379,0.133868021939278,0.200802032908917,
0.267736043878557,0.535472087757116,1.07094417551423,1.60641626327135,2.14188835102847,
2.49886974286655,2.85585113470463,3.2128325265427,3.92679531021886,4.28377670205694,
4.81924878981406,5.35472087757117,5.89019296532829,6.42566505308541,6.69340109696397,
6.96113714084253,7.22887318472109,7.36274120666037,7.42967521763,7.46314222311482,
7.49660922859964),.UNSPECIFIED.);
#158=CIRCLE('',#402,0.100000000000001);
#159=CIRCLE('',#403,0.0999999999999999);
#160=CIRCLE('',#406,0.048);
#161=CIRCLE('',#407,0.048);
#162=CIRCLE('',#410,0.0499999999999999);
#163=CIRCLE('',#411,0.0499999999999999);
#164=CIRCLE('',#414,0.0499999999999999);
#165=CIRCLE('',#415,0.0499999999999999);
#166=CIRCLE('',#418,0.0499999999999999);
#167=CIRCLE('',#419,0.0499999999999999);
#168=CIRCLE('',#424,0.358000000000026);
#169=CIRCLE('',#428,0.199999999999999);
#170=CIRCLE('',#432,0.357999999999974);
#171=CIRCLE('',#436,0.2);
#172=CIRCLE('',#438,0.100000000000001);
#173=CIRCLE('',#439,0.0999999999999999);
#174=VERTEX_POINT('',#773);
#175=VERTEX_POINT('',#774);
#176=VERTEX_POINT('',#776);
#177=VERTEX_POINT('',#810);
#178=VERTEX_POINT('',#1249);
#179=VERTEX_POINT('',#1251);
#180=VERTEX_POINT('',#1256);
#181=VERTEX_POINT('',#1258);
#182=VERTEX_POINT('',#1263);
#183=VERTEX_POINT('',#1265);
#184=VERTEX_POINT('',#1270);
#185=VERTEX_POINT('',#1272);
#186=VERTEX_POINT('',#1277);
#187=VERTEX_POINT('',#1278);
#188=VERTEX_POINT('',#1280);
#189=VERTEX_POINT('',#1282);
#190=VERTEX_POINT('',#1286);
#191=VERTEX_POINT('',#1288);
#192=VERTEX_POINT('',#1292);
#193=VERTEX_POINT('',#1294);
#194=VERTEX_POINT('',#1298);
#195=VERTEX_POINT('',#1300);
#196=VERTEX_POINT('',#1304);
#197=VERTEX_POINT('',#1306);
#198=VERTEX_POINT('',#1310);
#199=VERTEX_POINT('',#1312);
#200=VERTEX_POINT('',#1316);
#201=VERTEX_POINT('',#1318);
#202=VERTEX_POINT('',#1556);
#203=VERTEX_POINT('',#1557);
#204=VERTEX_POINT('',#1559);
#205=VERTEX_POINT('',#1593);
#206=EDGE_CURVE('',#174,#175,#158,.T.);
#207=EDGE_CURVE('',#175,#176,#150,.T.);
#208=EDGE_CURVE('',#176,#177,#159,.T.);
#209=EDGE_CURVE('',#177,#174,#151,.T.);
#210=EDGE_CURVE('',#174,#177,#152,.T.);
#211=EDGE_CURVE('',#176,#175,#153,.T.);
#212=EDGE_CURVE('',#174,#177,#85,.T.);
#213=EDGE_CURVE('',#178,#178,#160,.T.);
#214=EDGE_CURVE('',#178,#179,#22,.T.);
#215=EDGE_CURVE('',#179,#179,#161,.T.);
#216=EDGE_CURVE('',#180,#180,#162,.T.);
#217=EDGE_CURVE('',#180,#181,#23,.T.);
#218=EDGE_CURVE('',#181,#181,#163,.T.);
#219=EDGE_CURVE('',#182,#182,#164,.T.);
#220=EDGE_CURVE('',#182,#183,#24,.T.);
#221=EDGE_CURVE('',#183,#183,#165,.T.);
#222=EDGE_CURVE('',#184,#184,#166,.T.);
#223=EDGE_CURVE('',#184,#185,#25,.T.);
#224=EDGE_CURVE('',#185,#185,#167,.T.);
#225=EDGE_CURVE('',#186,#187,#26,.T.);
#226=EDGE_CURVE('',#188,#186,#27,.T.);
#227=EDGE_CURVE('',#188,#189,#28,.T.);
#228=EDGE_CURVE('',#189,#187,#29,.T.);
#229=EDGE_CURVE('',#187,#190,#18,.T.);
#230=EDGE_CURVE('',#189,#191,#168,.T.);
#231=EDGE_CURVE('',#191,#190,#30,.T.);
#232=EDGE_CURVE('',#190,#192,#31,.T.);
#233=EDGE_CURVE('',#191,#193,#32,.T.);
#234=EDGE_CURVE('',#193,#192,#33,.T.);
#235=EDGE_CURVE('',#192,#194,#19,.T.);
#236=EDGE_CURVE('',#193,#195,#169,.T.);
#237=EDGE_CURVE('',#195,#194,#34,.T.);
#238=EDGE_CURVE('',#194,#196,#35,.T.);
#239=EDGE_CURVE('',#195,#197,#36,.T.);
#240=EDGE_CURVE('',#197,#196,#37,.T.);
#241=EDGE_CURVE('',#196,#198,#20,.T.);
#242=EDGE_CURVE('',#197,#199,#170,.T.);
#243=EDGE_CURVE('',#199,#198,#38,.T.);
#244=EDGE_CURVE('',#198,#200,#39,.T.);
#245=EDGE_CURVE('',#199,#201,#40,.T.);
#246=EDGE_CURVE('',#201,#200,#41,.T.);
#247=EDGE_CURVE('',#200,#186,#21,.T.);
#248=EDGE_CURVE('',#201,#188,#171,.T.);
#249=EDGE_CURVE('',#202,#203,#172,.T.);
#250=EDGE_CURVE('',#204,#202,#154,.T.);
#251=EDGE_CURVE('',#205,#204,#173,.T.);
#252=EDGE_CURVE('',#203,#205,#155,.T.);
#253=EDGE_CURVE('',#205,#203,#156,.T.);
#254=EDGE_CURVE('',#202,#204,#157,.T.);
#255=EDGE_CURVE('',#202,#204,#86,.T.);
#256=ORIENTED_EDGE('',*,*,#206,.T.);
#257=ORIENTED_EDGE('',*,*,#207,.T.);
#258=ORIENTED_EDGE('',*,*,#208,.T.);
#259=ORIENTED_EDGE('',*,*,#209,.T.);
#260=ORIENTED_EDGE('',*,*,#206,.F.);
#261=ORIENTED_EDGE('',*,*,#210,.T.);
#262=ORIENTED_EDGE('',*,*,#208,.F.);
#263=ORIENTED_EDGE('',*,*,#211,.T.);
#264=ORIENTED_EDGE('',*,*,#209,.F.);
#265=ORIENTED_EDGE('',*,*,#212,.F.);
#266=ORIENTED_EDGE('',*,*,#207,.F.);
#267=ORIENTED_EDGE('',*,*,#211,.F.);
#268=ORIENTED_EDGE('',*,*,#210,.F.);
#269=ORIENTED_EDGE('',*,*,#212,.T.);
#270=ORIENTED_EDGE('',*,*,#213,.F.);
#271=ORIENTED_EDGE('',*,*,#214,.T.);
#272=ORIENTED_EDGE('',*,*,#215,.F.);
#273=ORIENTED_EDGE('',*,*,#214,.F.);
#274=ORIENTED_EDGE('',*,*,#213,.T.);
#275=ORIENTED_EDGE('',*,*,#216,.F.);
#276=ORIENTED_EDGE('',*,*,#217,.T.);
#277=ORIENTED_EDGE('',*,*,#218,.F.);
#278=ORIENTED_EDGE('',*,*,#217,.F.);
#279=ORIENTED_EDGE('',*,*,#216,.T.);
#280=ORIENTED_EDGE('',*,*,#219,.F.);
#281=ORIENTED_EDGE('',*,*,#220,.T.);
#282=ORIENTED_EDGE('',*,*,#221,.F.);
#283=ORIENTED_EDGE('',*,*,#220,.F.);
#284=ORIENTED_EDGE('',*,*,#219,.T.);
#285=ORIENTED_EDGE('',*,*,#222,.F.);
#286=ORIENTED_EDGE('',*,*,#223,.T.);
#287=ORIENTED_EDGE('',*,*,#224,.F.);
#288=ORIENTED_EDGE('',*,*,#223,.F.);
#289=ORIENTED_EDGE('',*,*,#222,.T.);
#290=ORIENTED_EDGE('',*,*,#225,.F.);
#291=ORIENTED_EDGE('',*,*,#226,.F.);
#292=ORIENTED_EDGE('',*,*,#227,.T.);
#293=ORIENTED_EDGE('',*,*,#228,.T.);
#294=ORIENTED_EDGE('',*,*,#229,.F.);
#295=ORIENTED_EDGE('',*,*,#228,.F.);
#296=ORIENTED_EDGE('',*,*,#230,.T.);
#297=ORIENTED_EDGE('',*,*,#231,.T.);
#298=ORIENTED_EDGE('',*,*,#232,.F.);
#299=ORIENTED_EDGE('',*,*,#231,.F.);
#300=ORIENTED_EDGE('',*,*,#233,.T.);
#301=ORIENTED_EDGE('',*,*,#234,.T.);
#302=ORIENTED_EDGE('',*,*,#235,.F.);
#303=ORIENTED_EDGE('',*,*,#234,.F.);
#304=ORIENTED_EDGE('',*,*,#236,.T.);
#305=ORIENTED_EDGE('',*,*,#237,.T.);
#306=ORIENTED_EDGE('',*,*,#238,.F.);
#307=ORIENTED_EDGE('',*,*,#237,.F.);
#308=ORIENTED_EDGE('',*,*,#239,.T.);
#309=ORIENTED_EDGE('',*,*,#240,.T.);
#310=ORIENTED_EDGE('',*,*,#241,.F.);
#311=ORIENTED_EDGE('',*,*,#240,.F.);
#312=ORIENTED_EDGE('',*,*,#242,.T.);
#313=ORIENTED_EDGE('',*,*,#243,.T.);
#314=ORIENTED_EDGE('',*,*,#244,.F.);
#315=ORIENTED_EDGE('',*,*,#243,.F.);
#316=ORIENTED_EDGE('',*,*,#245,.T.);
#317=ORIENTED_EDGE('',*,*,#246,.T.);
#318=ORIENTED_EDGE('',*,*,#247,.F.);
#319=ORIENTED_EDGE('',*,*,#246,.F.);
#320=ORIENTED_EDGE('',*,*,#248,.T.);
#321=ORIENTED_EDGE('',*,*,#226,.T.);
#322=ORIENTED_EDGE('',*,*,#236,.F.);
#323=ORIENTED_EDGE('',*,*,#233,.F.);
#324=ORIENTED_EDGE('',*,*,#230,.F.);
#325=ORIENTED_EDGE('',*,*,#227,.F.);
#326=ORIENTED_EDGE('',*,*,#248,.F.);
#327=ORIENTED_EDGE('',*,*,#245,.F.);
#328=ORIENTED_EDGE('',*,*,#242,.F.);
#329=ORIENTED_EDGE('',*,*,#239,.F.);
#330=ORIENTED_EDGE('',*,*,#215,.T.);
#331=ORIENTED_EDGE('',*,*,#218,.T.);
#332=ORIENTED_EDGE('',*,*,#221,.T.);
#333=ORIENTED_EDGE('',*,*,#224,.T.);
#334=ORIENTED_EDGE('',*,*,#249,.F.);
#335=ORIENTED_EDGE('',*,*,#250,.F.);
#336=ORIENTED_EDGE('',*,*,#251,.F.);
#337=ORIENTED_EDGE('',*,*,#252,.F.);
#338=ORIENTED_EDGE('',*,*,#249,.T.);
#339=ORIENTED_EDGE('',*,*,#253,.F.);
#340=ORIENTED_EDGE('',*,*,#251,.T.);
#341=ORIENTED_EDGE('',*,*,#254,.F.);
#342=ORIENTED_EDGE('',*,*,#250,.T.);
#343=ORIENTED_EDGE('',*,*,#255,.T.);
#344=ORIENTED_EDGE('',*,*,#252,.T.);
#345=ORIENTED_EDGE('',*,*,#253,.T.);
#346=ORIENTED_EDGE('',*,*,#238,.T.);
#347=ORIENTED_EDGE('',*,*,#241,.T.);
#348=ORIENTED_EDGE('',*,*,#244,.T.);
#349=ORIENTED_EDGE('',*,*,#247,.T.);
#350=ORIENTED_EDGE('',*,*,#225,.T.);
#351=ORIENTED_EDGE('',*,*,#229,.T.);
#352=ORIENTED_EDGE('',*,*,#232,.T.);
#353=ORIENTED_EDGE('',*,*,#235,.T.);
#354=ORIENTED_EDGE('',*,*,#254,.T.);
#355=ORIENTED_EDGE('',*,*,#255,.F.);
#356=B_SPLINE_SURFACE_WITH_KNOTS('',3,3,((#542,#543,#544,#545,#546,#547,
#548,#549,#550,#551,#552,#553,#554,#555,#556,#557,#558,#559,#560,#561,#562,
#563,#564,#565,#566,#567,#568,#569,#570,#571,#572,#573,#574),(#575,#576,
#577,#578,#579,#580,#581,#582,#583,#584,#585,#586,#587,#588,#589,#590,#591,
#592,#593,#594,#595,#596,#597,#598,#599,#600,#601,#602,#603,#604,#605,#606,
#607),(#608,#609,#610,#611,#612,#613,#614,#615,#616,#617,#618,#619,#620,
#621,#622,#623,#624,#625,#626,#627,#628,#629,#630,#631,#632,#633,#634,#635,
#636,#637,#638,#639,#640),(#641,#642,#643,#644,#645,#646,#647,#648,#649,
#650,#651,#652,#653,#654,#655,#656,#657,#658,#659,#660,#661,#662,#663,#664,
#665,#666,#667,#668,#669,#670,#671,#672,#673),(#674,#675,#676,#677,#678,
#679,#680,#681,#682,#683,#684,#685,#686,#687,#688,#689,#690,#691,#692,#693,
#694,#695,#696,#697,#698,#699,#700,#701,#702,#703,#704,#705,#706),(#707,
#708,#709,#710,#711,#712,#713,#714,#715,#716,#717,#718,#719,#720,#721,#722,
#723,#724,#725,#726,#727,#728,#729,#730,#731,#732,#733,#734,#735,#736,#737,
#738,#739),(#740,#741,#742,#743,#744,#745,#746,#747,#748,#749,#750,#751,
#752,#753,#754,#755,#756,#757,#758,#759,#760,#761,#762,#763,#764,#765,#766,
#767,#768,#769,#770,#771,#772)),.UNSPECIFIED.,.F.,.F.,.F.,(4,1,1,1,4),(4,
1,1,1,1,1,1,1,1,1,1,1,1,1,1,1,1,1,1,1,1,1,1,1,1,1,1,1,1,1,4),(0.,0.285714285714286,
0.571428571428571,0.785714285714286,1.),(0.,0.0334659768604704,0.0669319537209409,
0.133863907441882,0.267727814883764,0.535455629767527,0.803183444651291,
1.07091125953505,1.60636688930258,2.14182251907011,2.67727814883764,3.21273377860516,
3.9266746182952,4.28364503814022,4.64061545798524,5.35455629767527,6.06849713736531,
6.42546755721033,6.69319537209409,6.96092318697785,7.22865100186162,7.3625149093035,
7.42944686302444,7.44617985145467,7.46291283988491,7.46709608699247,7.47127933410003,
7.47964582831515,7.48801232253026,7.49219556963782,7.49637881674538),
 .UNSPECIFIED.);
#357=B_SPLINE_SURFACE_WITH_KNOTS('',3,3,((#845,#846,#847,#848,#849,#850,
#851,#852,#853,#854,#855,#856,#857,#858,#859,#860,#861,#862,#863,#864,#865,
#866,#867,#868,#869,#870,#871,#872,#873,#874,#875,#876,#877),(#878,#879,
#880,#881,#882,#883,#884,#885,#886,#887,#888,#889,#890,#891,#892,#893,#894,
#895,#896,#897,#898,#899,#900,#901,#902,#903,#904,#905,#906,#907,#908,#909,
#910),(#911,#912,#913,#914,#915,#916,#917,#918,#919,#920,#921,#922,#923,
#924,#925,#926,#927,#928,#929,#930,#931,#932,#933,#934,#935,#936,#937,#938,
#939,#940,#941,#942,#943),(#944,#945,#946,#947,#948,#949,#950,#951,#952,
#953,#954,#955,#956,#957,#958,#959,#960,#961,#962,#963,#964,#965,#966,#967,
#968,#969,#970,#971,#972,#973,#974,#975,#976),(#977,#978,#979,#980,#981,
#982,#983,#984,#985,#986,#987,#988,#989,#990,#991,#992,#993,#994,#995,#996,
#997,#998,#999,#1000,#1001,#1002,#1003,#1004,#1005,#1006,#1007,#1008,#1009),
(#1010,#1011,#1012,#1013,#1014,#1015,#1016,#1017,#1018,#1019,#1020,#1021,
#1022,#1023,#1024,#1025,#1026,#1027,#1028,#1029,#1030,#1031,#1032,#1033,
#1034,#1035,#1036,#1037,#1038,#1039,#1040,#1041,#1042),(#1043,#1044,#1045,
#1046,#1047,#1048,#1049,#1050,#1051,#1052,#1053,#1054,#1055,#1056,#1057,
#1058,#1059,#1060,#1061,#1062,#1063,#1064,#1065,#1066,#1067,#1068,#1069,
#1070,#1071,#1072,#1073,#1074,#1075)),.UNSPECIFIED.,.F.,.F.,.F.,(4,1,1,
1,4),(4,1,1,1,1,1,1,1,1,1,1,1,1,1,1,1,1,1,1,1,1,1,1,1,1,1,1,1,1,1,4),(0.,
0.285714285714286,0.571428571428571,0.785714285714286,1.),(-1.83805822064917E-15,
0.00418337568560064,0.00836675137120312,0.0167335027424081,0.0251002541136131,
0.0292836297992155,0.033467005484818,0.0669340109696379,0.133868021939278,
0.200802032908917,0.267736043878557,0.535472087757116,1.07094417551423,
1.60641626327135,2.14188835102847,2.49886974286655,2.85585113470463,3.2128325265427,
3.92679531021886,4.28377670205694,4.81924878981406,5.35472087757117,5.89019296532829,
6.42566505308541,6.69340109696397,6.96113714084253,7.22887318472109,7.36274120666037,
7.42967521763,7.46314222311482,7.49660922859964),.UNSPECIFIED.);
#358=B_SPLINE_SURFACE_WITH_KNOTS('',3,3,((#1325,#1326,#1327,#1328,#1329,
#1330,#1331,#1332,#1333,#1334,#1335,#1336,#1337,#1338,#1339,#1340,#1341,
#1342,#1343,#1344,#1345,#1346,#1347,#1348,#1349,#1350,#1351,#1352,#1353,
#1354,#1355,#1356,#1357),(#1358,#1359,#1360,#1361,#1362,#1363,#1364,#1365,
#1366,#1367,#1368,#1369,#1370,#1371,#1372,#1373,#1374,#1375,#1376,#1377,
#1378,#1379,#1380,#1381,#1382,#1383,#1384,#1385,#1386,#1387,#1388,#1389,
#1390),(#1391,#1392,#1393,#1394,#1395,#1396,#1397,#1398,#1399,#1400,#1401,
#1402,#1403,#1404,#1405,#1406,#1407,#1408,#1409,#1410,#1411,#1412,#1413,
#1414,#1415,#1416,#1417,#1418,#1419,#1420,#1421,#1422,#1423),(#1424,#1425,
#1426,#1427,#1428,#1429,#1430,#1431,#1432,#1433,#1434,#1435,#1436,#1437,
#1438,#1439,#1440,#1441,#1442,#1443,#1444,#1445,#1446,#1447,#1448,#1449,
#1450,#1451,#1452,#1453,#1454,#1455,#1456),(#1457,#1458,#1459,#1460,#1461,
#1462,#1463,#1464,#1465,#1466,#1467,#1468,#1469,#1470,#1471,#1472,#1473,
#1474,#1475,#1476,#1477,#1478,#1479,#1480,#1481,#1482,#1483,#1484,#1485,
#1486,#1487,#1488,#1489),(#1490,#1491,#1492,#1493,#1494,#1495,#1496,#1497,
#1498,#1499,#1500,#1501,#1502,#1503,#1504,#1505,#1506,#1507,#1508,#1509,
#1510,#1511,#1512,#1513,#1514,#1515,#1516,#1517,#1518,#1519,#1520,#1521,
#1522),(#1523,#1524,#1525,#1526,#1527,#1528,#1529,#1530,#1531,#1532,#1533,
#1534,#1535,#1536,#1537,#1538,#1539,#1540,#1541,#1542,#1543,#1544,#1545,
#1546,#1547,#1548,#1549,#1550,#1551,#1552,#1553,#1554,#1555)),
 .UNSPECIFIED.,.F.,.F.,.F.,(4,1,1,1,4),(4,1,1,1,1,1,1,1,1,1,1,1,1,1,1,1,
1,1,1,1,1,1,1,1,1,1,1,1,1,1,4),(0.,0.285714285714286,0.571428571428571,
0.785714285714286,1.),(0.,0.0334659768604704,0.0669319537209409,0.133863907441882,
0.267727814883764,0.535455629767527,0.803183444651291,1.07091125953505,
1.60636688930258,2.14182251907011,2.67727814883764,3.21273377860516,3.9266746182952,
4.28364503814022,4.64061545798524,5.35455629767527,6.06849713736531,6.42546755721033,
6.69319537209409,6.96092318697785,7.22865100186162,7.3625149093035,7.42944686302444,
7.44617985145467,7.46291283988491,7.46709608699247,7.47127933410003,7.47964582831515,
7.48801232253026,7.49219556963782,7.49637881674538),.UNSPECIFIED.);
#359=B_SPLINE_SURFACE_WITH_KNOTS('',3,3,((#1628,#1629,#1630,#1631,#1632,
#1633,#1634,#1635,#1636,#1637,#1638,#1639,#1640,#1641,#1642,#1643,#1644,
#1645,#1646,#1647,#1648,#1649,#1650,#1651,#1652,#1653,#1654,#1655,#1656,
#1657,#1658,#1659,#1660),(#1661,#1662,#1663,#1664,#1665,#1666,#1667,#1668,
#1669,#1670,#1671,#1672,#1673,#1674,#1675,#1676,#1677,#1678,#1679,#1680,
#1681,#1682,#1683,#1684,#1685,#1686,#1687,#1688,#1689,#1690,#1691,#1692,
#1693),(#1694,#1695,#1696,#1697,#1698,#1699,#1700,#1701,#1702,#1703,#1704,
#1705,#1706,#1707,#1708,#1709,#1710,#1711,#1712,#1713,#1714,#1715,#1716,
#1717,#1718,#1719,#1720,#1721,#1722,#1723,#1724,#1725,#1726),(#1727,#1728,
#1729,#1730,#1731,#1732,#1733,#1734,#1735,#1736,#1737,#1738,#1739,#1740,
#1741,#1742,#1743,#1744,#1745,#1746,#1747,#1748,#1749,#1750,#1751,#1752,
#1753,#1754,#1755,#1756,#1757,#1758,#1759),(#1760,#1761,#1762,#1763,#1764,
#1765,#1766,#1767,#1768,#1769,#1770,#1771,#1772,#1773,#1774,#1775,#1776,
#1777,#1778,#1779,#1780,#1781,#1782,#1783,#1784,#1785,#1786,#1787,#1788,
#1789,#1790,#1791,#1792),(#1793,#1794,#1795,#1796,#1797,#1798,#1799,#1800,
#1801,#1802,#1803,#1804,#1805,#1806,#1807,#1808,#1809,#1810,#1811,#1812,
#1813,#1814,#1815,#1816,#1817,#1818,#1819,#1820,#1821,#1822,#1823,#1824,
#1825),(#1826,#1827,#1828,#1829,#1830,#1831,#1832,#1833,#1834,#1835,#1836,
#1837,#1838,#1839,#1840,#1841,#1842,#1843,#1844,#1845,#1846,#1847,#1848,
#1849,#1850,#1851,#1852,#1853,#1854,#1855,#1856,#1857,#1858)),
 .UNSPECIFIED.,.F.,.F.,.F.,(4,1,1,1,4),(4,1,1,1,1,1,1,1,1,1,1,1,1,1,1,1,
1,1,1,1,1,1,1,1,1,1,1,1,1,1,4),(0.,0.285714285714286,0.571428571428571,
0.785714285714286,1.),(-1.83805822064917E-15,0.00418337568560064,0.00836675137120312,
0.0167335027424081,0.0251002541136131,0.0292836297992155,0.033467005484818,
0.0669340109696379,0.133868021939278,0.200802032908917,0.267736043878557,
0.535472087757116,1.07094417551423,1.60641626327135,2.14188835102847,2.49886974286655,
2.85585113470463,3.2128325265427,3.92679531021886,4.28377670205694,4.81924878981406,
5.35472087757117,5.89019296532829,6.42566505308541,6.69340109696397,6.96113714084253,
7.22887318472109,7.36274120666037,7.42967521763,7.46314222311482,7.49660922859964),
 .UNSPECIFIED.);
#360=ADVANCED_FACE('',(#91),#356,.F.);
#361=ADVANCED_FACE('',(#92),#357,.F.);
#362=ADVANCED_FACE('',(#93),#87,.T.);
#363=ADVANCED_FACE('',(#94),#74,.T.);
#364=ADVANCED_FACE('',(#95),#88,.T.);
#365=ADVANCED_FACE('',(#96),#62,.T.);
#366=ADVANCED_FACE('',(#97),#75,.F.);
#367=ADVANCED_FACE('',(#98),#63,.T.);
#368=ADVANCED_FACE('',(#99),#76,.F.);
#369=ADVANCED_FACE('',(#100),#64,.T.);
#370=ADVANCED_FACE('',(#101),#77,.F.);
#371=ADVANCED_FACE('',(#102),#65,.T.);
#372=ADVANCED_FACE('',(#103),#78,.F.);
#373=ADVANCED_FACE('',(#104),#79,.F.);
#374=ADVANCED_FACE('',(#105),#66,.F.);
#375=ADVANCED_FACE('',(#106),#80,.F.);
#376=ADVANCED_FACE('',(#107),#67,.F.);
#377=ADVANCED_FACE('',(#108),#81,.F.);
#378=ADVANCED_FACE('',(#109),#68,.F.);
#379=ADVANCED_FACE('',(#110),#82,.F.);
#380=ADVANCED_FACE('',(#111),#69,.F.);
#381=ADVANCED_FACE('',(#112,#13,#14,#15,#16),#83,.F.);
#382=ADVANCED_FACE('',(#113),#358,.T.);
#383=ADVANCED_FACE('',(#114),#359,.T.);
#384=ADVANCED_FACE('',(#115),#89,.F.);
#385=ADVANCED_FACE('',(#116,#17),#84,.F.);
#386=ADVANCED_FACE('',(#117),#90,.F.);
#387=CLOSED_SHELL('',(#360,#361,#362,#363,#364));
#388=CLOSED_SHELL('',(#365,#366,#367,#368,#369,#370,#371,#372,#373,#374,
#375,#376,#377,#378,#379,#380,#381,#382,#383,#384,#385,#386));
#389=DERIVED_UNIT_ELEMENT(#391,1.);
#390=DERIVED_UNIT_ELEMENT(#2036,-3.);
#391=(
MASS_UNIT()
NAMED_UNIT(*)
SI_UNIT(.KILO.,.GRAM.)
);
#392=DERIVED_UNIT((#389,#390));
#393=MEASURE_REPRESENTATION_ITEM('density measure',
POSITIVE_RATIO_MEASURE(7850.),#392);
#394=PROPERTY_DEFINITION_REPRESENTATION(#399,#396);
#395=PROPERTY_DEFINITION_REPRESENTATION(#400,#397);
#396=REPRESENTATION('material name',(#398),#2033);
#397=REPRESENTATION('density',(#393),#2033);
#398=DESCRIPTIVE_REPRESENTATION_ITEM('Steel','Steel');
#399=PROPERTY_DEFINITION('material property','material name',#2043);
#400=PROPERTY_DEFINITION('material property','density of part',#2043);
#401=AXIS2_PLACEMENT_3D('',#541,#441,#442);
#402=AXIS2_PLACEMENT_3D('',#775,#443,#444);
#403=AXIS2_PLACEMENT_3D('',#811,#445,#446);
#404=AXIS2_PLACEMENT_3D('',#1202,#447,#448);
#405=AXIS2_PLACEMENT_3D('',#1248,#449,#450);
#406=AXIS2_PLACEMENT_3D('',#1250,#451,#452);
#407=AXIS2_PLACEMENT_3D('',#1253,#454,#455);
#408=AXIS2_PLACEMENT_3D('',#1254,#456,#457);
#409=AXIS2_PLACEMENT_3D('',#1255,#458,#459);
#410=AXIS2_PLACEMENT_3D('',#1257,#460,#461);
#411=AXIS2_PLACEMENT_3D('',#1260,#463,#464);
#412=AXIS2_PLACEMENT_3D('',#1261,#465,#466);
#413=AXIS2_PLACEMENT_3D('',#1262,#467,#468);
#414=AXIS2_PLACEMENT_3D('',#1264,#469,#470);
#415=AXIS2_PLACEMENT_3D('',#1267,#472,#473);
#416=AXIS2_PLACEMENT_3D('',#1268,#474,#475);
#417=AXIS2_PLACEMENT_3D('',#1269,#476,#477);
#418=AXIS2_PLACEMENT_3D('',#1271,#478,#479);
#419=AXIS2_PLACEMENT_3D('',#1274,#481,#482);
#420=AXIS2_PLACEMENT_3D('',#1275,#483,#484);
#421=AXIS2_PLACEMENT_3D('',#1276,#485,#486);
#422=AXIS2_PLACEMENT_3D('',#1285,#491,#492);
#423=AXIS2_PLACEMENT_3D('',#1287,#493,#494);
#424=AXIS2_PLACEMENT_3D('',#1289,#495,#496);
#425=AXIS2_PLACEMENT_3D('',#1291,#498,#499);
#426=AXIS2_PLACEMENT_3D('',#1297,#503,#504);
#427=AXIS2_PLACEMENT_3D('',#1299,#505,#506);
#428=AXIS2_PLACEMENT_3D('',#1301,#507,#508);
#429=AXIS2_PLACEMENT_3D('',#1303,#510,#511);
#430=AXIS2_PLACEMENT_3D('',#1309,#515,#516);
#431=AXIS2_PLACEMENT_3D('',#1311,#517,#518);
#432=AXIS2_PLACEMENT_3D('',#1313,#519,#520);
#433=AXIS2_PLACEMENT_3D('',#1315,#522,#523);
#434=AXIS2_PLACEMENT_3D('',#1321,#527,#528);
#435=AXIS2_PLACEMENT_3D('',#1322,#529,#530);
#436=AXIS2_PLACEMENT_3D('',#1323,#531,#532);
#437=AXIS2_PLACEMENT_3D('',#1324,#533,#534);
#438=AXIS2_PLACEMENT_3D('',#1558,#535,#536);
#439=AXIS2_PLACEMENT_3D('',#1594,#537,#538);
#440=AXIS2_PLACEMENT_3D('',#1985,#539,#540);
#441=DIRECTION('axis',(0.,0.,1.));
#442=DIRECTION('refdir',(1.,0.,0.));
#443=DIRECTION('center_axis',(-2.58399759936107E-14,1.,-6.34896666284755E-14));
#444=DIRECTION('ref_axis',(-0.870915397187224,8.69648292800547E-15,0.491432977060168));
#445=DIRECTION('center_axis',(2.89861341840266E-15,1.,-7.0919944215824E-16));
#446=DIRECTION('ref_axis',(0.975052421214651,-2.98372437868011E-15,-0.221974719018734));
#447=DIRECTION('center_axis',(0.975052421214654,6.12323399573677E-17,-0.221974719018722));
#448=DIRECTION('ref_axis',(0.0492727758834408,-0.975052421214654,0.216436987227648));
#449=DIRECTION('center_axis',(-0.982287250728696,-1.76941794549635E-15,
-0.187381314585684));
#450=DIRECTION('ref_axis',(-1.80096811078209E-15,1.,-1.86748239507894E-18));
#451=DIRECTION('center_axis',(-0.982287250728696,-1.75945173088626E-15,
-0.187381314585686));
#452=DIRECTION('ref_axis',(-1.79117842523258E-15,1.,1.19891194233786E-30));
#453=DIRECTION('',(0.982287250728696,1.76941794549635E-15,0.187381314585684));
#454=DIRECTION('center_axis',(0.982287250728696,3.90699036051733E-15,0.187381314585685));
#455=DIRECTION('ref_axis',(-1.80096811078209E-15,1.,-1.86748239507894E-18));
#456=DIRECTION('center_axis',(0.982287250728696,1.75945173088626E-15,0.187381314585686));
#457=DIRECTION('ref_axis',(-1.79117842523258E-15,1.,1.19891194233786E-30));
#458=DIRECTION('center_axis',(-0.982287250728696,-1.76941794549635E-15,
-0.187381314585684));
#459=DIRECTION('ref_axis',(-1.80096811078209E-15,1.,-1.86748239507897E-18));
#460=DIRECTION('center_axis',(-0.982287250728696,-1.75945173088626E-15,
-0.187381314585685));
#461=DIRECTION('ref_axis',(-1.79117842523258E-15,1.,1.19891194233786E-30));
#462=DIRECTION('',(0.982287250728696,1.76941794549635E-15,0.187381314585684));
#463=DIRECTION('center_axis',(0.982287250728696,3.90699036051733E-15,0.187381314585685));
#464=DIRECTION('ref_axis',(-1.80096811078209E-15,1.,-1.86748239507897E-18));
#465=DIRECTION('center_axis',(0.982287250728696,1.75945173088626E-15,0.187381314585685));
#466=DIRECTION('ref_axis',(-1.79117842523258E-15,1.,1.19891194233786E-30));
#467=DIRECTION('center_axis',(-0.982287250728696,-1.76941794549635E-15,
-0.187381314585684));
#468=DIRECTION('ref_axis',(-1.80096811078209E-15,1.,-1.86748239507897E-18));
#469=DIRECTION('center_axis',(-0.982287250728696,-1.75945173088626E-15,
-0.187381314585685));
#470=DIRECTION('ref_axis',(-1.79117842523258E-15,1.,1.23994327337352E-30));
#471=DIRECTION('',(0.982287250728696,1.76941794549635E-15,0.187381314585684));
#472=DIRECTION('center_axis',(0.982287250728696,3.90699036051733E-15,0.187381314585685));
#473=DIRECTION('ref_axis',(-1.80096811078209E-15,1.,-1.86748239507897E-18));
#474=DIRECTION('center_axis',(0.982287250728696,1.75945173088626E-15,0.187381314585685));
#475=DIRECTION('ref_axis',(-1.79117842523258E-15,1.,1.23994327337352E-30));
#476=DIRECTION('center_axis',(-0.982287250728696,-1.76941794549635E-15,
-0.187381314585684));
#477=DIRECTION('ref_axis',(-1.80096811078209E-15,1.,-1.86748239507897E-18));
#478=DIRECTION('center_axis',(-0.982287250728696,-1.75945173088626E-15,
-0.187381314585685));
#479=DIRECTION('ref_axis',(-1.79117842523258E-15,1.,1.14631350289928E-30));
#480=DIRECTION('',(0.982287250728696,1.76941794549635E-15,0.187381314585684));
#481=DIRECTION('center_axis',(0.982287250728696,3.90699036051733E-15,0.187381314585685));
#482=DIRECTION('ref_axis',(-1.80096811078209E-15,1.,-1.86748239507897E-18));
#483=DIRECTION('center_axis',(0.982287250728696,1.75945173088626E-15,0.187381314585685));
#484=DIRECTION('ref_axis',(-1.79117842523258E-15,1.,1.14631350289928E-30));
#485=DIRECTION('center_axis',(0.0208432712328231,0.993794184321445,-0.109264254233438));
#486=DIRECTION('ref_axis',(0.186218460685763,-0.111234523457758,-0.976191357107279));
#487=DIRECTION('',(-0.220598888935262,0.111165913665302,0.969008911124911));
#488=DIRECTION('',(-0.982287250728696,-3.92047505570758E-15,-0.187381314585686));
#489=DIRECTION('',(-0.186218460685763,0.111234523457758,0.976191357107279));
#490=DIRECTION('',(-0.982287250728696,-3.92047505570758E-15,-0.187381314585686));
#491=DIRECTION('center_axis',(-0.982287250728696,-3.92047505570758E-15,
-0.187381314585686));
#492=DIRECTION('ref_axis',(0.0208432712328221,0.993794184321445,-0.109264254233433));
#493=DIRECTION('center_axis',(0.975052421214654,-6.12323399573677E-17,0.221974719018722));
#494=DIRECTION('ref_axis',(0.221974719018722,1.2526760371751E-13,-0.975052421214654));
#495=DIRECTION('center_axis',(0.982287250728696,3.9106323644339E-15,0.187381314585685));
#496=DIRECTION('ref_axis',(0.020843271232822,0.993794184321445,-0.109264254233433));
#497=DIRECTION('',(-0.982287250728696,-3.92047505570758E-15,-0.187381314585686));
#498=DIRECTION('center_axis',(-0.021134630424978,0.993618913856214,0.110791612606718));
#499=DIRECTION('ref_axis',(0.186185618275576,0.112789423383566,-0.976019191163854));
#500=DIRECTION('',(-0.220560030989538,-0.112719879038271,0.968838222614845));
#501=DIRECTION('',(-0.186185618275576,-0.112789423383566,0.976019191163854));
#502=DIRECTION('',(-0.982287250728696,-3.92047505570758E-15,-0.187381314585686));
#503=DIRECTION('center_axis',(-0.982287250728696,-3.92047505570758E-15,
-0.187381314585686));
#504=DIRECTION('ref_axis',(-0.0211346151258475,0.993618923124274,0.110791532405867));
#505=DIRECTION('center_axis',(0.975052421214654,-6.12323399573677E-17,0.221974719018722));
#506=DIRECTION('ref_axis',(-0.221974719018722,-9.32351646280462E-14,0.975052421214654));
#507=DIRECTION('center_axis',(0.982287250728696,1.21414349401476E-15,0.187381314585685));
#508=DIRECTION('ref_axis',(-0.0211346151258448,0.993618923124274,0.110791532405867));
#509=DIRECTION('',(-0.982287250728696,-3.92047505570758E-15,-0.187381314585686));
#510=DIRECTION('center_axis',(-0.0211600090547009,-0.993603530381202,0.110924652042804));
#511=DIRECTION('ref_axis',(-0.186182735699807,0.112924861806478,0.976004080172478));
#512=DIRECTION('',(0.220556620429474,-0.112855236105771,-0.968823241292363));
#513=DIRECTION('',(0.186182735699807,-0.112924861806478,-0.976004080172478));
#514=DIRECTION('',(-0.982287250728696,-3.92047505570758E-15,-0.187381314585686));
#515=DIRECTION('center_axis',(-0.982287250728696,-3.92047505570758E-15,
-0.187381314585686));
#516=DIRECTION('ref_axis',(-0.0211600090547018,-0.993603530381201,0.110924652042808));
#517=DIRECTION('center_axis',(0.975052421214654,-6.12323399573677E-17,0.221974719018722));
#518=DIRECTION('ref_axis',(-0.221974719018722,-1.35243298153051E-13,0.975052421214654));
#519=DIRECTION('center_axis',(0.982287250728696,3.90699036051733E-15,0.187381314585685));
#520=DIRECTION('ref_axis',(-0.0211600090547017,-0.993603530381201,0.110924652042808));
#521=DIRECTION('',(-0.982287250728696,-3.92047505570758E-15,-0.187381314585686));
#522=DIRECTION('center_axis',(0.0214513119585486,-0.993425615198138,-0.112451715342443));
#523=DIRECTION('ref_axis',(-0.186149397718921,-0.114479461337835,0.975829316356443));
#524=DIRECTION('',(0.220517176114324,0.114408902375015,-0.968649977079393));
#525=DIRECTION('',(0.186149397718921,0.114479461337835,-0.975829316356443));
#526=DIRECTION('',(-0.982287250728696,-3.92047505570758E-15,-0.187381314585686));
#527=DIRECTION('center_axis',(-0.982287250728696,-3.92047505570758E-15,
-0.187381314585686));
#528=DIRECTION('ref_axis',(0.0214513119585491,-0.993425615198138,-0.112451715342446));
#529=DIRECTION('center_axis',(0.975052421214654,-6.12323399573677E-17,0.221974719018722));
#530=DIRECTION('ref_axis',(0.221974719018722,1.03082240401332E-13,-0.975052421214654));
#531=DIRECTION('center_axis',(0.982287250728696,6.59705182986478E-16,0.187381314585685));
#532=DIRECTION('ref_axis',(0.0214513119585459,-0.993425615198138,-0.112451715342447));
#533=DIRECTION('center_axis',(0.982287250728696,3.90699036051733E-15,0.187381314585685));
#534=DIRECTION('ref_axis',(-3.90067824156655E-15,1.,-4.0240861154381E-16));
#535=DIRECTION('center_axis',(-2.58399759936107E-14,-1.,6.34896666284755E-14));
#536=DIRECTION('ref_axis',(0.870915397187224,8.69648292800547E-15,0.491432977060168));
#537=DIRECTION('center_axis',(2.89861341840266E-15,-1.,7.0919944215824E-16));
#538=DIRECTION('ref_axis',(-0.975052421214651,-2.98372437868011E-15,-0.221974719018734));
#539=DIRECTION('center_axis',(0.975052421214654,-6.12323399573677E-17,0.221974719018722));
#540=DIRECTION('ref_axis',(-0.0492727758834408,-0.975052421214654,0.216436987227648));
#541=CARTESIAN_POINT('',(0.,0.,0.));
#542=CARTESIAN_POINT('Ctrl Pts',(-6.60720413177081,-5.3776427755281E-17,
4.86682270871659));
#543=CARTESIAN_POINT('Ctrl Pts',(-6.60720413177081,0.0149563204587556,4.86682270871659));
#544=CARTESIAN_POINT('Ctrl Pts',(-6.60580849086308,0.0447984129915956,4.86802162506242));
#545=CARTESIAN_POINT('Ctrl Pts',(-6.59945750606244,0.100438003715632,4.87481673829524));
#546=CARTESIAN_POINT('Ctrl Pts',(-6.5870849188397,0.186907836781721,4.89577469966073));
#547=CARTESIAN_POINT('Ctrl Pts',(-6.56684303325906,0.343884793097585,4.95803488920003));
#548=CARTESIAN_POINT('Ctrl Pts',(-6.53567734453974,0.549028438842669,5.08511179726609));
#549=CARTESIAN_POINT('Ctrl Pts',(-6.48834826803837,0.753324130282316,5.28754257497048));
#550=CARTESIAN_POINT('Ctrl Pts',(-6.41526196431335,0.959486895565588,5.60408416714183));
#551=CARTESIAN_POINT('Ctrl Pts',(-6.31469130281484,1.10337718320609,6.04212689790003));
#552=CARTESIAN_POINT('Ctrl Pts',(-6.1928354501735,1.166231735544,6.57558903990279));
#553=CARTESIAN_POINT('Ctrl Pts',(-6.07191689577652,1.16548625510106,7.10670727023066));
#554=CARTESIAN_POINT('Ctrl Pts',(-5.93891282767005,1.11885352332074,7.69254534060368));
#555=CARTESIAN_POINT('Ctrl Pts',(-5.82092491802213,1.04424434669684,8.21381941527331));
#556=CARTESIAN_POINT('Ctrl Pts',(-5.71719072404574,0.961345876141407,8.67369037633006));
#557=CARTESIAN_POINT('Ctrl Pts',(-5.61415972427549,0.868808491571356,9.13170259362136));
#558=CARTESIAN_POINT('Ctrl Pts',(-5.48691920030534,0.737856399431072,9.70066057861141));
#559=CARTESIAN_POINT('Ctrl Pts',(-5.3623071602522,0.590730647128943,10.2657369082873));
#560=CARTESIAN_POINT('Ctrl Pts',(-5.27203130897405,0.471318956732978,10.6879129923534));
#561=CARTESIAN_POINT('Ctrl Pts',(-5.21427173060728,0.387390978367494,10.9686570957053));
#562=CARTESIAN_POINT('Ctrl Pts',(-5.16572880997413,0.306414851495983,11.2211487706515));
#563=CARTESIAN_POINT('Ctrl Pts',(-5.13109444834455,0.230772263120861,11.4313443345877));
#564=CARTESIAN_POINT('Ctrl Pts',(-5.11612531788983,0.159979649358395,11.5775760356126));
#565=CARTESIAN_POINT('Ctrl Pts',(-5.11393253084473,0.110305388189295,11.6437992291494));
#566=CARTESIAN_POINT('Ctrl Pts',(-5.11413770633183,0.0771924888900993,11.6719444481788));
#567=CARTESIAN_POINT('Ctrl Pts',(-5.11437193599004,0.0622517506422011,11.6816505110403));
#568=CARTESIAN_POINT('Ctrl Pts',(-5.11457132651906,0.0507223695436966,11.6874735217538));
#569=CARTESIAN_POINT('Ctrl Pts',(-5.11470971869266,0.0425512525504026,11.6911051338424));
#570=CARTESIAN_POINT('Ctrl Pts',(-5.11488500821025,0.0314534366334725,11.6950765834536));
#571=CARTESIAN_POINT('Ctrl Pts',(-5.11502642632049,0.0188442636313034,11.6978780252233));
#572=CARTESIAN_POINT('Ctrl Pts',(-5.11508899450244,0.00832200726531402,
11.6990643541919));
#573=CARTESIAN_POINT('Ctrl Pts',(-5.11510065034647,0.00273064782537691,
11.699281558684));
#574=CARTESIAN_POINT('Ctrl Pts',(-5.11510065034647,0.,11.699281558684));
#575=CARTESIAN_POINT('Ctrl Pts',(-6.59183661727658,3.08786934055732E-17,
4.8569392718136));
#576=CARTESIAN_POINT('Ctrl Pts',(-6.59183661727658,0.0152089102291496,4.8569392718136));
#577=CARTESIAN_POINT('Ctrl Pts',(-6.59040858577463,0.0455465461827478,4.85841228154683));
#578=CARTESIAN_POINT('Ctrl Pts',(-6.58397088087483,0.1016815440016,4.86631943870616));
#579=CARTESIAN_POINT('Ctrl Pts',(-6.57161309455818,0.188202023575021,4.88888288215182));
#580=CARTESIAN_POINT('Ctrl Pts',(-6.55150973059195,0.345091668696253,4.95234433919491));
#581=CARTESIAN_POINT('Ctrl Pts',(-6.52038345224394,0.550359226261916,5.07998356896694));
#582=CARTESIAN_POINT('Ctrl Pts',(-6.47304387384674,0.754805022013223,5.28288148473432));
#583=CARTESIAN_POINT('Ctrl Pts',(-6.39992627390553,0.961059043073133,5.59990926975944));
#584=CARTESIAN_POINT('Ctrl Pts',(-6.2993367155602,1.10490553355556,6.03833110652818));
#585=CARTESIAN_POINT('Ctrl Pts',(-6.17746296863543,1.16771454639704,6.57201669046751));
#586=CARTESIAN_POINT('Ctrl Pts',(-6.05651475434856,1.16696624727102,7.10326774130994));
#587=CARTESIAN_POINT('Ctrl Pts',(-5.92345923169409,1.12038441691983,7.68920395006858));
#588=CARTESIAN_POINT('Ctrl Pts',(-5.80540141045947,1.04587690866448,8.21054556044951));
#589=CARTESIAN_POINT('Ctrl Pts',(-5.70157959019456,0.963125907899334,8.67047685925635));
#590=CARTESIAN_POINT('Ctrl Pts',(-5.59843859638631,0.870783907670952,9.12855107539261));
#591=CARTESIAN_POINT('Ctrl Pts',(-5.4710091875358,0.740196998043474,9.69761025598283));
#592=CARTESIAN_POINT('Ctrl Pts',(-5.34607949424134,0.593749492055903,10.2628431355527));
#593=CARTESIAN_POINT('Ctrl Pts',(-5.25540866870126,0.475361400815574,10.6852892066441));
#594=CARTESIAN_POINT('Ctrl Pts',(-5.19727622893099,0.39260620560182,10.9663380998161));
#595=CARTESIAN_POINT('Ctrl Pts',(-5.14832660684533,0.313355947192377,11.2194188839543));
#596=CARTESIAN_POINT('Ctrl Pts',(-5.11329488969141,0.2406923044918,11.4306424122304));
#597=CARTESIAN_POINT('Ctrl Pts',(-5.09882854751206,0.174275260900993,11.5796285535336));
#598=CARTESIAN_POINT('Ctrl Pts',(-5.09815357105529,0.127886071573653,11.6499293899488));
#599=CARTESIAN_POINT('Ctrl Pts',(-5.09958923034091,0.095044086460656,11.6828185265682));
#600=CARTESIAN_POINT('Ctrl Pts',(-5.10032179916488,0.0794133986878763,11.6951917628361));
#601=CARTESIAN_POINT('Ctrl Pts',(-5.10081718555799,0.0665466864167343,11.7033372742331));
#602=CARTESIAN_POINT('Ctrl Pts',(-5.10113235852593,0.0571214072083737,11.7086637064678));
#603=CARTESIAN_POINT('Ctrl Pts',(-5.10147472199886,0.0436694230658775,11.7149993462027));
#604=CARTESIAN_POINT('Ctrl Pts',(-5.10167392235474,0.0268871859589534,11.7201487765952));
#605=CARTESIAN_POINT('Ctrl Pts',(-5.10174259057577,0.0120158677614122,11.7224942593441));
#606=CARTESIAN_POINT('Ctrl Pts',(-5.10175381021885,0.00394482037525649,
11.7229347710518));
#607=CARTESIAN_POINT('Ctrl Pts',(-5.10175381021885,5.93343404292869E-18,
11.7229347710518));
#608=CARTESIAN_POINT('Ctrl Pts',(-6.55555740882518,1.94572882681037E-16,
4.84582815053355));
#609=CARTESIAN_POINT('Ctrl Pts',(-6.55555740882518,0.0153212204791996,4.84582815053355));
#610=CARTESIAN_POINT('Ctrl Pts',(-6.55424923293999,0.0458731646308516,4.84775643015525));
#611=CARTESIAN_POINT('Ctrl Pts',(-6.54839111064356,0.101932028839126,4.85748854267726));
#612=CARTESIAN_POINT('Ctrl Pts',(-6.53713007066555,0.187723472884577,4.88259758427248));
#613=CARTESIAN_POINT('Ctrl Pts',(-6.5180757938257,0.343602686390685,4.94770295635069));
#614=CARTESIAN_POINT('Ctrl Pts',(-6.48743053808899,0.547956438328014,5.075567556746));
#615=CARTESIAN_POINT('Ctrl Pts',(-6.44047169578973,0.751545140597124,5.27811814199818));
#616=CARTESIAN_POINT('Ctrl Pts',(-6.3677680426451,0.957000648631001,5.59441980220711));
#617=CARTESIAN_POINT('Ctrl Pts',(-6.26757298659924,1.10037653744668,6.03202315508026));
#618=CARTESIAN_POINT('Ctrl Pts',(-6.14594457371129,1.16301989030649,6.5650746860245));
#619=CARTESIAN_POINT('Ctrl Pts',(-6.02509506883261,1.16227422065186,7.09589997071952));
#620=CARTESIAN_POINT('Ctrl Pts',(-5.89202394929654,1.1158072321578,7.68151110259758));
#621=CARTESIAN_POINT('Ctrl Pts',(-5.77384398547427,1.04149225926664,8.2026533456311));
#622=CARTESIAN_POINT('Ctrl Pts',(-5.66981846251118,0.958996210114876,8.66245461793464));
#623=CARTESIAN_POINT('Ctrl Pts',(-5.56640112102897,0.866980076553553,9.12042129158046));
#624=CARTESIAN_POINT('Ctrl Pts',(-5.43844045189192,0.736982745801438,9.68940337210051));
#625=CARTESIAN_POINT('Ctrl Pts',(-5.31256238666276,0.591607956588225,10.2546180093134));
#626=CARTESIAN_POINT('Ctrl Pts',(-5.22053847884424,0.474855354674293,10.6772108080837));
#627=CARTESIAN_POINT('Ctrl Pts',(-5.16103702485839,0.39401207576358,10.9584604894916));
#628=CARTESIAN_POINT('Ctrl Pts',(-5.11015495906367,0.317648450247668,11.2121139680677));
#629=CARTESIAN_POINT('Ctrl Pts',(-5.07261476377165,0.250196020037899,11.424352341706));
#630=CARTESIAN_POINT('Ctrl Pts',(-5.05531314673895,0.192318676320243,11.5770136196278));
#631=CARTESIAN_POINT('Ctrl Pts',(-5.05353200265058,0.153715809488068,11.6536295507412));
#632=CARTESIAN_POINT('Ctrl Pts',(-5.05448190267887,0.123333303084454,11.694733733768));
#633=CARTESIAN_POINT('Ctrl Pts',(-5.05493746327573,0.107433606174175,11.7118948773134));
#634=CARTESIAN_POINT('Ctrl Pts',(-5.05513385789375,0.0928886240399707,11.7243062437795));
#635=CARTESIAN_POINT('Ctrl Pts',(-5.0552086474863,0.0817013927363886,11.7327721367709));
#636=CARTESIAN_POINT('Ctrl Pts',(-5.05516999945652,0.0646317497166357,11.7435341171751));
#637=CARTESIAN_POINT('Ctrl Pts',(-5.05491159694108,0.0408569799002389,11.7531403258158));
#638=CARTESIAN_POINT('Ctrl Pts',(-5.05473508785153,0.0184621579722566,11.7576988383331));
#639=CARTESIAN_POINT('Ctrl Pts',(-5.05469846683325,0.00606429965208202,
11.7585657646354));
#640=CARTESIAN_POINT('Ctrl Pts',(-5.05469846683325,1.7764927447997E-17,
11.7585657646354));
#641=CARTESIAN_POINT('Ctrl Pts',(-6.50504601049759,3.38406108260453E-16,
4.85877698709007));
#642=CARTESIAN_POINT('Ctrl Pts',(-6.50504601049759,0.0143571776332864,4.85877698709007));
#643=CARTESIAN_POINT('Ctrl Pts',(-6.50418160299718,0.0429935754069399,4.86083731835409));
#644=CARTESIAN_POINT('Ctrl Pts',(-6.50020656617283,0.0960682511104961,4.87107084482426));
#645=CARTESIAN_POINT('Ctrl Pts',(-6.49189988166473,0.178844673185643,4.89670460581647));
#646=CARTESIAN_POINT('Ctrl Pts',(-6.47532964052778,0.331337405667844,4.96133853317035));
#647=CARTESIAN_POINT('Ctrl Pts',(-6.44606717749629,0.531508855983177,5.08693551809249));
#648=CARTESIAN_POINT('Ctrl Pts',(-6.40047578714924,0.730996982803474,5.28558373239014));
#649=CARTESIAN_POINT('Ctrl Pts',(-6.32940805943763,0.932893420407043,5.59642896252931));
#650=CARTESIAN_POINT('Ctrl Pts',(-6.2307260285162,1.07469859605317,6.02881168387549));
#651=CARTESIAN_POINT('Ctrl Pts',(-6.11008813174643,1.13695259632123,6.55820193412718));
#652=CARTESIAN_POINT('Ctrl Pts',(-5.98977751581996,1.13623189838452,7.08667235906364));
#653=CARTESIAN_POINT('Ctrl Pts',(-5.85697012176179,1.08992989887752,7.67051345674827));
#654=CARTESIAN_POINT('Ctrl Pts',(-5.73878282201663,1.0158019768193,8.19054233395101));
#655=CARTESIAN_POINT('Ctrl Pts',(-5.63457183595126,0.933482705986019,8.64954312924689));
#656=CARTESIAN_POINT('Ctrl Pts',(-5.53084117474877,0.841652134656706,9.1067975699594));
#657=CARTESIAN_POINT('Ctrl Pts',(-5.40217466368092,0.711924187298251,9.67499179124362));
#658=CARTESIAN_POINT('Ctrl Pts',(-5.27490575271413,0.566933637460833,10.2394108540847));
#659=CARTESIAN_POINT('Ctrl Pts',(-5.18072575513833,0.450769792021384,10.6612411881374));
#660=CARTESIAN_POINT('Ctrl Pts',(-5.11887321307197,0.370640680370066,10.9418155633661));
#661=CARTESIAN_POINT('Ctrl Pts',(-5.06443005679043,0.295522126641008,11.1946319766082));
#662=CARTESIAN_POINT('Ctrl Pts',(-5.02134950191984,0.230524826821892,11.4057259361626));
#663=CARTESIAN_POINT('Ctrl Pts',(-4.99533979234937,0.178062851481184,11.5571686200528));
#664=CARTESIAN_POINT('Ctrl Pts',(-4.98606704754473,0.146011266038165,11.6335853775639));
#665=CARTESIAN_POINT('Ctrl Pts',(-4.9821104749037,0.120383055847817,11.6758370304985));
#666=CARTESIAN_POINT('Ctrl Pts',(-4.98045733065372,0.106435973432986,11.6939066583666));
#667=CARTESIAN_POINT('Ctrl Pts',(-4.97915404003981,0.0930579741930534,11.7072568295169));
#668=CARTESIAN_POINT('Ctrl Pts',(-4.97822071140924,0.0825507870790622,11.7164468420806));
#669=CARTESIAN_POINT('Ctrl Pts',(-4.97693546097557,0.0660786687843395,11.7282934323721));
#670=CARTESIAN_POINT('Ctrl Pts',(-4.97562793825617,0.0421495560848049,11.739069476766));
#671=CARTESIAN_POINT('Ctrl Pts',(-4.97496935793896,0.0191173681206712,11.744223724265));
#672=CARTESIAN_POINT('Ctrl Pts',(-4.97484185873615,0.00628051643560818,
11.7452065543713));
#673=CARTESIAN_POINT('Ctrl Pts',(-4.97484185873615,2.37967613998067E-17,
11.7452065543713));
#674=CARTESIAN_POINT('Ctrl Pts',(-6.47030533219479,3.71491403301682E-16,
4.8899373707015));
#675=CARTESIAN_POINT('Ctrl Pts',(-6.47030533219479,0.0128164510011327,4.8899373707015));
#676=CARTESIAN_POINT('Ctrl Pts',(-6.46982422410532,0.0384000349408004,4.89173143220787));
#677=CARTESIAN_POINT('Ctrl Pts',(-6.46744212740003,0.0870985936361708,4.90087096243473));
#678=CARTESIAN_POINT('Ctrl Pts',(-6.46155506184506,0.166042985779887,4.9247547174998));
#679=CARTESIAN_POINT('Ctrl Pts',(-6.44703355579562,0.314387937924425,4.9870696146826));
#680=CARTESIAN_POINT('Ctrl Pts',(-6.41914699772052,0.509136553195517,5.10903488932076));
#681=CARTESIAN_POINT('Ctrl Pts',(-6.37511752961764,0.703272039709151,5.30214907194276));
#682=CARTESIAN_POINT('Ctrl Pts',(-6.30600760032101,0.90056992499982,5.60548440310144));
#683=CARTESIAN_POINT('Ctrl Pts',(-6.2091396039078,1.04044804486627,6.03079366698845));
#684=CARTESIAN_POINT('Ctrl Pts',(-6.08971656043239,1.10226667186327,6.55528007501564));
#685=CARTESIAN_POINT('Ctrl Pts',(-5.97012074667003,1.10158084061896,7.0806183471041));
#686=CARTESIAN_POINT('Ctrl Pts',(-5.83775890386873,1.05542473723363,7.66211863408271));
#687=CARTESIAN_POINT('Ctrl Pts',(-5.71974154344196,0.981407941452634,8.18068230264301));
#688=CARTESIAN_POINT('Ctrl Pts',(-5.61553864433043,0.899130147826674,8.6386298524676));
#689=CARTESIAN_POINT('Ctrl Pts',(-5.51172105934849,0.807291174728702,9.09495037812952));
#690=CARTESIAN_POINT('Ctrl Pts',(-5.38273078386936,0.677449615248595,9.66209863871637));
#691=CARTESIAN_POINT('Ctrl Pts',(-5.2547005502134,0.532082179454668,10.2254580447636));
#692=CARTESIAN_POINT('Ctrl Pts',(-5.15925604718936,0.415333236974743,10.6461857100622));
#693=CARTESIAN_POINT('Ctrl Pts',(-5.0959797877429,0.334514623868068,10.9257568226899));
#694=CARTESIAN_POINT('Ctrl Pts',(-5.03933719921162,0.258587489704613,11.1770763959464));
#695=CARTESIAN_POINT('Ctrl Pts',(-4.99271027104094,0.192206348888512,11.3859659588195));
#696=CARTESIAN_POINT('Ctrl Pts',(-4.96089212637357,0.139096408691358,11.5327857698484));
#697=CARTESIAN_POINT('Ctrl Pts',(-4.94644153882905,0.107952308947038,11.6032098954873));
#698=CARTESIAN_POINT('Ctrl Pts',(-4.93947019982745,0.0859439196230025,11.6387783618912));
#699=CARTESIAN_POINT('Ctrl Pts',(-4.93670035124228,0.0747867403582278,11.6531148921109));
#700=CARTESIAN_POINT('Ctrl Pts',(-4.93475113137507,0.0646901367148165,11.6632176737753));
#701=CARTESIAN_POINT('Ctrl Pts',(-4.93343329220534,0.0569373540074551,11.6700373551159));
#702=CARTESIAN_POINT('Ctrl Pts',(-4.93177634378738,0.0451163139037113,11.678576846487));
#703=CARTESIAN_POINT('Ctrl Pts',(-4.93030621173705,0.0285723078912289,11.6860632993734));
#704=CARTESIAN_POINT('Ctrl Pts',(-4.92960838350175,0.0129217552042437,11.6895916602727));
#705=CARTESIAN_POINT('Ctrl Pts',(-4.92947564588249,0.00424452246361477,
11.6902614749391));
#706=CARTESIAN_POINT('Ctrl Pts',(-4.92947564588249,1.82130895536701E-17,
11.6902614749391));
#707=CARTESIAN_POINT('Ctrl Pts',(-6.45864823619248,3.3828166774423E-16,
4.91537067179043));
#708=CARTESIAN_POINT('Ctrl Pts',(-6.45864823619248,0.0117097329636426,4.91537067179043));
#709=CARTESIAN_POINT('Ctrl Pts',(-6.45830590555642,0.0351014759596102,4.91687490218086));
#710=CARTESIAN_POINT('Ctrl Pts',(-6.45649419789848,0.0807214339035626,4.92483717494128));
#711=CARTESIAN_POINT('Ctrl Pts',(-6.45146702414521,0.157074205633863,4.94692392281665));
#712=CARTESIAN_POINT('Ctrl Pts',(-6.43773717515931,0.302642973484867,5.0072312129546));
#713=CARTESIAN_POINT('Ctrl Pts',(-6.41057200756216,0.49369914879936,5.12655317758716));
#714=CARTESIAN_POINT('Ctrl Pts',(-6.36749143992361,0.684184141633363,5.31578933975925));
#715=CARTESIAN_POINT('Ctrl Pts',(-6.2996224295368,0.878354987076746,5.61391206780949));
#716=CARTESIAN_POINT('Ctrl Pts',(-6.20391143037634,1.01694292345878,6.03433488141863));
#717=CARTESIAN_POINT('Ctrl Pts',(-6.08527826016192,1.07847902967115,6.55544622417281));
#718=CARTESIAN_POINT('Ctrl Pts',(-5.96617179183975,1.07781738093738,7.07863663433594));
#719=CARTESIAN_POINT('Ctrl Pts',(-5.83415457148146,1.03174701725158,7.65853920633178));
#720=CARTESIAN_POINT('Ctrl Pts',(-5.71632748477859,0.957779619451651,8.17610984012096));
#721=CARTESIAN_POINT('Ctrl Pts',(-5.61223485152946,0.875492514048552,8.63335003415778));
#722=CARTESIAN_POINT('Ctrl Pts',(-5.50849317408287,0.783598005985381,9.08904883006858));
#723=CARTESIAN_POINT('Ctrl Pts',(-5.37953561690305,0.653586225602115,9.65551115390224));
#724=CARTESIAN_POINT('Ctrl Pts',(-5.25143783888089,0.507786193048454,10.2181979599068));
#725=CARTESIAN_POINT('Ctrl Pts',(-5.15581434676879,0.390365297435515,10.6382368562907));
#726=CARTESIAN_POINT('Ctrl Pts',(-5.092311289646,0.3087478640639,10.9171881542779));
#727=CARTESIAN_POINT('Ctrl Pts',(-5.03531547365213,0.231773465463535,11.1675497231027));
#728=CARTESIAN_POINT('Ctrl Pts',(-4.98809779072619,0.163505909132246,11.3749968221467));
#729=CARTESIAN_POINT('Ctrl Pts',(-4.95544072406826,0.108326119244202,11.5184468374128));
#730=CARTESIAN_POINT('Ctrl Pts',(-4.94051183236539,0.076102199756731,11.5840089099559));
#731=CARTESIAN_POINT('Ctrl Pts',(-4.93377971274218,0.0559176554259903,11.6135682222329));
#732=CARTESIAN_POINT('Ctrl Pts',(-4.93130689142658,0.0466711764136085,11.6244250589601));
#733=CARTESIAN_POINT('Ctrl Pts',(-4.92971145637567,0.0391623400031847,11.6314296453142));
#734=CARTESIAN_POINT('Ctrl Pts',(-4.92867743928045,0.0336727257902806,11.6359691721447));
#735=CARTESIAN_POINT('Ctrl Pts',(-4.92746548769173,0.0258425229424872,11.6412902052008));
#736=CARTESIAN_POINT('Ctrl Pts',(-4.92650003609525,0.0159775216978488,11.6455291562887));
#737=CARTESIAN_POINT('Ctrl Pts',(-4.92606399159428,0.00715376319713317,
11.6474435828983));
#738=CARTESIAN_POINT('Ctrl Pts',(-4.92598240592836,0.00234886144308493,
11.6478018933205));
#739=CARTESIAN_POINT('Ctrl Pts',(-4.92598240592836,1.05093955875112E-17,
11.6478018933205));
#740=CARTESIAN_POINT('Ctrl Pts',(-6.45560640014082,3.09719743068815E-16,
4.92873232675826));
#741=CARTESIAN_POINT('Ctrl Pts',(-6.45560640014082,0.0111553256200516,4.92873232675826));
#742=CARTESIAN_POINT('Ctrl Pts',(-6.45529887610197,0.0334493613942319,4.93008316553841));
#743=CARTESIAN_POINT('Ctrl Pts',(-6.45362841483658,0.0775279178931133,4.93742088088077));
#744=CARTESIAN_POINT('Ctrl Pts',(-6.44881671740528,0.152584620561292,4.95855687894077));
#745=CARTESIAN_POINT('Ctrl Pts',(-6.43532423308782,0.296766361674968,5.01782434669606));
#746=CARTESIAN_POINT('Ctrl Pts',(-6.40846366693119,0.485976428121616,5.13581282836641));
#747=CARTESIAN_POINT('Ctrl Pts',(-6.36582656403444,0.674635349739337,5.3231017709849));
#748=CARTESIAN_POINT('Ctrl Pts',(-6.2985526109013,0.867242115001382,5.61861123790586));
#749=CARTESIAN_POINT('Ctrl Pts',(-6.20339921128496,1.00518496988187,6.03658474900146));
#750=CARTESIAN_POINT('Ctrl Pts',(-6.08515086948583,1.06657981386994,6.55600575552667));
#751=CARTESIAN_POINT('Ctrl Pts',(-5.96628901266482,1.06593029134993,7.07812170546795));
#752=CARTESIAN_POINT('Ctrl Pts',(-5.83445328450531,1.01990277679942,7.65722704914301));
#753=CARTESIAN_POINT('Ctrl Pts',(-5.71673836409362,0.945960006356443,8.17430493381344));
#754=CARTESIAN_POINT('Ctrl Pts',(-5.61272507127183,0.863668156564903,8.631196662082));
#755=CARTESIAN_POINT('Ctrl Pts',(-5.5090525069146,0.771745667409348,9.08659169687214));
#756=CARTESIAN_POINT('Ctrl Pts',(-5.38017018908535,0.641648630682259,9.65272380690106));
#757=CARTESIAN_POINT('Ctrl Pts',(-5.25214323539434,0.495631457587124,10.2150986202538));
#758=CARTESIAN_POINT('Ctrl Pts',(-5.15659000532026,0.377874261720412,10.6348284379126));
#759=CARTESIAN_POINT('Ctrl Pts',(-5.0931461910225,0.295855308998837,10.9135135287896));
#760=CARTESIAN_POINT('Ctrl Pts',(-5.03624543674355,0.218355507364988,11.1634573893963));
#761=CARTESIAN_POINT('Ctrl Pts',(-4.98915396117216,0.149131595080647,11.3703127352548));
#762=CARTESIAN_POINT('Ctrl Pts',(-4.95683850001643,0.0928939315810075,11.5122625427908));
#763=CARTESIAN_POINT('Ctrl Pts',(-4.94242885711596,0.0601038858264261,11.5755587472462));
#764=CARTESIAN_POINT('Ctrl Pts',(-4.93636049762636,0.0408217270984349,11.6022147945623));
#765=CARTESIAN_POINT('Ctrl Pts',(-4.93427581000449,0.0325300171609677,11.6113720522994));
#766=CARTESIAN_POINT('Ctrl Pts',(-4.933028022692,0.0263192814612314,11.6168531180963));
#767=CARTESIAN_POINT('Ctrl Pts',(-4.93225050992048,0.0219662594620922,11.6202684426601));
#768=CARTESIAN_POINT('Ctrl Pts',(-4.93140141531316,0.0161416277699549,11.6239981996179));
#769=CARTESIAN_POINT('Ctrl Pts',(-4.93080334064351,0.00963692256169689,
11.6266253193065));
#770=CARTESIAN_POINT('Ctrl Pts',(-4.93055020514763,0.00424988674424035,
11.6277372494364));
#771=CARTESIAN_POINT('Ctrl Pts',(-4.93050386850629,0.00139441570251956,
11.6279407890761));
#772=CARTESIAN_POINT('Ctrl Pts',(-4.93050386850629,6.24500451351645E-18,
11.6279407890761));
#773=CARTESIAN_POINT('',(-5.11510065034647,8.69648292800554E-16,11.699281558684));
#774=CARTESIAN_POINT('',(-4.93050386850628,1.11022302462516E-15,11.6279407890761));
#775=CARTESIAN_POINT('Origin',(-5.02800911062775,0.,11.650138260978));
#776=CARTESIAN_POINT('',(-6.45560640014082,-4.02455846426619E-16,4.92873232675826));
#777=CARTESIAN_POINT('Ctrl Pts',(-4.93050386850629,6.24500451351645E-18,
11.6279407890761));
#778=CARTESIAN_POINT('Ctrl Pts',(-4.93050386850629,0.00139441570251956,
11.6279407890761));
#779=CARTESIAN_POINT('Ctrl Pts',(-4.93055020514763,0.00424988674424035,
11.6277372494364));
#780=CARTESIAN_POINT('Ctrl Pts',(-4.93080334064351,0.00963692256169689,
11.6266253193065));
#781=CARTESIAN_POINT('Ctrl Pts',(-4.93140141531316,0.0161416277699549,11.6239981996179));
#782=CARTESIAN_POINT('Ctrl Pts',(-4.93225050992048,0.0219662594620922,11.6202684426601));
#783=CARTESIAN_POINT('Ctrl Pts',(-4.933028022692,0.0263192814612314,11.6168531180963));
#784=CARTESIAN_POINT('Ctrl Pts',(-4.93427581000449,0.0325300171609677,11.6113720522994));
#785=CARTESIAN_POINT('Ctrl Pts',(-4.93636049762636,0.0408217270984349,11.6022147945623));
#786=CARTESIAN_POINT('Ctrl Pts',(-4.94242885711596,0.0601038858264261,11.5755587472462));
#787=CARTESIAN_POINT('Ctrl Pts',(-4.95683850001643,0.0928939315810075,11.5122625427908));
#788=CARTESIAN_POINT('Ctrl Pts',(-4.98915396117216,0.149131595080647,11.3703127352548));
#789=CARTESIAN_POINT('Ctrl Pts',(-5.03624543674355,0.218355507364988,11.1634573893963));
#790=CARTESIAN_POINT('Ctrl Pts',(-5.0931461910225,0.295855308998837,10.9135135287896));
#791=CARTESIAN_POINT('Ctrl Pts',(-5.15659000532026,0.377874261720412,10.6348284379126));
#792=CARTESIAN_POINT('Ctrl Pts',(-5.25214323539434,0.495631457587124,10.2150986202538));
#793=CARTESIAN_POINT('Ctrl Pts',(-5.38017018908535,0.641648630682259,9.65272380690106));
#794=CARTESIAN_POINT('Ctrl Pts',(-5.5090525069146,0.771745667409348,9.08659169687214));
#795=CARTESIAN_POINT('Ctrl Pts',(-5.61272507127183,0.863668156564903,8.631196662082));
#796=CARTESIAN_POINT('Ctrl Pts',(-5.71673836409362,0.945960006356443,8.17430493381344));
#797=CARTESIAN_POINT('Ctrl Pts',(-5.83445328450531,1.01990277679942,7.65722704914301));
#798=CARTESIAN_POINT('Ctrl Pts',(-5.96628901266482,1.06593029134993,7.07812170546795));
#799=CARTESIAN_POINT('Ctrl Pts',(-6.08515086948583,1.06657981386994,6.55600575552667));
#800=CARTESIAN_POINT('Ctrl Pts',(-6.20339921128496,1.00518496988187,6.03658474900146));
#801=CARTESIAN_POINT('Ctrl Pts',(-6.2985526109013,0.867242115001382,5.61861123790586));
#802=CARTESIAN_POINT('Ctrl Pts',(-6.36582656403444,0.674635349739337,5.3231017709849));
#803=CARTESIAN_POINT('Ctrl Pts',(-6.40846366693119,0.485976428121616,5.13581282836641));
#804=CARTESIAN_POINT('Ctrl Pts',(-6.43532423308782,0.296766361674968,5.01782434669606));
#805=CARTESIAN_POINT('Ctrl Pts',(-6.44881671740528,0.152584620561292,4.95855687894077));
#806=CARTESIAN_POINT('Ctrl Pts',(-6.45362841483658,0.0775279178931133,4.93742088088077));
#807=CARTESIAN_POINT('Ctrl Pts',(-6.45529887610197,0.0334493613942319,4.93008316553841));
#808=CARTESIAN_POINT('Ctrl Pts',(-6.45560640014082,0.0111553256200516,4.92873232675826));
#809=CARTESIAN_POINT('Ctrl Pts',(-6.45560640014082,3.09719743068815E-16,
4.92873232675826));
#810=CARTESIAN_POINT('',(-6.60720413177081,-6.93889390390723E-18,4.86682270871659));
#811=CARTESIAN_POINT('Origin',(-6.55311164226228,-1.04083408558608E-16,
4.95092979866013));
#812=CARTESIAN_POINT('Ctrl Pts',(-6.60720413177081,-5.3776427755281E-17,
4.86682270871659));
#813=CARTESIAN_POINT('Ctrl Pts',(-6.60720413177081,0.0149563204587556,4.86682270871659));
#814=CARTESIAN_POINT('Ctrl Pts',(-6.60580849086308,0.0447984129915956,4.86802162506242));
#815=CARTESIAN_POINT('Ctrl Pts',(-6.59945750606244,0.100438003715632,4.87481673829524));
#816=CARTESIAN_POINT('Ctrl Pts',(-6.5870849188397,0.186907836781721,4.89577469966073));
#817=CARTESIAN_POINT('Ctrl Pts',(-6.56684303325906,0.343884793097585,4.95803488920003));
#818=CARTESIAN_POINT('Ctrl Pts',(-6.53567734453974,0.549028438842669,5.08511179726609));
#819=CARTESIAN_POINT('Ctrl Pts',(-6.48834826803837,0.753324130282316,5.28754257497048));
#820=CARTESIAN_POINT('Ctrl Pts',(-6.41526196431335,0.959486895565588,5.60408416714183));
#821=CARTESIAN_POINT('Ctrl Pts',(-6.31469130281484,1.10337718320609,6.04212689790003));
#822=CARTESIAN_POINT('Ctrl Pts',(-6.1928354501735,1.166231735544,6.57558903990279));
#823=CARTESIAN_POINT('Ctrl Pts',(-6.07191689577652,1.16548625510106,7.10670727023066));
#824=CARTESIAN_POINT('Ctrl Pts',(-5.93891282767005,1.11885352332074,7.69254534060368));
#825=CARTESIAN_POINT('Ctrl Pts',(-5.82092491802213,1.04424434669684,8.21381941527331));
#826=CARTESIAN_POINT('Ctrl Pts',(-5.71719072404574,0.961345876141407,8.67369037633006));
#827=CARTESIAN_POINT('Ctrl Pts',(-5.61415972427549,0.868808491571356,9.13170259362136));
#828=CARTESIAN_POINT('Ctrl Pts',(-5.48691920030534,0.737856399431072,9.70066057861141));
#829=CARTESIAN_POINT('Ctrl Pts',(-5.3623071602522,0.590730647128943,10.2657369082873));
#830=CARTESIAN_POINT('Ctrl Pts',(-5.27203130897405,0.471318956732978,10.6879129923534));
#831=CARTESIAN_POINT('Ctrl Pts',(-5.21427173060728,0.387390978367494,10.9686570957053));
#832=CARTESIAN_POINT('Ctrl Pts',(-5.16572880997413,0.306414851495983,11.2211487706515));
#833=CARTESIAN_POINT('Ctrl Pts',(-5.13109444834455,0.230772263120861,11.4313443345877));
#834=CARTESIAN_POINT('Ctrl Pts',(-5.11612531788983,0.159979649358395,11.5775760356126));
#835=CARTESIAN_POINT('Ctrl Pts',(-5.11393253084473,0.110305388189295,11.6437992291494));
#836=CARTESIAN_POINT('Ctrl Pts',(-5.11413770633183,0.0771924888900993,11.6719444481788));
#837=CARTESIAN_POINT('Ctrl Pts',(-5.11437193599004,0.0622517506422011,11.6816505110403));
#838=CARTESIAN_POINT('Ctrl Pts',(-5.11457132651906,0.0507223695436966,11.6874735217538));
#839=CARTESIAN_POINT('Ctrl Pts',(-5.11470971869266,0.0425512525504026,11.6911051338424));
#840=CARTESIAN_POINT('Ctrl Pts',(-5.11488500821025,0.0314534366334725,11.6950765834536));
#841=CARTESIAN_POINT('Ctrl Pts',(-5.11502642632049,0.0188442636313034,11.6978780252233));
#842=CARTESIAN_POINT('Ctrl Pts',(-5.11508899450244,0.00832200726531402,
11.6990643541919));
#843=CARTESIAN_POINT('Ctrl Pts',(-5.11510065034647,0.00273064782537691,
11.699281558684));
#844=CARTESIAN_POINT('Ctrl Pts',(-5.11510065034647,0.,11.699281558684));
#845=CARTESIAN_POINT('Ctrl Pts',(-5.11510065034648,3.59738313526986E-15,
11.699281558684));
#846=CARTESIAN_POINT('Ctrl Pts',(-5.11510065034648,-0.00273073175571405,
11.699281558684));
#847=CARTESIAN_POINT('Ctrl Pts',(-5.11508873174471,-0.0083739470413799,
11.6990590629973));
#848=CARTESIAN_POINT('Ctrl Pts',(-5.11502646159907,-0.0188162930811713,
11.6978787244239));
#849=CARTESIAN_POINT('Ctrl Pts',(-5.11488486329036,-0.031479223303943,11.6950720970298));
#850=CARTESIAN_POINT('Ctrl Pts',(-5.11470934550049,-0.04256057759283,11.6910975788749));
#851=CARTESIAN_POINT('Ctrl Pts',(-5.11457148338419,-0.0507250180859713,
11.6874727645142));
#852=CARTESIAN_POINT('Ctrl Pts',(-5.11423714727266,-0.069919410889202,11.6777567430154));
#853=CARTESIAN_POINT('Ctrl Pts',(-5.1137602479927,-0.106489277310424,11.6487790844804));
#854=CARTESIAN_POINT('Ctrl Pts',(-5.11545541343273,-0.144763632409627,11.5979361199652));
#855=CARTESIAN_POINT('Ctrl Pts',(-5.1204098633858,-0.18007218927872,11.5357593797305));
#856=CARTESIAN_POINT('Ctrl Pts',(-5.13449937406423,-0.238659455213914,11.4102752170524));
#857=CARTESIAN_POINT('Ctrl Pts',(-5.17984748221038,-0.336339883542672,11.1368217132506));
#858=CARTESIAN_POINT('Ctrl Pts',(-5.26554415211359,-0.464491653054195,10.7161025758646));
#859=CARTESIAN_POINT('Ctrl Pts',(-5.37474126298173,-0.605859399509424,10.2091587095942));
#860=CARTESIAN_POINT('Ctrl Pts',(-5.47469238434798,-0.721988936858078,9.75671971782143));
#861=CARTESIAN_POINT('Ctrl Pts',(-5.56330340650904,-0.816465186319643,9.35907972775779));
#862=CARTESIAN_POINT('Ctrl Pts',(-5.63992166049027,-0.891956428105995,9.01721572345861));
#863=CARTESIAN_POINT('Ctrl Pts',(-5.74281661791533,-0.984287632389774,8.55975163620108));
#864=CARTESIAN_POINT('Ctrl Pts',(-5.84686354629062,-1.06268946395818,8.09913830090652));
#865=CARTESIAN_POINT('Ctrl Pts',(-5.9653676147507,-1.12815898263789,7.57601225833858));
#866=CARTESIAN_POINT('Ctrl Pts',(-6.07176407116399,-1.16544146077292,7.10738388641638));
#867=CARTESIAN_POINT('Ctrl Pts',(-6.19281292253268,-1.16625607624901,6.57568534017778));
#868=CARTESIAN_POINT('Ctrl Pts',(-6.31468777733653,-1.10340158747481,6.04214296020977));
#869=CARTESIAN_POINT('Ctrl Pts',(-6.41525578105408,-0.959490030380033,5.6041094377242));
#870=CARTESIAN_POINT('Ctrl Pts',(-6.48834239621134,-0.753348286621668,5.28757084738799));
#871=CARTESIAN_POINT('Ctrl Pts',(-6.53567368840508,-0.549044934612215,5.08512141272729));
#872=CARTESIAN_POINT('Ctrl Pts',(-6.56684484821364,-0.3438806749922,4.95804056153124));
#873=CARTESIAN_POINT('Ctrl Pts',(-6.58706535745384,-0.187021394791099,4.89581004273179));
#874=CARTESIAN_POINT('Ctrl Pts',(-6.59946445024882,-0.100402325628828,4.87481047127454));
#875=CARTESIAN_POINT('Ctrl Pts',(-6.60579290163462,-0.0448616209745299,
4.86803170468279));
#876=CARTESIAN_POINT('Ctrl Pts',(-6.60720413177081,-0.0149567801625161,
4.86682270871659));
#877=CARTESIAN_POINT('Ctrl Pts',(-6.60720413177081,-7.70717333384034E-18,
4.86682270871659));
#878=CARTESIAN_POINT('Ctrl Pts',(-5.10175381021885,5.20606704920998E-15,
11.7229347710518));
#879=CARTESIAN_POINT('Ctrl Pts',(-5.10175381021885,-0.00394494162491045,
11.7229347710518));
#880=CARTESIAN_POINT('Ctrl Pts',(-5.10174235108147,-0.0120896257479587,
11.7224838530063));
#881=CARTESIAN_POINT('Ctrl Pts',(-5.10167394886007,-0.0268463774635981,
11.7201502434999));
#882=CARTESIAN_POINT('Ctrl Pts',(-5.10147482595622,-0.0437058686247349,
11.7149908209807));
#883=CARTESIAN_POINT('Ctrl Pts',(-5.10113145997161,-0.0571272467739708,
11.7086522652127));
#884=CARTESIAN_POINT('Ctrl Pts',(-5.10081800298173,-0.0665530901410876,
11.7033358258856));
#885=CARTESIAN_POINT('Ctrl Pts',(-5.09998442825211,-0.0879231358603996,
11.689745315777));
#886=CARTESIAN_POINT('Ctrl Pts',(-5.0980936917475,-0.124225976293768,11.65521963745));
#887=CARTESIAN_POINT('Ctrl Pts',(-5.09863675666764,-0.160104234983416,11.6012480199288));
#888=CARTESIAN_POINT('Ctrl Pts',(-5.103006939126,-0.193134355084355,11.5370446792253));
#889=CARTESIAN_POINT('Ctrl Pts',(-5.11667729637337,-0.248197509886937,11.409458565953));
#890=CARTESIAN_POINT('Ctrl Pts',(-5.1626270299969,-0.34223659498915,11.1346951690316));
#891=CARTESIAN_POINT('Ctrl Pts',(-5.24890938173589,-0.468527333729611,10.7134678982546));
#892=CARTESIAN_POINT('Ctrl Pts',(-5.35855401977331,-0.608796328274631,10.2062496335518));
#893=CARTESIAN_POINT('Ctrl Pts',(-5.45873872486811,-0.724423822621593,9.75368890300791));
#894=CARTESIAN_POINT('Ctrl Pts',(-5.54750756208903,-0.81858510167139,9.35596786092226));
#895=CARTESIAN_POINT('Ctrl Pts',(-5.62422754547331,-0.893884186734741,9.01404978506114));
#896=CARTESIAN_POINT('Ctrl Pts',(-5.72723293478519,-0.986018462380063,8.55652155916681));
#897=CARTESIAN_POINT('Ctrl Pts',(-5.83135674539421,-1.06429673222946,8.09585117186784));
#898=CARTESIAN_POINT('Ctrl Pts',(-5.94992434242731,-1.12967944141949,7.57265111047865));
#899=CARTESIAN_POINT('Ctrl Pts',(-6.05636184361847,-1.1669216182678,7.10394461215068));
#900=CARTESIAN_POINT('Ctrl Pts',(-6.17744049056665,-1.1677388387312,6.57211277368025));
#901=CARTESIAN_POINT('Ctrl Pts',(-6.29933308675923,-1.10493000249018,6.03834759895095));
#902=CARTESIAN_POINT('Ctrl Pts',(-6.39992014192679,-0.961062078890667,5.59993446299738));
#903=CARTESIAN_POINT('Ctrl Pts',(-6.47303796812316,-0.754829324187602,5.2829097443506));
#904=CARTESIAN_POINT('Ctrl Pts',(-6.5203798223792,-0.550375483211193,5.07999347260506));
#905=CARTESIAN_POINT('Ctrl Pts',(-6.55151129845184,-0.345088331156764,4.95234958460079));
#906=CARTESIAN_POINT('Ctrl Pts',(-6.5715932089066,-0.188315081005867,4.88892088398348));
#907=CARTESIAN_POINT('Ctrl Pts',(-6.58397700433936,-0.101647614946009,4.8663126006709));
#908=CARTESIAN_POINT('Ctrl Pts',(-6.59039243585194,-0.045608659404649,4.85842553563675));
#909=CARTESIAN_POINT('Ctrl Pts',(-6.59183661727658,-0.0152093776966362,
4.8569392718136));
#910=CARTESIAN_POINT('Ctrl Pts',(-6.59183661727658,-6.62320285486647E-18,
4.8569392718136));
#911=CARTESIAN_POINT('Ctrl Pts',(-5.05469846683318,8.00066897193742E-15,
11.7585657646353));
#912=CARTESIAN_POINT('Ctrl Pts',(-5.05469846683318,-0.00606448604694012,
11.7585657646353));
#913=CARTESIAN_POINT('Ctrl Pts',(-5.05473592750598,-0.018573788465221,11.7576786511163));
#914=CARTESIAN_POINT('Ctrl Pts',(-5.05491136192588,-0.040793709167783,11.7531432717114));
#915=CARTESIAN_POINT('Ctrl Pts',(-5.05517102421994,-0.06468687807907,11.7435177972401));
#916=CARTESIAN_POINT('Ctrl Pts',(-5.05520762751702,-0.0816997986014967,
11.7327535671422));
#917=CARTESIAN_POINT('Ctrl Pts',(-5.05513514246048,-0.0929025994114928,
11.7243032419292));
#918=CARTESIAN_POINT('Ctrl Pts',(-5.0547933985605,-0.11696593991074,11.7035984860227));
#919=CARTESIAN_POINT('Ctrl Pts',(-5.05337437385019,-0.150469564437641,11.6594112544243));
#920=CARTESIAN_POINT('Ctrl Pts',(-5.05476114325393,-0.180608119009778,11.6005986834243));
#921=CARTESIAN_POINT('Ctrl Pts',(-5.0603047321914,-0.208795936764473,11.5334266573126));
#922=CARTESIAN_POINT('Ctrl Pts',(-5.07622210616953,-0.256981554286694,11.4030624290587));
#923=CARTESIAN_POINT('Ctrl Pts',(-5.12549661329191,-0.344745457453662,11.1269717828894));
#924=CARTESIAN_POINT('Ctrl Pts',(-5.21405564369604,-0.468002586987506,10.705359752238));
#925=CARTESIAN_POINT('Ctrl Pts',(-5.32513943576536,-0.606527947937485,10.1980323206289));
#926=CARTESIAN_POINT('Ctrl Pts',(-5.42604468486145,-0.721356752817791,9.74548195047288));
#927=CARTESIAN_POINT('Ctrl Pts',(-5.51525878655472,-0.815014774296808,9.34780662986801));
#928=CARTESIAN_POINT('Ctrl Pts',(-5.59225761782771,-0.890000782644393,9.00594831871968));
#929=CARTESIAN_POINT('Ctrl Pts',(-5.69554157221777,-0.98180686802154,8.54852494640972));
#930=CARTESIAN_POINT('Ctrl Pts',(-5.79983211927652,-1.05986514847578,8.08799750411103));
#931=CARTESIAN_POINT('Ctrl Pts',(-5.91849265382396,-1.12507883573428,7.56502272362804));
#932=CARTESIAN_POINT('Ctrl Pts',(-6.02494196567971,-1.16222996941227,7.09657646412228));
#933=CARTESIAN_POINT('Ctrl Pts',(-6.14592222373884,-1.16304398235825,6.56517079623039));
#934=CARTESIAN_POINT('Ctrl Pts',(-6.2675694575344,-1.10040089772577,6.03203925778076));
#935=CARTESIAN_POINT('Ctrl Pts',(-6.36776194230811,-0.957003598349226,5.59444517078182));
#936=CARTESIAN_POINT('Ctrl Pts',(-6.44046573477991,-0.751569524974409,5.27814610709999));
#937=CARTESIAN_POINT('Ctrl Pts',(-6.48742707489472,-0.547972291442552,5.0755779544001));
#938=CARTESIAN_POINT('Ctrl Pts',(-6.51807688551577,-0.343600394339706,4.94770746304595));
#939=CARTESIAN_POINT('Ctrl Pts',(-6.53711186885508,-0.187834809138554,4.88263981763072));
#940=CARTESIAN_POINT('Ctrl Pts',(-6.54839646418789,-0.101900378435122,4.85748085971542));
#941=CARTESIAN_POINT('Ctrl Pts',(-6.55423489615578,-0.0459328141983762,
4.84777492270175));
#942=CARTESIAN_POINT('Ctrl Pts',(-6.55555740882517,-0.0153216913987427,
4.84582815053358));
#943=CARTESIAN_POINT('Ctrl Pts',(-6.55555740882517,-4.25505655932584E-18,
4.84582815053358));
#944=CARTESIAN_POINT('Ctrl Pts',(-4.97484185873614,8.2961551658847E-15,
11.7452065543712));
#945=CARTESIAN_POINT('Ctrl Pts',(-4.97484185873614,-0.00628070947619603,
11.7452065543712));
#946=CARTESIAN_POINT('Ctrl Pts',(-4.97497231683199,-0.0192323626430259,
11.7442008903692));
#947=CARTESIAN_POINT('Ctrl Pts',(-4.97562743371442,-0.0420838017527624,
11.7390728374715));
#948=CARTESIAN_POINT('Ctrl Pts',(-4.97693809801953,-0.0661354383310751,
11.7282749326729));
#949=CARTESIAN_POINT('Ctrl Pts',(-4.97822220366549,-0.0825452826830829,
11.7164267169224));
#950=CARTESIAN_POINT('Ctrl Pts',(-4.97915529390029,-0.0930738920778584,
11.7072531675453));
#951=CARTESIAN_POINT('Ctrl Pts',(-4.98131982923381,-0.115161841755805,11.6849853704142));
#952=CARTESIAN_POINT('Ctrl Pts',(-4.98535317771182,-0.143216916820111,11.6393572179453));
#953=CARTESIAN_POINT('Ctrl Pts',(-4.99248491862293,-0.168379262867447,11.580692234533));
#954=CARTESIAN_POINT('Ctrl Pts',(-5.00280262978235,-0.193044200608729,11.5139257838857));
#955=CARTESIAN_POINT('Ctrl Pts',(-5.02557158429043,-0.236948847488679,11.3845800440251));
#956=CARTESIAN_POINT('Ctrl Pts',(-5.08186527538708,-0.321787782419568,11.1099127014952));
#957=CARTESIAN_POINT('Ctrl Pts',(-5.17428366036291,-0.443898988788257,10.6893720012388));
#958=CARTESIAN_POINT('Ctrl Pts',(-5.28763760229427,-0.581814067228472,10.1829044275251));
#959=CARTESIAN_POINT('Ctrl Pts',(-5.38958825312126,-0.696344911039777,9.73099030553913));
#960=CARTESIAN_POINT('Ctrl Pts',(-5.47941930085384,-0.78979359355569,9.33386867090782));
#961=CARTESIAN_POINT('Ctrl Pts',(-5.55677273450009,-0.864627597274494,8.99250159190115));
#962=CARTESIAN_POINT('Ctrl Pts',(-5.66037465521077,-0.956246726114103,8.53579299392095));
#963=CARTESIAN_POINT('Ctrl Pts',(-5.76478631079103,-1.03413218942468,8.07610234425311));
#964=CARTESIAN_POINT('Ctrl Pts',(-5.88338718431587,-1.09916809653078,7.55437716101235));
#965=CARTESIAN_POINT('Ctrl Pts',(-5.9896245114272,-1.13618818427006,7.0873462361009));
#966=CARTESIAN_POINT('Ctrl Pts',(-6.11006594065513,-1.13697626703851,6.55829846896755));
#967=CARTESIAN_POINT('Ctrl Pts',(-6.23072298051931,-1.07472228466076,6.02882535552227));
#968=CARTESIAN_POINT('Ctrl Pts',(-6.32940202319266,-0.932896481373459,5.59645484453801));
#969=CARTESIAN_POINT('Ctrl Pts',(-6.40046979710973,-0.731020873392239,5.28561082810503));
#970=CARTESIAN_POINT('Ctrl Pts',(-6.44606428801723,-0.531524437011667,5.08694606608001));
#971=CARTESIAN_POINT('Ctrl Pts',(-6.47532962705692,-0.331335197440921,4.96134256145303));
#972=CARTESIAN_POINT('Ctrl Pts',(-6.49188621271425,-0.178953097333738,4.89674759997033));
#973=CARTESIAN_POINT('Ctrl Pts',(-6.50020989421866,-0.0960372071680686,
4.87106271532807));
#974=CARTESIAN_POINT('Ctrl Pts',(-6.50417244250444,-0.043051183041492,4.86085729392623));
#975=CARTESIAN_POINT('Ctrl Pts',(-6.50504601049759,-0.0143576189216425,
4.85877698709008));
#976=CARTESIAN_POINT('Ctrl Pts',(-6.50504601049759,-1.40171138130652E-18,
4.85877698709008));
#977=CARTESIAN_POINT('Ctrl Pts',(-4.92947564588247,5.6114457292852E-15,
11.6902614749391));
#978=CARTESIAN_POINT('Ctrl Pts',(-4.92947564588247,-0.00424465292503777,
11.6902614749391));
#979=CARTESIAN_POINT('Ctrl Pts',(-4.92961148704119,-0.0129998034161886,
11.6895760068517));
#980=CARTESIAN_POINT('Ctrl Pts',(-4.93030574410151,-0.0285279518597646,
11.6860655770052));
#981=CARTESIAN_POINT('Ctrl Pts',(-4.9317789298273,-0.0451549257209798,11.6785640464325));
#982=CARTESIAN_POINT('Ctrl Pts',(-4.93343600562957,-0.0569354920711193,
11.6700226101022));
#983=CARTESIAN_POINT('Ctrl Pts',(-4.93475180115349,-0.0647003357231874,
11.6632150675779));
#984=CARTESIAN_POINT('Ctrl Pts',(-4.93800111629578,-0.081396536102017,11.6463637893842));
#985=CARTESIAN_POINT('Ctrl Pts',(-4.94534859142441,-0.105363061694745,11.6085218912969));
#986=CARTESIAN_POINT('Ctrl Pts',(-4.95644560903031,-0.129633925655732,11.5544520245353));
#987=CARTESIAN_POINT('Ctrl Pts',(-4.9699909552696,-0.154258121067097,11.4908318666824));
#988=CARTESIAN_POINT('Ctrl Pts',(-4.99735994129219,-0.198832652127954,11.3650541041113));
#989=CARTESIAN_POINT('Ctrl Pts',(-5.05808407332802,-0.285284447444212,11.0932228102515));
#990=CARTESIAN_POINT('Ctrl Pts',(-5.15284749637616,-0.408454142158161,10.6743065268727));
#991=CARTESIAN_POINT('Ctrl Pts',(-5.26751709126028,-0.547016715672113,10.1690540628177));
#992=CARTESIAN_POINT('Ctrl Pts',(-5.37003598836943,-0.661808943225207,9.71799106837516));
#993=CARTESIAN_POINT('Ctrl Pts',(-5.46017102097596,-0.755387606894992,9.32160533726847));
#994=CARTESIAN_POINT('Ctrl Pts',(-5.53767265456736,-0.83026903746653,8.98088493995587));
#995=CARTESIAN_POINT('Ctrl Pts',(-5.6413636743701,-0.92189601995314,8.52511667807987));
#996=CARTESIAN_POINT('Ctrl Pts',(-5.7457209941164,-0.999715439480026,8.06652542400851));
#997=CARTESIAN_POINT('Ctrl Pts',(-5.86408784168141,-1.06463352001483,7.54644815997921));
#998=CARTESIAN_POINT('Ctrl Pts',(-5.9699682226722,-1.10153761240337,7.08128865702491));
#999=CARTESIAN_POINT('Ctrl Pts',(-6.0896943917976,-1.10228987674328,6.55537727817676));
#1000=CARTESIAN_POINT('Ctrl Pts',(-6.20913727283552,-1.04047081753642,6.03080396006027));
#1001=CARTESIAN_POINT('Ctrl Pts',(-6.30600153680024,-0.900573242387088,
5.60551092218637));
#1002=CARTESIAN_POINT('Ctrl Pts',(-6.37511162891306,-0.703295111781355,
5.30217513393998));
#1003=CARTESIAN_POINT('Ctrl Pts',(-6.41914456947945,-0.509152112095761,
5.10904516373359));
#1004=CARTESIAN_POINT('Ctrl Pts',(-6.44703280049953,-0.314384843500833,
4.9870736474003));
#1005=CARTESIAN_POINT('Ctrl Pts',(-6.46154526101669,-0.166148602527582,
4.92479465739137));
#1006=CARTESIAN_POINT('Ctrl Pts',(-6.46744419615489,-0.087066208100906,
4.9008630375642));
#1007=CARTESIAN_POINT('Ctrl Pts',(-6.4698195109958,-0.0384568382212915,
4.89174842602092));
#1008=CARTESIAN_POINT('Ctrl Pts',(-6.47030533219479,-0.0128168449330802,
4.88993737070151));
#1009=CARTESIAN_POINT('Ctrl Pts',(-6.47030533219479,2.13212547392796E-19,
4.88993737070151));
#1010=CARTESIAN_POINT('Ctrl Pts',(-4.92598240592836,3.10193108707658E-15,
11.6478018933205));
#1011=CARTESIAN_POINT('Ctrl Pts',(-4.92598240592836,-0.00234893363867561,
11.6478018933205));
#1012=CARTESIAN_POINT('Ctrl Pts',(-4.92606592651171,-0.0071975978764781,
11.6474350725997));
#1013=CARTESIAN_POINT('Ctrl Pts',(-4.92649975815095,-0.0159531689862111,
11.6455303570055));
#1014=CARTESIAN_POINT('Ctrl Pts',(-4.92746708170852,-0.0258643619909446,
11.6412831432392));
#1015=CARTESIAN_POINT('Ctrl Pts',(-4.9286795961487,-0.0336754376502471,
11.6359595927146));
#1016=CARTESIAN_POINT('Ctrl Pts',(-4.9297117395669,-0.0391668714186502,
11.6314282899127));
#1017=CARTESIAN_POINT('Ctrl Pts',(-4.93237326021531,-0.0516291325997941,
11.6197430866368));
#1018=CARTESIAN_POINT('Ctrl Pts',(-4.9393868745212,-0.0735656730311115,
11.5889473114166));
#1019=CARTESIAN_POINT('Ctrl Pts',(-4.9508477499239,-0.098472538528822,11.5386115826036));
#1020=CARTESIAN_POINT('Ctrl Pts',(-4.96477483136805,-0.124054532320458,
11.4774393246486));
#1021=CARTESIAN_POINT('Ctrl Pts',(-4.99282859479608,-0.170412841908936,
11.3542203638561));
#1022=CARTESIAN_POINT('Ctrl Pts',(-5.0542737984976,-0.259071144357307,11.0842698017714));
#1023=CARTESIAN_POINT('Ctrl Pts',(-5.14941497121642,-0.383486412781481,
10.666348038921));
#1024=CARTESIAN_POINT('Ctrl Pts',(-5.26426323929774,-0.522777528805226,
10.1618597943975));
#1025=CARTESIAN_POINT('Ctrl Pts',(-5.36682667540072,-0.637879783268235,
9.71133723146533));
#1026=CARTESIAN_POINT('Ctrl Pts',(-5.45695620089782,-0.731626869676438,
9.31543129578369));
#1027=CARTESIAN_POINT('Ctrl Pts',(-5.53442582321002,-0.806589714991881,
8.97513650134433));
#1028=CARTESIAN_POINT('Ctrl Pts',(-5.63804060337027,-0.898272079099306,
8.51999493372703));
#1029=CARTESIAN_POINT('Ctrl Pts',(-5.74227221319278,-0.976078210312475,
8.06214419738918));
#1030=CARTESIAN_POINT('Ctrl Pts',(-5.86041507277112,-1.04093853180167,7.54318664606427));
#1031=CARTESIAN_POINT('Ctrl Pts',(-5.96601973844937,-1.07777444552933,7.07930451501981));
#1032=CARTESIAN_POINT('Ctrl Pts',(-6.08525605369053,-1.07850193930181,6.55554379319204));
#1033=CARTESIAN_POINT('Ctrl Pts',(-6.2039095824232,-1.01696507492181,6.03434302541561));
#1034=CARTESIAN_POINT('Ctrl Pts',(-6.29961631061777,-0.878358487053501,
5.61393892390708));
#1035=CARTESIAN_POINT('Ctrl Pts',(-6.36748565609729,-0.684206623824997,
5.31581475133632));
#1036=CARTESIAN_POINT('Ctrl Pts',(-6.41056973634494,-0.4937147476137,5.12656311727462));
#1037=CARTESIAN_POINT('Ctrl Pts',(-6.43773622820324,-0.302639152993279,
5.00723549497322));
#1038=CARTESIAN_POINT('Ctrl Pts',(-6.45145865387185,-0.157178221438781,
4.94696091350062));
#1039=CARTESIAN_POINT('Ctrl Pts',(-6.45649596696233,-0.08068797499767,4.92482990598244));
#1040=CARTESIAN_POINT('Ctrl Pts',(-6.45830280477761,-0.0351582597940938,
4.91688883220686));
#1041=CARTESIAN_POINT('Ctrl Pts',(-6.45864823619248,-0.011710092879034,
4.91537067179043));
#1042=CARTESIAN_POINT('Ctrl Pts',(-6.45864823619248,5.21189805443284E-19,
4.91537067179043));
#1043=CARTESIAN_POINT('Ctrl Pts',(-4.93050386850629,1.84326239107705E-15,
11.6279407890761));
#1044=CARTESIAN_POINT('Ctrl Pts',(-4.93050386850629,-0.00139445856186556,
11.6279407890761));
#1045=CARTESIAN_POINT('Ctrl Pts',(-4.93055133496944,-0.00427648696751697,
11.6277322865492));
#1046=CARTESIAN_POINT('Ctrl Pts',(-4.93080319137263,-0.00962262998286977,
11.626625974998));
#1047=CARTESIAN_POINT('Ctrl Pts',(-4.93140237712133,-0.0161549792665504,
11.6239939747522));
#1048=CARTESIAN_POINT('Ctrl Pts',(-4.9322521232238,-0.0219712146374567,
11.6202613560184));
#1049=CARTESIAN_POINT('Ctrl Pts',(-4.93302819394274,-0.0263208755250438,
11.6168523658555));
#1050=CARTESIAN_POINT('Ctrl Pts',(-4.93511011674568,-0.0366594658863659,
11.6077072529402));
#1051=CARTESIAN_POINT('Ctrl Pts',(-4.94134491720447,-0.0575936756571529,
11.5803200923211));
#1052=CARTESIAN_POINT('Ctrl Pts',(-4.95240851622061,-0.0828386235503898,
11.5317218147527));
#1053=CARTESIAN_POINT('Ctrl Pts',(-4.96607967609445,-0.108915073059281,
11.4716694917011));
#1054=CARTESIAN_POINT('Ctrl Pts',(-4.99387093808932,-0.156181359068811,
11.349592809201));
#1055=CARTESIAN_POINT('Ctrl Pts',(-5.05514874403577,-0.245957740739358,
11.0804221877944));
#1056=CARTESIAN_POINT('Ctrl Pts',(-5.15019094207909,-0.370993624691926,
10.6629371438697));
#1057=CARTESIAN_POINT('Ctrl Pts',(-5.26496234300086,-0.51065220376874,10.1587890460608));
#1058=CARTESIAN_POINT('Ctrl Pts',(-5.36746779694519,-0.625908751723602,
9.70852069343953));
#1059=CARTESIAN_POINT('Ctrl Pts',(-5.45754550767559,-0.719740748231162,
9.31284279672488));
#1060=CARTESIAN_POINT('Ctrl Pts',(-5.53496806640896,-0.79474437724768,8.9727542781615));
#1061=CARTESIAN_POINT('Ctrl Pts',(-5.63851324756208,-0.886454623873562,
8.51791879043217));
#1062=CARTESIAN_POINT('Ctrl Pts',(-5.74266156170199,-0.964254137825149,
8.06043396370745));
#1063=CARTESIAN_POINT('Ctrl Pts',(-5.86067765616662,-1.02908567284471,7.54203313338437));
#1064=CARTESIAN_POINT('Ctrl Pts',(-5.96613724373252,-1.06588749993945,7.07878836996716));
#1065=CARTESIAN_POINT('Ctrl Pts',(-6.0851286020356,-1.06660257223701,6.5561035681576));
#1066=CARTESIAN_POINT('Ctrl Pts',(-6.20339763018767,-1.00520680363642,6.03659169417408));
#1067=CARTESIAN_POINT('Ctrl Pts',(-6.29854644664572,-0.867245715861506,
5.61863831518904));
#1068=CARTESIAN_POINT('Ctrl Pts',(-6.36582085623211,-0.674657534095049,
5.32312684323863));
#1069=CARTESIAN_POINT('Ctrl Pts',(-6.40846143937392,-0.485992055710792,
5.13582261319738));
#1070=CARTESIAN_POINT('Ctrl Pts',(-6.43532324079568,-0.296762123472926,
5.01782870546658));
#1071=CARTESIAN_POINT('Ctrl Pts',(-6.44880867475393,-0.152687764873506,
4.95859220731826));
#1072=CARTESIAN_POINT('Ctrl Pts',(-6.45363004389978,-0.0774937387709469,
4.93741372501176));
#1073=CARTESIAN_POINT('Ctrl Pts',(-6.45529610917567,-0.0335060420480423,
4.93009531961701));
#1074=CARTESIAN_POINT('Ctrl Pts',(-6.45560640014082,-0.0111556684949402,
4.92873232675826));
#1075=CARTESIAN_POINT('Ctrl Pts',(-6.45560640014082,4.96529921315074E-19,
4.92873232675826));
#1076=CARTESIAN_POINT('Ctrl Pts',(-5.11510065034648,3.59738313526986E-15,
11.699281558684));
#1077=CARTESIAN_POINT('Ctrl Pts',(-5.11510065034648,-0.00273073175571405,
11.699281558684));
#1078=CARTESIAN_POINT('Ctrl Pts',(-5.11508873174471,-0.0083739470413799,
11.6990590629973));
#1079=CARTESIAN_POINT('Ctrl Pts',(-5.11502646159907,-0.0188162930811713,
11.6978787244239));
#1080=CARTESIAN_POINT('Ctrl Pts',(-5.11488486329036,-0.031479223303943,
11.6950720970298));
#1081=CARTESIAN_POINT('Ctrl Pts',(-5.11470934550049,-0.04256057759283,11.6910975788749));
#1082=CARTESIAN_POINT('Ctrl Pts',(-5.11457148338419,-0.0507250180859713,
11.6874727645142));
#1083=CARTESIAN_POINT('Ctrl Pts',(-5.11423714727266,-0.069919410889202,
11.6777567430154));
#1084=CARTESIAN_POINT('Ctrl Pts',(-5.1137602479927,-0.106489277310424,11.6487790844804));
#1085=CARTESIAN_POINT('Ctrl Pts',(-5.11545541343273,-0.144763632409627,
11.5979361199652));
#1086=CARTESIAN_POINT('Ctrl Pts',(-5.1204098633858,-0.18007218927872,11.5357593797305));
#1087=CARTESIAN_POINT('Ctrl Pts',(-5.13449937406423,-0.238659455213914,
11.4102752170524));
#1088=CARTESIAN_POINT('Ctrl Pts',(-5.17984748221038,-0.336339883542672,
11.1368217132506));
#1089=CARTESIAN_POINT('Ctrl Pts',(-5.26554415211359,-0.464491653054195,
10.7161025758646));
#1090=CARTESIAN_POINT('Ctrl Pts',(-5.37474126298173,-0.605859399509424,
10.2091587095942));
#1091=CARTESIAN_POINT('Ctrl Pts',(-5.47469238434798,-0.721988936858078,
9.75671971782143));
#1092=CARTESIAN_POINT('Ctrl Pts',(-5.56330340650904,-0.816465186319643,
9.35907972775779));
#1093=CARTESIAN_POINT('Ctrl Pts',(-5.63992166049027,-0.891956428105995,
9.01721572345861));
#1094=CARTESIAN_POINT('Ctrl Pts',(-5.74281661791533,-0.984287632389774,
8.55975163620108));
#1095=CARTESIAN_POINT('Ctrl Pts',(-5.84686354629062,-1.06268946395818,8.09913830090652));
#1096=CARTESIAN_POINT('Ctrl Pts',(-5.9653676147507,-1.12815898263789,7.57601225833858));
#1097=CARTESIAN_POINT('Ctrl Pts',(-6.07176407116399,-1.16544146077292,7.10738388641638));
#1098=CARTESIAN_POINT('Ctrl Pts',(-6.19281292253268,-1.16625607624901,6.57568534017778));
#1099=CARTESIAN_POINT('Ctrl Pts',(-6.31468777733653,-1.10340158747481,6.04214296020977));
#1100=CARTESIAN_POINT('Ctrl Pts',(-6.41525578105408,-0.959490030380033,
5.6041094377242));
#1101=CARTESIAN_POINT('Ctrl Pts',(-6.48834239621134,-0.753348286621668,
5.28757084738799));
#1102=CARTESIAN_POINT('Ctrl Pts',(-6.53567368840508,-0.549044934612215,
5.08512141272729));
#1103=CARTESIAN_POINT('Ctrl Pts',(-6.56684484821364,-0.3438806749922,4.95804056153124));
#1104=CARTESIAN_POINT('Ctrl Pts',(-6.58706535745384,-0.187021394791099,
4.89581004273179));
#1105=CARTESIAN_POINT('Ctrl Pts',(-6.59946445024882,-0.100402325628828,
4.87481047127454));
#1106=CARTESIAN_POINT('Ctrl Pts',(-6.60579290163462,-0.0448616209745299,
4.86803170468279));
#1107=CARTESIAN_POINT('Ctrl Pts',(-6.60720413177081,-0.0149567801625161,
4.86682270871659));
#1108=CARTESIAN_POINT('Ctrl Pts',(-6.60720413177081,-7.70717333384034E-18,
4.86682270871659));
#1109=CARTESIAN_POINT('Ctrl Pts',(-6.45560640014082,4.96529921315074E-19,
4.92873232675826));
#1110=CARTESIAN_POINT('Ctrl Pts',(-6.45560640014082,-0.0111556684949402,
4.92873232675826));
#1111=CARTESIAN_POINT('Ctrl Pts',(-6.45529610917567,-0.0335060420480423,
4.93009531961701));
#1112=CARTESIAN_POINT('Ctrl Pts',(-6.45363004389978,-0.0774937387709469,
4.93741372501176));
#1113=CARTESIAN_POINT('Ctrl Pts',(-6.44880867475393,-0.152687764873506,
4.95859220731826));
#1114=CARTESIAN_POINT('Ctrl Pts',(-6.43532324079568,-0.296762123472926,
5.01782870546658));
#1115=CARTESIAN_POINT('Ctrl Pts',(-6.40846143937392,-0.485992055710792,
5.13582261319738));
#1116=CARTESIAN_POINT('Ctrl Pts',(-6.36582085623211,-0.674657534095049,
5.32312684323863));
#1117=CARTESIAN_POINT('Ctrl Pts',(-6.29854644664572,-0.867245715861506,
5.61863831518904));
#1118=CARTESIAN_POINT('Ctrl Pts',(-6.20339763018767,-1.00520680363642,6.03659169417408));
#1119=CARTESIAN_POINT('Ctrl Pts',(-6.0851286020356,-1.06660257223701,6.5561035681576));
#1120=CARTESIAN_POINT('Ctrl Pts',(-5.96613724373252,-1.06588749993945,7.07878836996716));
#1121=CARTESIAN_POINT('Ctrl Pts',(-5.86067765616662,-1.02908567284471,7.54203313338437));
#1122=CARTESIAN_POINT('Ctrl Pts',(-5.74266156170199,-0.964254137825149,
8.06043396370745));
#1123=CARTESIAN_POINT('Ctrl Pts',(-5.63851324756208,-0.886454623873562,
8.51791879043217));
#1124=CARTESIAN_POINT('Ctrl Pts',(-5.53496806640896,-0.79474437724768,8.9727542781615));
#1125=CARTESIAN_POINT('Ctrl Pts',(-5.45754550767559,-0.719740748231162,
9.31284279672488));
#1126=CARTESIAN_POINT('Ctrl Pts',(-5.36746779694519,-0.625908751723602,
9.70852069343953));
#1127=CARTESIAN_POINT('Ctrl Pts',(-5.26496234300086,-0.51065220376874,10.1587890460608));
#1128=CARTESIAN_POINT('Ctrl Pts',(-5.15019094207909,-0.370993624691926,
10.6629371438697));
#1129=CARTESIAN_POINT('Ctrl Pts',(-5.05514874403577,-0.245957740739358,
11.0804221877944));
#1130=CARTESIAN_POINT('Ctrl Pts',(-4.99387093808932,-0.156181359068811,
11.349592809201));
#1131=CARTESIAN_POINT('Ctrl Pts',(-4.96607967609445,-0.108915073059281,
11.4716694917011));
#1132=CARTESIAN_POINT('Ctrl Pts',(-4.95240851622061,-0.0828386235503898,
11.5317218147527));
#1133=CARTESIAN_POINT('Ctrl Pts',(-4.94134491720447,-0.0575936756571529,
11.5803200923211));
#1134=CARTESIAN_POINT('Ctrl Pts',(-4.93511011674568,-0.0366594658863659,
11.6077072529402));
#1135=CARTESIAN_POINT('Ctrl Pts',(-4.93302819394274,-0.0263208755250438,
11.6168523658555));
#1136=CARTESIAN_POINT('Ctrl Pts',(-4.9322521232238,-0.0219712146374567,
11.6202613560184));
#1137=CARTESIAN_POINT('Ctrl Pts',(-4.93140237712133,-0.0161549792665504,
11.6239939747522));
#1138=CARTESIAN_POINT('Ctrl Pts',(-4.93080319137263,-0.00962262998286977,
11.626625974998));
#1139=CARTESIAN_POINT('Ctrl Pts',(-4.93055133496944,-0.00427648696751697,
11.6277322865492));
#1140=CARTESIAN_POINT('Ctrl Pts',(-4.93050386850629,-0.00139445856186556,
11.6279407890761));
#1141=CARTESIAN_POINT('Ctrl Pts',(-4.93050386850629,1.84326239107705E-15,
11.6279407890761));
#1142=CARTESIAN_POINT('Ctrl Pts',(-6.48583371933524,0.,4.7959549505884));
#1143=CARTESIAN_POINT('Ctrl Pts',(-6.48583371933524,0.,4.7959549505884));
#1144=CARTESIAN_POINT('Ctrl Pts',(-6.48583371933524,0.,4.7959549505884));
#1145=CARTESIAN_POINT('Ctrl Pts',(-6.57665626950703,0.,4.84402880965382));
#1146=CARTESIAN_POINT('Ctrl Pts',(-6.57665626950703,0.0992279288040866,
4.84402880965382));
#1147=CARTESIAN_POINT('Ctrl Pts',(-6.47990383727449,0.0992279288040866,
4.82200271803873));
#1148=CARTESIAN_POINT('Ctrl Pts',(-6.74555086585931,0.,4.95054942228571));
#1149=CARTESIAN_POINT('Ctrl Pts',(-6.74555086585931,0.287553896966113,4.95054942228571));
#1150=CARTESIAN_POINT('Ctrl Pts',(-6.46517074239279,0.287553896966113,4.88671972680392));
#1151=CARTESIAN_POINT('Ctrl Pts',(-6.96064825141522,0.,5.14144332759756));
#1152=CARTESIAN_POINT('Ctrl Pts',(-6.96064825141522,0.539658744543329,5.14144332759756));
#1153=CARTESIAN_POINT('Ctrl Pts',(-6.43445268591858,0.53965874454333,5.02165272941156));
#1154=CARTESIAN_POINT('Ctrl Pts',(-7.16963610465206,0.,5.45926807410917));
#1155=CARTESIAN_POINT('Ctrl Pts',(-7.16963610465206,0.813981915650476,5.45926807410917));
#1156=CARTESIAN_POINT('Ctrl Pts',(-6.37596106697212,0.813981915650477,5.27858466709634));
#1157=CARTESIAN_POINT('Ctrl Pts',(-7.29515576558471,0.,5.96695711286965));
#1158=CARTESIAN_POINT('Ctrl Pts',(-7.29515576558471,1.04906429668064,5.96695711286965));
#1159=CARTESIAN_POINT('Ctrl Pts',(-6.2722630830964,1.04906429668064,5.73409136038139));
#1160=CARTESIAN_POINT('Ctrl Pts',(-7.2800519965485,0.,6.58904727683097));
#1161=CARTESIAN_POINT('Ctrl Pts',(-7.2800519965485,1.17242561946204,6.58904727683097));
#1162=CARTESIAN_POINT('Ctrl Pts',(-6.13687555759794,1.17242561946204,6.32879842938054));
#1163=CARTESIAN_POINT('Ctrl Pts',(-7.12911948561297,0.,7.32163795206147));
#1164=CARTESIAN_POINT('Ctrl Pts',(-7.12911948561297,1.18787511852437,7.32163795206147));
#1165=CARTESIAN_POINT('Ctrl Pts',(-5.97087897519514,1.18787511852437,7.05795970639769));
#1166=CARTESIAN_POINT('Ctrl Pts',(-6.85540501024678,0.,8.15411521723225));
#1167=CARTESIAN_POINT('Ctrl Pts',(-6.85540501024678,1.10577806362283,8.15411521723225));
#1168=CARTESIAN_POINT('Ctrl Pts',(-5.77721343198529,1.10577806362283,7.90866044226251));
#1169=CARTESIAN_POINT('Ctrl Pts',(-6.47368397364687,0.,9.07445886524482));
#1170=CARTESIAN_POINT('Ctrl Pts',(-6.47368397364687,0.937873065325771,9.07445886524482));
#1171=CARTESIAN_POINT('Ctrl Pts',(-5.55920857050896,0.937873065325771,8.8662747550939));
#1172=CARTESIAN_POINT('Ctrl Pts',(-5.99774428070203,0.,10.0714520467168));
#1173=CARTESIAN_POINT('Ctrl Pts',(-5.99774428070203,0.695114196688575,10.0714520467168));
#1174=CARTESIAN_POINT('Ctrl Pts',(-5.31997150020015,0.695114196688575,9.91715426822095));
#1175=CARTESIAN_POINT('Ctrl Pts',(-5.55000785819047,0.,10.9235405080905));
#1176=CARTESIAN_POINT('Ctrl Pts',(-5.55000785819047,0.447689810645213,10.9235405080905));
#1177=CARTESIAN_POINT('Ctrl Pts',(-5.11348682436772,0.447689810645213,10.824164688165));
#1178=CARTESIAN_POINT('Ctrl Pts',(-5.17935834923463,0.,11.5909560273972));
#1179=CARTESIAN_POINT('Ctrl Pts',(-5.17935834923463,0.234436481882636,11.5909560273972));
#1180=CARTESIAN_POINT('Ctrl Pts',(-4.95077048995392,0.234436481882636,11.5389170552035));
#1181=CARTESIAN_POINT('Ctrl Pts',(-4.91702255832181,0.,12.0482947187384));
#1182=CARTESIAN_POINT('Ctrl Pts',(-4.91702255832181,0.0801629612886779,
12.0482947187384));
#1183=CARTESIAN_POINT('Ctrl Pts',(-4.83885946882555,0.0801629612886779,
12.0305005679306));
#1184=CARTESIAN_POINT('Ctrl Pts',(-4.78204558004885,0.,12.2800628606783));
#1185=CARTESIAN_POINT('Ctrl Pts',(-4.78204558004885,0.,12.2800628606783));
#1186=CARTESIAN_POINT('Ctrl Pts',(-4.78204558004885,0.,12.2800628606783));
#1187=CARTESIAN_POINT('Ctrl Pts',(-5.11510065034648,0.,11.699281558684));
#1188=CARTESIAN_POINT('Ctrl Pts',(-5.17768151726592,0.,11.5883760169039));
#1189=CARTESIAN_POINT('Ctrl Pts',(-5.36466741150156,0.,11.2543029133661));
#1190=CARTESIAN_POINT('Ctrl Pts',(-5.66267116117257,0.,10.7079530898503));
#1191=CARTESIAN_POINT('Ctrl Pts',(-6.04610783588021,0.,9.97014060860993));
#1192=CARTESIAN_POINT('Ctrl Pts',(-6.47368397364687,0.,9.07445886524482));
#1193=CARTESIAN_POINT('Ctrl Pts',(-6.85540501024678,0.,8.15411521723225));
#1194=CARTESIAN_POINT('Ctrl Pts',(-7.12911948561297,0.,7.32163795206147));
#1195=CARTESIAN_POINT('Ctrl Pts',(-7.2800519965485,0.,6.58904727683097));
#1196=CARTESIAN_POINT('Ctrl Pts',(-7.29515576558471,0.,5.96695711286965));
#1197=CARTESIAN_POINT('Ctrl Pts',(-7.17661832519607,0.,5.48750904297464));
#1198=CARTESIAN_POINT('Ctrl Pts',(-6.98918648244435,0.,5.18606907629902));
#1199=CARTESIAN_POINT('Ctrl Pts',(-6.80386951030301,0.,5.00486916715072));
#1200=CARTESIAN_POINT('Ctrl Pts',(-6.66764306099661,0.,4.90569329795286));
#1201=CARTESIAN_POINT('Ctrl Pts',(-6.60720413177081,0.,4.86682270871659));
#1202=CARTESIAN_POINT('Origin',(-5.65387842159324,0.394565710368971,8.45042529293977));
#1203=CARTESIAN_POINT('Ctrl Pts',(-4.78204558004885,0.,12.2800628606783));
#1204=CARTESIAN_POINT('Ctrl Pts',(-4.78204558004885,0.,12.2800628606783));
#1205=CARTESIAN_POINT('Ctrl Pts',(-4.78204558004885,0.,12.2800628606783));
#1206=CARTESIAN_POINT('Ctrl Pts',(-4.91702255832181,0.,12.0482947187384));
#1207=CARTESIAN_POINT('Ctrl Pts',(-4.91702255832181,-0.0801629612886779,
12.0482947187384));
#1208=CARTESIAN_POINT('Ctrl Pts',(-4.83885946882555,-0.0801629612886779,
12.0305005679306));
#1209=CARTESIAN_POINT('Ctrl Pts',(-5.17935834923463,0.,11.5909560273972));
#1210=CARTESIAN_POINT('Ctrl Pts',(-5.17935834923463,-0.234436481882636,
11.5909560273972));
#1211=CARTESIAN_POINT('Ctrl Pts',(-4.95077048995392,-0.234436481882636,
11.5389170552035));
#1212=CARTESIAN_POINT('Ctrl Pts',(-5.55000785819047,0.,10.9235405080905));
#1213=CARTESIAN_POINT('Ctrl Pts',(-5.55000785819047,-0.447689810645213,
10.9235405080905));
#1214=CARTESIAN_POINT('Ctrl Pts',(-5.11348682436772,-0.447689810645213,
10.824164688165));
#1215=CARTESIAN_POINT('Ctrl Pts',(-5.99774428070203,0.,10.0714520467168));
#1216=CARTESIAN_POINT('Ctrl Pts',(-5.99774428070203,-0.695114196688575,
10.0714520467168));
#1217=CARTESIAN_POINT('Ctrl Pts',(-5.31997150020015,-0.695114196688575,
9.91715426822095));
#1218=CARTESIAN_POINT('Ctrl Pts',(-6.47368397364687,0.,9.07445886524482));
#1219=CARTESIAN_POINT('Ctrl Pts',(-6.47368397364687,-0.937873065325771,
9.07445886524482));
#1220=CARTESIAN_POINT('Ctrl Pts',(-5.55920857050896,-0.937873065325771,
8.8662747550939));
#1221=CARTESIAN_POINT('Ctrl Pts',(-6.85540501024678,0.,8.15411521723225));
#1222=CARTESIAN_POINT('Ctrl Pts',(-6.85540501024678,-1.10577806362283,8.15411521723225));
#1223=CARTESIAN_POINT('Ctrl Pts',(-5.77721343198529,-1.10577806362283,7.90866044226251));
#1224=CARTESIAN_POINT('Ctrl Pts',(-7.12911948561297,0.,7.32163795206147));
#1225=CARTESIAN_POINT('Ctrl Pts',(-7.12911948561297,-1.18787511852437,7.32163795206147));
#1226=CARTESIAN_POINT('Ctrl Pts',(-5.97087897519514,-1.18787511852437,7.05795970639769));
#1227=CARTESIAN_POINT('Ctrl Pts',(-7.2800519965485,0.,6.58904727683097));
#1228=CARTESIAN_POINT('Ctrl Pts',(-7.2800519965485,-1.17242561946204,6.58904727683097));
#1229=CARTESIAN_POINT('Ctrl Pts',(-6.13687555759794,-1.17242561946204,6.32879842938054));
#1230=CARTESIAN_POINT('Ctrl Pts',(-7.29515576558471,0.,5.96695711286965));
#1231=CARTESIAN_POINT('Ctrl Pts',(-7.29515576558471,-1.04906429668064,5.96695711286965));
#1232=CARTESIAN_POINT('Ctrl Pts',(-6.2722630830964,-1.04906429668064,5.73409136038139));
#1233=CARTESIAN_POINT('Ctrl Pts',(-7.16963610465206,0.,5.45926807410917));
#1234=CARTESIAN_POINT('Ctrl Pts',(-7.16963610465206,-0.813981915650476,
5.45926807410917));
#1235=CARTESIAN_POINT('Ctrl Pts',(-6.37596106697212,-0.813981915650477,
5.27858466709634));
#1236=CARTESIAN_POINT('Ctrl Pts',(-6.96064825141522,0.,5.14144332759756));
#1237=CARTESIAN_POINT('Ctrl Pts',(-6.96064825141522,-0.539658744543329,
5.14144332759756));
#1238=CARTESIAN_POINT('Ctrl Pts',(-6.43445268591858,-0.53965874454333,5.02165272941156));
#1239=CARTESIAN_POINT('Ctrl Pts',(-6.74555086585931,0.,4.95054942228571));
#1240=CARTESIAN_POINT('Ctrl Pts',(-6.74555086585931,-0.287553896966113,
4.95054942228571));
#1241=CARTESIAN_POINT('Ctrl Pts',(-6.46517074239279,-0.287553896966113,
4.88671972680392));
#1242=CARTESIAN_POINT('Ctrl Pts',(-6.57665626950703,0.,4.84402880965382));
#1243=CARTESIAN_POINT('Ctrl Pts',(-6.57665626950703,-0.0992279288040866,
4.84402880965382));
#1244=CARTESIAN_POINT('Ctrl Pts',(-6.47990383727449,-0.0992279288040866,
4.82200271803873));
#1245=CARTESIAN_POINT('Ctrl Pts',(-6.48583371933524,0.,4.7959549505884));
#1246=CARTESIAN_POINT('Ctrl Pts',(-6.48583371933524,0.,4.7959549505884));
#1247=CARTESIAN_POINT('Ctrl Pts',(-6.48583371933524,0.,4.7959549505884));
#1248=CARTESIAN_POINT('Origin',(5.62394607463602,0.0122860616509062,9.70041436929752));
#1249=CARTESIAN_POINT('',(5.42748862449028,-0.0357139383490941,9.66293810638038));
#1250=CARTESIAN_POINT('Origin',(5.42748862449028,0.0122860616509059,9.66293810638038));
#1251=CARTESIAN_POINT('',(5.62394607463602,-0.0357139383490938,9.70041436929752));
#1252=CARTESIAN_POINT('',(5.62394607463602,-0.0357139383490938,9.70041436929752));
#1253=CARTESIAN_POINT('Origin',(5.62394607463602,0.0122860616509062,9.70041436929752));
#1254=CARTESIAN_POINT('Origin',(5.42748862449028,0.0122860616509059,9.66293810638038));
#1255=CARTESIAN_POINT('Origin',(5.53400304363489,0.0122860616509036,10.1719122496473));
#1256=CARTESIAN_POINT('',(5.33754559348915,-0.0377139383490967,10.1344359867302));
#1257=CARTESIAN_POINT('Origin',(5.33754559348915,0.0122860616509033,10.1344359867302));
#1258=CARTESIAN_POINT('',(5.53400304363489,-0.0377139383490963,10.1719122496473));
#1259=CARTESIAN_POINT('',(5.53400304363489,-0.0377139383490963,10.1719122496473));
#1260=CARTESIAN_POINT('Origin',(5.53400304363489,0.0122860616509036,10.1719122496473));
#1261=CARTESIAN_POINT('Origin',(5.33754559348915,0.0122860616509033,10.1344359867302));
#1262=CARTESIAN_POINT('Origin',(5.93874598366144,0.0122860616508884,8.05017545486819));
#1263=CARTESIAN_POINT('',(5.7422885335157,-0.0377139383491119,8.01269919195105));
#1264=CARTESIAN_POINT('Origin',(5.7422885335157,0.0122860616508881,8.01269919195105));
#1265=CARTESIAN_POINT('',(5.93874598366144,-0.0377139383491115,8.05017545486819));
#1266=CARTESIAN_POINT('',(5.93874598366144,-0.0377139383491115,8.05017545486819));
#1267=CARTESIAN_POINT('Origin',(5.93874598366143,0.0122860616508884,8.05017545486819));
#1268=CARTESIAN_POINT('Origin',(5.7422885335157,0.0122860616508881,8.01269919195105));
#1269=CARTESIAN_POINT('Origin',(5.84880295266031,0.0122860616508917,8.52167333521796));
#1270=CARTESIAN_POINT('',(5.65234550251457,-0.0377139383491086,8.48419707230082));
#1271=CARTESIAN_POINT('Origin',(5.65234550251457,0.0122860616508914,8.48419707230082));
#1272=CARTESIAN_POINT('',(5.84880295266031,-0.0377139383491082,8.52167333521796));
#1273=CARTESIAN_POINT('',(5.84880295266031,-0.0377139383491082,8.52167333521796));
#1274=CARTESIAN_POINT('Origin',(5.84880295266031,0.0122860616508917,8.52167333521796));
#1275=CARTESIAN_POINT('Origin',(5.65234550251457,0.0122860616508914,8.48419707230082));
#1276=CARTESIAN_POINT('Origin',(5.74383640474951,0.365778317987074,9.07192724924217));
#1277=CARTESIAN_POINT('',(5.82907840200495,0.211044900343233,7.6808369098465));
#1278=CARTESIAN_POINT('',(5.5220236683376,0.365778317987073,9.02961420678959));
#1279=CARTESIAN_POINT('',(5.58765801258473,0.332703347023839,8.74130693217781));
#1280=CARTESIAN_POINT('',(6.00287665551505,0.211044900343233,7.71399069983132));
#1281=CARTESIAN_POINT('',(6.00287665551505,0.211044900343233,7.71399069983132));
#1282=CARTESIAN_POINT('',(5.74383640474951,0.365778317987073,9.07192724924217));
#1283=CARTESIAN_POINT('',(6.00287665551505,0.211044900343233,7.71399069983132));
#1284=CARTESIAN_POINT('',(5.74383640474951,0.365778317987073,9.07192724924217));
#1285=CARTESIAN_POINT('Origin',(5.73637451364816,0.00999999999996989,9.11104385225774));
#1286=CARTESIAN_POINT('',(5.50421004366584,0.36571557116052,9.10786283773094));
#1287=CARTESIAN_POINT('Origin',(5.51317867618673,0.009999999999969,9.06846696916926));
#1288=CARTESIAN_POINT('',(5.72880831595602,0.365715571160521,9.15070724957095));
#1289=CARTESIAN_POINT('Origin',(5.73637451364816,0.00999999999996989,9.11104385225774));
#1290=CARTESIAN_POINT('',(5.72880831595602,0.365715571160521,9.15070724957095));
#1291=CARTESIAN_POINT('Origin',(5.46981375081229,0.208819201115433,10.5084043065652));
#1292=CARTESIAN_POINT('',(5.19720946369235,0.208819201115432,10.4564022576286));
#1293=CARTESIAN_POINT('',(5.4260263180233,0.325758829870407,9.45129487956139));
#1294=CARTESIAN_POINT('',(5.46981375081229,0.208819201115433,10.5084043065652));
#1295=CARTESIAN_POINT('',(5.72880831595602,0.365715571160521,9.15070724957095));
#1296=CARTESIAN_POINT('',(5.46981375081229,0.208819201115433,10.5084043065652));
#1297=CARTESIAN_POINT('Origin',(5.47404067383746,0.0100954164905792,10.4862460000841));
#1298=CARTESIAN_POINT('',(5.19720344352673,-0.188625289585661,10.4564287019782));
#1299=CARTESIAN_POINT('Origin',(5.20221986929491,0.0100954164905781,10.4343934084423));
#1300=CARTESIAN_POINT('',(5.46980867202652,-0.18862528958566,10.5084309304926));
#1301=CARTESIAN_POINT('Origin',(5.47404067383746,0.0100954164905792,10.4862460000841));
#1302=CARTESIAN_POINT('',(5.46980867202652,-0.18862528958566,10.5084309304926));
#1303=CARTESIAN_POINT('Origin',(5.72879923040658,-0.345710063876474,9.15075487768906));
#1304=CARTESIAN_POINT('',(5.50419927406167,-0.345710063876475,9.10791014459844));
#1305=CARTESIAN_POINT('',(5.56975789543053,-0.379255344353409,8.81993549244083));
#1306=CARTESIAN_POINT('',(5.72879923040658,-0.345710063876474,9.15075487768906));
#1307=CARTESIAN_POINT('',(5.46980867202652,-0.18862528958566,10.5084309304926));
#1308=CARTESIAN_POINT('',(5.72879923040658,-0.345710063876474,9.15075487768906));
#1309=CARTESIAN_POINT('Origin',(5.73637451364816,0.00999999999996989,9.11104385225774));
#1310=CARTESIAN_POINT('',(5.52228169479545,-0.345646370240938,9.02848079248194));
#1311=CARTESIAN_POINT('Origin',(5.51317867618673,0.009999999999969,9.06846696916926));
#1312=CARTESIAN_POINT('',(5.74405408332932,-0.345646370240937,9.07078613816515));
#1313=CARTESIAN_POINT('Origin',(5.73637451364816,0.00999999999996989,9.11104385225774));
#1314=CARTESIAN_POINT('',(5.74405408332932,-0.345646370240937,9.07078613816515));
#1315=CARTESIAN_POINT('Origin',(6.00299826672056,-0.186399061388741,7.71335319156652));
#1316=CARTESIAN_POINT('',(5.82922255449171,-0.186399061388742,7.68020370156107));
#1317=CARTESIAN_POINT('',(5.75071141616741,-0.227132274638485,8.02507394558633));
#1318=CARTESIAN_POINT('',(6.00299826672056,-0.186399061388741,7.71335319156651));
#1319=CARTESIAN_POINT('',(5.74405408332932,-0.345646370240937,9.07078613816515));
#1320=CARTESIAN_POINT('',(6.00299826672056,-0.186399061388741,7.71335319156651));
#1321=CARTESIAN_POINT('Origin',(5.99870800432886,0.012286061650886,7.735843534635));
#1322=CARTESIAN_POINT('Origin',(5.82413706923544,0.0122860616508853,7.70254234775511));
#1323=CARTESIAN_POINT('Origin',(5.99870800432886,0.012286061650886,7.735843534635));
#1324=CARTESIAN_POINT('Origin',(5.73637433908316,0.0099999999999962,9.11104476735953));
#1325=CARTESIAN_POINT('Ctrl Pts',(6.60720413177081,-5.3776427755281E-17,
4.86682270871659));
#1326=CARTESIAN_POINT('Ctrl Pts',(6.60720413177081,0.0149563204587556,4.86682270871659));
#1327=CARTESIAN_POINT('Ctrl Pts',(6.60580849086308,0.0447984129915956,4.86802162506242));
#1328=CARTESIAN_POINT('Ctrl Pts',(6.59945750606244,0.100438003715632,4.87481673829524));
#1329=CARTESIAN_POINT('Ctrl Pts',(6.5870849188397,0.186907836781721,4.89577469966073));
#1330=CARTESIAN_POINT('Ctrl Pts',(6.56684303325906,0.343884793097585,4.95803488920003));
#1331=CARTESIAN_POINT('Ctrl Pts',(6.53567734453974,0.549028438842669,5.08511179726609));
#1332=CARTESIAN_POINT('Ctrl Pts',(6.48834826803837,0.753324130282316,5.28754257497048));
#1333=CARTESIAN_POINT('Ctrl Pts',(6.41526196431335,0.959486895565588,5.60408416714183));
#1334=CARTESIAN_POINT('Ctrl Pts',(6.31469130281484,1.10337718320609,6.04212689790003));
#1335=CARTESIAN_POINT('Ctrl Pts',(6.1928354501735,1.166231735544,6.57558903990279));
#1336=CARTESIAN_POINT('Ctrl Pts',(6.07191689577652,1.16548625510106,7.10670727023066));
#1337=CARTESIAN_POINT('Ctrl Pts',(5.93891282767005,1.11885352332074,7.69254534060368));
#1338=CARTESIAN_POINT('Ctrl Pts',(5.82092491802213,1.04424434669684,8.21381941527331));
#1339=CARTESIAN_POINT('Ctrl Pts',(5.71719072404574,0.961345876141407,8.67369037633006));
#1340=CARTESIAN_POINT('Ctrl Pts',(5.61415972427549,0.868808491571356,9.13170259362136));
#1341=CARTESIAN_POINT('Ctrl Pts',(5.48691920030534,0.737856399431072,9.70066057861141));
#1342=CARTESIAN_POINT('Ctrl Pts',(5.3623071602522,0.590730647128943,10.2657369082873));
#1343=CARTESIAN_POINT('Ctrl Pts',(5.27203130897405,0.471318956732978,10.6879129923534));
#1344=CARTESIAN_POINT('Ctrl Pts',(5.21427173060728,0.387390978367494,10.9686570957053));
#1345=CARTESIAN_POINT('Ctrl Pts',(5.16572880997413,0.306414851495983,11.2211487706515));
#1346=CARTESIAN_POINT('Ctrl Pts',(5.13109444834455,0.230772263120861,11.4313443345877));
#1347=CARTESIAN_POINT('Ctrl Pts',(5.11612531788983,0.159979649358395,11.5775760356126));
#1348=CARTESIAN_POINT('Ctrl Pts',(5.11393253084473,0.110305388189295,11.6437992291494));
#1349=CARTESIAN_POINT('Ctrl Pts',(5.11413770633183,0.0771924888900993,11.6719444481788));
#1350=CARTESIAN_POINT('Ctrl Pts',(5.11437193599004,0.0622517506422011,11.6816505110403));
#1351=CARTESIAN_POINT('Ctrl Pts',(5.11457132651906,0.0507223695436966,11.6874735217538));
#1352=CARTESIAN_POINT('Ctrl Pts',(5.11470971869266,0.0425512525504026,11.6911051338424));
#1353=CARTESIAN_POINT('Ctrl Pts',(5.11488500821025,0.0314534366334725,11.6950765834536));
#1354=CARTESIAN_POINT('Ctrl Pts',(5.11502642632049,0.0188442636313034,11.6978780252233));
#1355=CARTESIAN_POINT('Ctrl Pts',(5.11508899450244,0.00832200726531402,
11.6990643541919));
#1356=CARTESIAN_POINT('Ctrl Pts',(5.11510065034647,0.00273064782537691,
11.699281558684));
#1357=CARTESIAN_POINT('Ctrl Pts',(5.11510065034647,0.,11.699281558684));
#1358=CARTESIAN_POINT('Ctrl Pts',(6.59183661727658,3.08786934055732E-17,
4.8569392718136));
#1359=CARTESIAN_POINT('Ctrl Pts',(6.59183661727658,0.0152089102291496,4.8569392718136));
#1360=CARTESIAN_POINT('Ctrl Pts',(6.59040858577463,0.0455465461827478,4.85841228154683));
#1361=CARTESIAN_POINT('Ctrl Pts',(6.58397088087483,0.1016815440016,4.86631943870616));
#1362=CARTESIAN_POINT('Ctrl Pts',(6.57161309455818,0.188202023575021,4.88888288215182));
#1363=CARTESIAN_POINT('Ctrl Pts',(6.55150973059195,0.345091668696253,4.95234433919491));
#1364=CARTESIAN_POINT('Ctrl Pts',(6.52038345224394,0.550359226261916,5.07998356896694));
#1365=CARTESIAN_POINT('Ctrl Pts',(6.47304387384674,0.754805022013223,5.28288148473432));
#1366=CARTESIAN_POINT('Ctrl Pts',(6.39992627390553,0.961059043073133,5.59990926975944));
#1367=CARTESIAN_POINT('Ctrl Pts',(6.2993367155602,1.10490553355556,6.03833110652818));
#1368=CARTESIAN_POINT('Ctrl Pts',(6.17746296863543,1.16771454639704,6.57201669046751));
#1369=CARTESIAN_POINT('Ctrl Pts',(6.05651475434856,1.16696624727102,7.10326774130994));
#1370=CARTESIAN_POINT('Ctrl Pts',(5.92345923169409,1.12038441691983,7.68920395006858));
#1371=CARTESIAN_POINT('Ctrl Pts',(5.80540141045947,1.04587690866448,8.21054556044951));
#1372=CARTESIAN_POINT('Ctrl Pts',(5.70157959019456,0.963125907899334,8.67047685925635));
#1373=CARTESIAN_POINT('Ctrl Pts',(5.59843859638631,0.870783907670952,9.12855107539261));
#1374=CARTESIAN_POINT('Ctrl Pts',(5.4710091875358,0.740196998043474,9.69761025598283));
#1375=CARTESIAN_POINT('Ctrl Pts',(5.34607949424134,0.593749492055903,10.2628431355527));
#1376=CARTESIAN_POINT('Ctrl Pts',(5.25540866870126,0.475361400815574,10.6852892066441));
#1377=CARTESIAN_POINT('Ctrl Pts',(5.19727622893099,0.39260620560182,10.9663380998161));
#1378=CARTESIAN_POINT('Ctrl Pts',(5.14832660684533,0.313355947192377,11.2194188839543));
#1379=CARTESIAN_POINT('Ctrl Pts',(5.11329488969141,0.2406923044918,11.4306424122304));
#1380=CARTESIAN_POINT('Ctrl Pts',(5.09882854751206,0.174275260900993,11.5796285535336));
#1381=CARTESIAN_POINT('Ctrl Pts',(5.09815357105529,0.127886071573653,11.6499293899488));
#1382=CARTESIAN_POINT('Ctrl Pts',(5.09958923034091,0.095044086460656,11.6828185265682));
#1383=CARTESIAN_POINT('Ctrl Pts',(5.10032179916488,0.0794133986878763,11.6951917628361));
#1384=CARTESIAN_POINT('Ctrl Pts',(5.10081718555799,0.0665466864167343,11.7033372742331));
#1385=CARTESIAN_POINT('Ctrl Pts',(5.10113235852593,0.0571214072083737,11.7086637064678));
#1386=CARTESIAN_POINT('Ctrl Pts',(5.10147472199886,0.0436694230658775,11.7149993462027));
#1387=CARTESIAN_POINT('Ctrl Pts',(5.10167392235474,0.0268871859589534,11.7201487765952));
#1388=CARTESIAN_POINT('Ctrl Pts',(5.10174259057577,0.0120158677614122,11.7224942593441));
#1389=CARTESIAN_POINT('Ctrl Pts',(5.10175381021885,0.00394482037525649,
11.7229347710518));
#1390=CARTESIAN_POINT('Ctrl Pts',(5.10175381021885,5.93343404292869E-18,
11.7229347710518));
#1391=CARTESIAN_POINT('Ctrl Pts',(6.55555740882518,1.94572882681037E-16,
4.84582815053355));
#1392=CARTESIAN_POINT('Ctrl Pts',(6.55555740882518,0.0153212204791996,4.84582815053355));
#1393=CARTESIAN_POINT('Ctrl Pts',(6.55424923293999,0.0458731646308516,4.84775643015525));
#1394=CARTESIAN_POINT('Ctrl Pts',(6.54839111064356,0.101932028839126,4.85748854267726));
#1395=CARTESIAN_POINT('Ctrl Pts',(6.53713007066555,0.187723472884577,4.88259758427248));
#1396=CARTESIAN_POINT('Ctrl Pts',(6.5180757938257,0.343602686390685,4.94770295635069));
#1397=CARTESIAN_POINT('Ctrl Pts',(6.48743053808899,0.547956438328014,5.075567556746));
#1398=CARTESIAN_POINT('Ctrl Pts',(6.44047169578973,0.751545140597124,5.27811814199818));
#1399=CARTESIAN_POINT('Ctrl Pts',(6.3677680426451,0.957000648631001,5.59441980220711));
#1400=CARTESIAN_POINT('Ctrl Pts',(6.26757298659924,1.10037653744668,6.03202315508026));
#1401=CARTESIAN_POINT('Ctrl Pts',(6.14594457371129,1.16301989030649,6.5650746860245));
#1402=CARTESIAN_POINT('Ctrl Pts',(6.02509506883261,1.16227422065186,7.09589997071952));
#1403=CARTESIAN_POINT('Ctrl Pts',(5.89202394929654,1.1158072321578,7.68151110259758));
#1404=CARTESIAN_POINT('Ctrl Pts',(5.77384398547427,1.04149225926664,8.2026533456311));
#1405=CARTESIAN_POINT('Ctrl Pts',(5.66981846251118,0.958996210114876,8.66245461793464));
#1406=CARTESIAN_POINT('Ctrl Pts',(5.56640112102897,0.866980076553553,9.12042129158046));
#1407=CARTESIAN_POINT('Ctrl Pts',(5.43844045189192,0.736982745801438,9.68940337210051));
#1408=CARTESIAN_POINT('Ctrl Pts',(5.31256238666276,0.591607956588225,10.2546180093134));
#1409=CARTESIAN_POINT('Ctrl Pts',(5.22053847884424,0.474855354674293,10.6772108080837));
#1410=CARTESIAN_POINT('Ctrl Pts',(5.16103702485839,0.39401207576358,10.9584604894916));
#1411=CARTESIAN_POINT('Ctrl Pts',(5.11015495906367,0.317648450247668,11.2121139680677));
#1412=CARTESIAN_POINT('Ctrl Pts',(5.07261476377165,0.250196020037899,11.424352341706));
#1413=CARTESIAN_POINT('Ctrl Pts',(5.05531314673895,0.192318676320243,11.5770136196278));
#1414=CARTESIAN_POINT('Ctrl Pts',(5.05353200265058,0.153715809488068,11.6536295507412));
#1415=CARTESIAN_POINT('Ctrl Pts',(5.05448190267887,0.123333303084454,11.694733733768));
#1416=CARTESIAN_POINT('Ctrl Pts',(5.05493746327573,0.107433606174175,11.7118948773134));
#1417=CARTESIAN_POINT('Ctrl Pts',(5.05513385789375,0.0928886240399707,11.7243062437795));
#1418=CARTESIAN_POINT('Ctrl Pts',(5.0552086474863,0.0817013927363886,11.7327721367709));
#1419=CARTESIAN_POINT('Ctrl Pts',(5.05516999945652,0.0646317497166357,11.7435341171751));
#1420=CARTESIAN_POINT('Ctrl Pts',(5.05491159694108,0.0408569799002389,11.7531403258158));
#1421=CARTESIAN_POINT('Ctrl Pts',(5.05473508785153,0.0184621579722566,11.7576988383331));
#1422=CARTESIAN_POINT('Ctrl Pts',(5.05469846683325,0.00606429965208202,
11.7585657646354));
#1423=CARTESIAN_POINT('Ctrl Pts',(5.05469846683325,1.7764927447997E-17,
11.7585657646354));
#1424=CARTESIAN_POINT('Ctrl Pts',(6.50504601049759,3.38406108260453E-16,
4.85877698709007));
#1425=CARTESIAN_POINT('Ctrl Pts',(6.50504601049759,0.0143571776332864,4.85877698709007));
#1426=CARTESIAN_POINT('Ctrl Pts',(6.50418160299718,0.0429935754069399,4.86083731835409));
#1427=CARTESIAN_POINT('Ctrl Pts',(6.50020656617283,0.0960682511104961,4.87107084482426));
#1428=CARTESIAN_POINT('Ctrl Pts',(6.49189988166473,0.178844673185643,4.89670460581647));
#1429=CARTESIAN_POINT('Ctrl Pts',(6.47532964052778,0.331337405667844,4.96133853317035));
#1430=CARTESIAN_POINT('Ctrl Pts',(6.44606717749629,0.531508855983177,5.08693551809249));
#1431=CARTESIAN_POINT('Ctrl Pts',(6.40047578714924,0.730996982803474,5.28558373239014));
#1432=CARTESIAN_POINT('Ctrl Pts',(6.32940805943763,0.932893420407043,5.59642896252931));
#1433=CARTESIAN_POINT('Ctrl Pts',(6.2307260285162,1.07469859605317,6.02881168387549));
#1434=CARTESIAN_POINT('Ctrl Pts',(6.11008813174643,1.13695259632123,6.55820193412718));
#1435=CARTESIAN_POINT('Ctrl Pts',(5.98977751581996,1.13623189838452,7.08667235906364));
#1436=CARTESIAN_POINT('Ctrl Pts',(5.85697012176179,1.08992989887752,7.67051345674827));
#1437=CARTESIAN_POINT('Ctrl Pts',(5.73878282201663,1.0158019768193,8.19054233395101));
#1438=CARTESIAN_POINT('Ctrl Pts',(5.63457183595126,0.933482705986019,8.64954312924689));
#1439=CARTESIAN_POINT('Ctrl Pts',(5.53084117474877,0.841652134656706,9.1067975699594));
#1440=CARTESIAN_POINT('Ctrl Pts',(5.40217466368092,0.711924187298251,9.67499179124362));
#1441=CARTESIAN_POINT('Ctrl Pts',(5.27490575271413,0.566933637460833,10.2394108540847));
#1442=CARTESIAN_POINT('Ctrl Pts',(5.18072575513833,0.450769792021384,10.6612411881374));
#1443=CARTESIAN_POINT('Ctrl Pts',(5.11887321307197,0.370640680370066,10.9418155633661));
#1444=CARTESIAN_POINT('Ctrl Pts',(5.06443005679043,0.295522126641008,11.1946319766082));
#1445=CARTESIAN_POINT('Ctrl Pts',(5.02134950191984,0.230524826821892,11.4057259361626));
#1446=CARTESIAN_POINT('Ctrl Pts',(4.99533979234937,0.178062851481184,11.5571686200528));
#1447=CARTESIAN_POINT('Ctrl Pts',(4.98606704754473,0.146011266038165,11.6335853775639));
#1448=CARTESIAN_POINT('Ctrl Pts',(4.9821104749037,0.120383055847817,11.6758370304985));
#1449=CARTESIAN_POINT('Ctrl Pts',(4.98045733065372,0.106435973432986,11.6939066583666));
#1450=CARTESIAN_POINT('Ctrl Pts',(4.97915404003981,0.0930579741930534,11.7072568295169));
#1451=CARTESIAN_POINT('Ctrl Pts',(4.97822071140924,0.0825507870790622,11.7164468420806));
#1452=CARTESIAN_POINT('Ctrl Pts',(4.97693546097557,0.0660786687843395,11.7282934323721));
#1453=CARTESIAN_POINT('Ctrl Pts',(4.97562793825617,0.0421495560848049,11.739069476766));
#1454=CARTESIAN_POINT('Ctrl Pts',(4.97496935793896,0.0191173681206712,11.744223724265));
#1455=CARTESIAN_POINT('Ctrl Pts',(4.97484185873615,0.00628051643560818,
11.7452065543713));
#1456=CARTESIAN_POINT('Ctrl Pts',(4.97484185873615,2.37967613998067E-17,
11.7452065543713));
#1457=CARTESIAN_POINT('Ctrl Pts',(6.47030533219479,3.71491403301682E-16,
4.8899373707015));
#1458=CARTESIAN_POINT('Ctrl Pts',(6.47030533219479,0.0128164510011327,4.8899373707015));
#1459=CARTESIAN_POINT('Ctrl Pts',(6.46982422410532,0.0384000349408004,4.89173143220787));
#1460=CARTESIAN_POINT('Ctrl Pts',(6.46744212740003,0.0870985936361708,4.90087096243473));
#1461=CARTESIAN_POINT('Ctrl Pts',(6.46155506184506,0.166042985779887,4.9247547174998));
#1462=CARTESIAN_POINT('Ctrl Pts',(6.44703355579562,0.314387937924425,4.9870696146826));
#1463=CARTESIAN_POINT('Ctrl Pts',(6.41914699772052,0.509136553195517,5.10903488932076));
#1464=CARTESIAN_POINT('Ctrl Pts',(6.37511752961764,0.703272039709151,5.30214907194276));
#1465=CARTESIAN_POINT('Ctrl Pts',(6.30600760032101,0.90056992499982,5.60548440310144));
#1466=CARTESIAN_POINT('Ctrl Pts',(6.2091396039078,1.04044804486627,6.03079366698845));
#1467=CARTESIAN_POINT('Ctrl Pts',(6.08971656043239,1.10226667186327,6.55528007501564));
#1468=CARTESIAN_POINT('Ctrl Pts',(5.97012074667003,1.10158084061896,7.0806183471041));
#1469=CARTESIAN_POINT('Ctrl Pts',(5.83775890386873,1.05542473723363,7.66211863408271));
#1470=CARTESIAN_POINT('Ctrl Pts',(5.71974154344196,0.981407941452634,8.18068230264301));
#1471=CARTESIAN_POINT('Ctrl Pts',(5.61553864433043,0.899130147826674,8.6386298524676));
#1472=CARTESIAN_POINT('Ctrl Pts',(5.51172105934849,0.807291174728702,9.09495037812952));
#1473=CARTESIAN_POINT('Ctrl Pts',(5.38273078386936,0.677449615248595,9.66209863871637));
#1474=CARTESIAN_POINT('Ctrl Pts',(5.2547005502134,0.532082179454668,10.2254580447636));
#1475=CARTESIAN_POINT('Ctrl Pts',(5.15925604718936,0.415333236974743,10.6461857100622));
#1476=CARTESIAN_POINT('Ctrl Pts',(5.0959797877429,0.334514623868068,10.9257568226899));
#1477=CARTESIAN_POINT('Ctrl Pts',(5.03933719921162,0.258587489704613,11.1770763959464));
#1478=CARTESIAN_POINT('Ctrl Pts',(4.99271027104094,0.192206348888512,11.3859659588195));
#1479=CARTESIAN_POINT('Ctrl Pts',(4.96089212637357,0.139096408691358,11.5327857698484));
#1480=CARTESIAN_POINT('Ctrl Pts',(4.94644153882905,0.107952308947038,11.6032098954873));
#1481=CARTESIAN_POINT('Ctrl Pts',(4.93947019982745,0.0859439196230025,11.6387783618912));
#1482=CARTESIAN_POINT('Ctrl Pts',(4.93670035124228,0.0747867403582278,11.6531148921109));
#1483=CARTESIAN_POINT('Ctrl Pts',(4.93475113137507,0.0646901367148165,11.6632176737753));
#1484=CARTESIAN_POINT('Ctrl Pts',(4.93343329220534,0.0569373540074551,11.6700373551159));
#1485=CARTESIAN_POINT('Ctrl Pts',(4.93177634378738,0.0451163139037113,11.678576846487));
#1486=CARTESIAN_POINT('Ctrl Pts',(4.93030621173705,0.0285723078912289,11.6860632993734));
#1487=CARTESIAN_POINT('Ctrl Pts',(4.92960838350175,0.0129217552042437,11.6895916602727));
#1488=CARTESIAN_POINT('Ctrl Pts',(4.92947564588249,0.00424452246361477,
11.6902614749391));
#1489=CARTESIAN_POINT('Ctrl Pts',(4.92947564588249,1.82130895536701E-17,
11.6902614749391));
#1490=CARTESIAN_POINT('Ctrl Pts',(6.45864823619248,3.3828166774423E-16,
4.91537067179043));
#1491=CARTESIAN_POINT('Ctrl Pts',(6.45864823619248,0.0117097329636426,4.91537067179043));
#1492=CARTESIAN_POINT('Ctrl Pts',(6.45830590555642,0.0351014759596102,4.91687490218086));
#1493=CARTESIAN_POINT('Ctrl Pts',(6.45649419789848,0.0807214339035626,4.92483717494128));
#1494=CARTESIAN_POINT('Ctrl Pts',(6.45146702414521,0.157074205633863,4.94692392281665));
#1495=CARTESIAN_POINT('Ctrl Pts',(6.43773717515931,0.302642973484867,5.0072312129546));
#1496=CARTESIAN_POINT('Ctrl Pts',(6.41057200756216,0.49369914879936,5.12655317758716));
#1497=CARTESIAN_POINT('Ctrl Pts',(6.36749143992361,0.684184141633363,5.31578933975925));
#1498=CARTESIAN_POINT('Ctrl Pts',(6.2996224295368,0.878354987076746,5.61391206780949));
#1499=CARTESIAN_POINT('Ctrl Pts',(6.20391143037634,1.01694292345878,6.03433488141863));
#1500=CARTESIAN_POINT('Ctrl Pts',(6.08527826016192,1.07847902967115,6.55544622417281));
#1501=CARTESIAN_POINT('Ctrl Pts',(5.96617179183975,1.07781738093738,7.07863663433594));
#1502=CARTESIAN_POINT('Ctrl Pts',(5.83415457148146,1.03174701725158,7.65853920633178));
#1503=CARTESIAN_POINT('Ctrl Pts',(5.71632748477859,0.957779619451651,8.17610984012096));
#1504=CARTESIAN_POINT('Ctrl Pts',(5.61223485152946,0.875492514048552,8.63335003415778));
#1505=CARTESIAN_POINT('Ctrl Pts',(5.50849317408287,0.783598005985381,9.08904883006858));
#1506=CARTESIAN_POINT('Ctrl Pts',(5.37953561690305,0.653586225602115,9.65551115390224));
#1507=CARTESIAN_POINT('Ctrl Pts',(5.25143783888089,0.507786193048454,10.2181979599068));
#1508=CARTESIAN_POINT('Ctrl Pts',(5.15581434676879,0.390365297435515,10.6382368562907));
#1509=CARTESIAN_POINT('Ctrl Pts',(5.092311289646,0.3087478640639,10.9171881542779));
#1510=CARTESIAN_POINT('Ctrl Pts',(5.03531547365213,0.231773465463535,11.1675497231027));
#1511=CARTESIAN_POINT('Ctrl Pts',(4.98809779072619,0.163505909132246,11.3749968221467));
#1512=CARTESIAN_POINT('Ctrl Pts',(4.95544072406826,0.108326119244202,11.5184468374128));
#1513=CARTESIAN_POINT('Ctrl Pts',(4.94051183236539,0.076102199756731,11.5840089099559));
#1514=CARTESIAN_POINT('Ctrl Pts',(4.93377971274218,0.0559176554259903,11.6135682222329));
#1515=CARTESIAN_POINT('Ctrl Pts',(4.93130689142658,0.0466711764136085,11.6244250589601));
#1516=CARTESIAN_POINT('Ctrl Pts',(4.92971145637567,0.0391623400031847,11.6314296453142));
#1517=CARTESIAN_POINT('Ctrl Pts',(4.92867743928045,0.0336727257902806,11.6359691721447));
#1518=CARTESIAN_POINT('Ctrl Pts',(4.92746548769173,0.0258425229424872,11.6412902052008));
#1519=CARTESIAN_POINT('Ctrl Pts',(4.92650003609525,0.0159775216978488,11.6455291562887));
#1520=CARTESIAN_POINT('Ctrl Pts',(4.92606399159428,0.00715376319713317,
11.6474435828983));
#1521=CARTESIAN_POINT('Ctrl Pts',(4.92598240592836,0.00234886144308493,
11.6478018933205));
#1522=CARTESIAN_POINT('Ctrl Pts',(4.92598240592836,1.05093955875112E-17,
11.6478018933205));
#1523=CARTESIAN_POINT('Ctrl Pts',(6.45560640014082,3.09719743068815E-16,
4.92873232675826));
#1524=CARTESIAN_POINT('Ctrl Pts',(6.45560640014082,0.0111553256200516,4.92873232675826));
#1525=CARTESIAN_POINT('Ctrl Pts',(6.45529887610197,0.0334493613942319,4.93008316553841));
#1526=CARTESIAN_POINT('Ctrl Pts',(6.45362841483658,0.0775279178931133,4.93742088088077));
#1527=CARTESIAN_POINT('Ctrl Pts',(6.44881671740528,0.152584620561292,4.95855687894077));
#1528=CARTESIAN_POINT('Ctrl Pts',(6.43532423308782,0.296766361674968,5.01782434669606));
#1529=CARTESIAN_POINT('Ctrl Pts',(6.40846366693119,0.485976428121616,5.13581282836641));
#1530=CARTESIAN_POINT('Ctrl Pts',(6.36582656403444,0.674635349739337,5.3231017709849));
#1531=CARTESIAN_POINT('Ctrl Pts',(6.2985526109013,0.867242115001382,5.61861123790586));
#1532=CARTESIAN_POINT('Ctrl Pts',(6.20339921128496,1.00518496988187,6.03658474900146));
#1533=CARTESIAN_POINT('Ctrl Pts',(6.08515086948583,1.06657981386994,6.55600575552667));
#1534=CARTESIAN_POINT('Ctrl Pts',(5.96628901266482,1.06593029134993,7.07812170546795));
#1535=CARTESIAN_POINT('Ctrl Pts',(5.83445328450531,1.01990277679942,7.65722704914301));
#1536=CARTESIAN_POINT('Ctrl Pts',(5.71673836409362,0.945960006356443,8.17430493381344));
#1537=CARTESIAN_POINT('Ctrl Pts',(5.61272507127183,0.863668156564903,8.631196662082));
#1538=CARTESIAN_POINT('Ctrl Pts',(5.5090525069146,0.771745667409348,9.08659169687214));
#1539=CARTESIAN_POINT('Ctrl Pts',(5.38017018908535,0.641648630682259,9.65272380690106));
#1540=CARTESIAN_POINT('Ctrl Pts',(5.25214323539434,0.495631457587124,10.2150986202538));
#1541=CARTESIAN_POINT('Ctrl Pts',(5.15659000532026,0.377874261720412,10.6348284379126));
#1542=CARTESIAN_POINT('Ctrl Pts',(5.0931461910225,0.295855308998837,10.9135135287896));
#1543=CARTESIAN_POINT('Ctrl Pts',(5.03624543674355,0.218355507364988,11.1634573893963));
#1544=CARTESIAN_POINT('Ctrl Pts',(4.98915396117216,0.149131595080647,11.3703127352548));
#1545=CARTESIAN_POINT('Ctrl Pts',(4.95683850001643,0.0928939315810075,11.5122625427908));
#1546=CARTESIAN_POINT('Ctrl Pts',(4.94242885711596,0.0601038858264261,11.5755587472462));
#1547=CARTESIAN_POINT('Ctrl Pts',(4.93636049762636,0.0408217270984349,11.6022147945623));
#1548=CARTESIAN_POINT('Ctrl Pts',(4.93427581000449,0.0325300171609677,11.6113720522994));
#1549=CARTESIAN_POINT('Ctrl Pts',(4.933028022692,0.0263192814612314,11.6168531180963));
#1550=CARTESIAN_POINT('Ctrl Pts',(4.93225050992048,0.0219662594620922,11.6202684426601));
#1551=CARTESIAN_POINT('Ctrl Pts',(4.93140141531316,0.0161416277699549,11.6239981996179));
#1552=CARTESIAN_POINT('Ctrl Pts',(4.93080334064351,0.00963692256169689,
11.6266253193065));
#1553=CARTESIAN_POINT('Ctrl Pts',(4.93055020514763,0.00424988674424035,
11.6277372494364));
#1554=CARTESIAN_POINT('Ctrl Pts',(4.93050386850629,0.00139441570251956,
11.6279407890761));
#1555=CARTESIAN_POINT('Ctrl Pts',(4.93050386850629,6.24500451351645E-18,
11.6279407890761));
#1556=CARTESIAN_POINT('',(5.11510065034647,8.69648292800554E-16,11.699281558684));
#1557=CARTESIAN_POINT('',(4.93050386850628,1.11022302462516E-15,11.6279407890761));
#1558=CARTESIAN_POINT('Origin',(5.02800911062775,0.,11.650138260978));
#1559=CARTESIAN_POINT('',(6.60720413177081,-6.93889390390723E-18,4.86682270871659));
#1560=CARTESIAN_POINT('Ctrl Pts',(6.60720413177081,-5.3776427755281E-17,
4.86682270871659));
#1561=CARTESIAN_POINT('Ctrl Pts',(6.60720413177081,0.0149563204587556,4.86682270871659));
#1562=CARTESIAN_POINT('Ctrl Pts',(6.60580849086308,0.0447984129915956,4.86802162506242));
#1563=CARTESIAN_POINT('Ctrl Pts',(6.59945750606244,0.100438003715632,4.87481673829524));
#1564=CARTESIAN_POINT('Ctrl Pts',(6.5870849188397,0.186907836781721,4.89577469966073));
#1565=CARTESIAN_POINT('Ctrl Pts',(6.56684303325906,0.343884793097585,4.95803488920003));
#1566=CARTESIAN_POINT('Ctrl Pts',(6.53567734453974,0.549028438842669,5.08511179726609));
#1567=CARTESIAN_POINT('Ctrl Pts',(6.48834826803837,0.753324130282316,5.28754257497048));
#1568=CARTESIAN_POINT('Ctrl Pts',(6.41526196431335,0.959486895565588,5.60408416714183));
#1569=CARTESIAN_POINT('Ctrl Pts',(6.31469130281484,1.10337718320609,6.04212689790003));
#1570=CARTESIAN_POINT('Ctrl Pts',(6.1928354501735,1.166231735544,6.57558903990279));
#1571=CARTESIAN_POINT('Ctrl Pts',(6.07191689577652,1.16548625510106,7.10670727023066));
#1572=CARTESIAN_POINT('Ctrl Pts',(5.93891282767005,1.11885352332074,7.69254534060368));
#1573=CARTESIAN_POINT('Ctrl Pts',(5.82092491802213,1.04424434669684,8.21381941527331));
#1574=CARTESIAN_POINT('Ctrl Pts',(5.71719072404574,0.961345876141407,8.67369037633006));
#1575=CARTESIAN_POINT('Ctrl Pts',(5.61415972427549,0.868808491571356,9.13170259362136));
#1576=CARTESIAN_POINT('Ctrl Pts',(5.48691920030534,0.737856399431072,9.70066057861141));
#1577=CARTESIAN_POINT('Ctrl Pts',(5.3623071602522,0.590730647128943,10.2657369082873));
#1578=CARTESIAN_POINT('Ctrl Pts',(5.27203130897405,0.471318956732978,10.6879129923534));
#1579=CARTESIAN_POINT('Ctrl Pts',(5.21427173060728,0.387390978367494,10.9686570957053));
#1580=CARTESIAN_POINT('Ctrl Pts',(5.16572880997413,0.306414851495983,11.2211487706515));
#1581=CARTESIAN_POINT('Ctrl Pts',(5.13109444834455,0.230772263120861,11.4313443345877));
#1582=CARTESIAN_POINT('Ctrl Pts',(5.11612531788983,0.159979649358395,11.5775760356126));
#1583=CARTESIAN_POINT('Ctrl Pts',(5.11393253084473,0.110305388189295,11.6437992291494));
#1584=CARTESIAN_POINT('Ctrl Pts',(5.11413770633183,0.0771924888900993,11.6719444481788));
#1585=CARTESIAN_POINT('Ctrl Pts',(5.11437193599004,0.0622517506422011,11.6816505110403));
#1586=CARTESIAN_POINT('Ctrl Pts',(5.11457132651906,0.0507223695436966,11.6874735217538));
#1587=CARTESIAN_POINT('Ctrl Pts',(5.11470971869266,0.0425512525504026,11.6911051338424));
#1588=CARTESIAN_POINT('Ctrl Pts',(5.11488500821025,0.0314534366334725,11.6950765834536));
#1589=CARTESIAN_POINT('Ctrl Pts',(5.11502642632049,0.0188442636313034,11.6978780252233));
#1590=CARTESIAN_POINT('Ctrl Pts',(5.11508899450244,0.00832200726531402,
11.6990643541919));
#1591=CARTESIAN_POINT('Ctrl Pts',(5.11510065034647,0.00273064782537691,
11.699281558684));
#1592=CARTESIAN_POINT('Ctrl Pts',(5.11510065034647,0.,11.699281558684));
#1593=CARTESIAN_POINT('',(6.45560640014082,-4.02455846426619E-16,4.92873232675826));
#1594=CARTESIAN_POINT('Origin',(6.55311164226228,-1.04083408558608E-16,
4.95092979866013));
#1595=CARTESIAN_POINT('Ctrl Pts',(4.93050386850629,6.24500451351645E-18,
11.6279407890761));
#1596=CARTESIAN_POINT('Ctrl Pts',(4.93050386850629,0.00139441570251956,
11.6279407890761));
#1597=CARTESIAN_POINT('Ctrl Pts',(4.93055020514763,0.00424988674424035,
11.6277372494364));
#1598=CARTESIAN_POINT('Ctrl Pts',(4.93080334064351,0.00963692256169689,
11.6266253193065));
#1599=CARTESIAN_POINT('Ctrl Pts',(4.93140141531316,0.0161416277699549,11.6239981996179));
#1600=CARTESIAN_POINT('Ctrl Pts',(4.93225050992048,0.0219662594620922,11.6202684426601));
#1601=CARTESIAN_POINT('Ctrl Pts',(4.933028022692,0.0263192814612314,11.6168531180963));
#1602=CARTESIAN_POINT('Ctrl Pts',(4.93427581000449,0.0325300171609677,11.6113720522994));
#1603=CARTESIAN_POINT('Ctrl Pts',(4.93636049762636,0.0408217270984349,11.6022147945623));
#1604=CARTESIAN_POINT('Ctrl Pts',(4.94242885711596,0.0601038858264261,11.5755587472462));
#1605=CARTESIAN_POINT('Ctrl Pts',(4.95683850001643,0.0928939315810075,11.5122625427908));
#1606=CARTESIAN_POINT('Ctrl Pts',(4.98915396117216,0.149131595080647,11.3703127352548));
#1607=CARTESIAN_POINT('Ctrl Pts',(5.03624543674355,0.218355507364988,11.1634573893963));
#1608=CARTESIAN_POINT('Ctrl Pts',(5.0931461910225,0.295855308998837,10.9135135287896));
#1609=CARTESIAN_POINT('Ctrl Pts',(5.15659000532026,0.377874261720412,10.6348284379126));
#1610=CARTESIAN_POINT('Ctrl Pts',(5.25214323539434,0.495631457587124,10.2150986202538));
#1611=CARTESIAN_POINT('Ctrl Pts',(5.38017018908535,0.641648630682259,9.65272380690106));
#1612=CARTESIAN_POINT('Ctrl Pts',(5.5090525069146,0.771745667409348,9.08659169687214));
#1613=CARTESIAN_POINT('Ctrl Pts',(5.61272507127183,0.863668156564903,8.631196662082));
#1614=CARTESIAN_POINT('Ctrl Pts',(5.71673836409362,0.945960006356443,8.17430493381344));
#1615=CARTESIAN_POINT('Ctrl Pts',(5.83445328450531,1.01990277679942,7.65722704914301));
#1616=CARTESIAN_POINT('Ctrl Pts',(5.96628901266482,1.06593029134993,7.07812170546795));
#1617=CARTESIAN_POINT('Ctrl Pts',(6.08515086948583,1.06657981386994,6.55600575552667));
#1618=CARTESIAN_POINT('Ctrl Pts',(6.20339921128496,1.00518496988187,6.03658474900146));
#1619=CARTESIAN_POINT('Ctrl Pts',(6.2985526109013,0.867242115001382,5.61861123790586));
#1620=CARTESIAN_POINT('Ctrl Pts',(6.36582656403444,0.674635349739337,5.3231017709849));
#1621=CARTESIAN_POINT('Ctrl Pts',(6.40846366693119,0.485976428121616,5.13581282836641));
#1622=CARTESIAN_POINT('Ctrl Pts',(6.43532423308782,0.296766361674968,5.01782434669606));
#1623=CARTESIAN_POINT('Ctrl Pts',(6.44881671740528,0.152584620561292,4.95855687894077));
#1624=CARTESIAN_POINT('Ctrl Pts',(6.45362841483658,0.0775279178931133,4.93742088088077));
#1625=CARTESIAN_POINT('Ctrl Pts',(6.45529887610197,0.0334493613942319,4.93008316553841));
#1626=CARTESIAN_POINT('Ctrl Pts',(6.45560640014082,0.0111553256200516,4.92873232675826));
#1627=CARTESIAN_POINT('Ctrl Pts',(6.45560640014082,3.09719743068815E-16,
4.92873232675826));
#1628=CARTESIAN_POINT('Ctrl Pts',(5.11510065034648,3.59738313526986E-15,
11.699281558684));
#1629=CARTESIAN_POINT('Ctrl Pts',(5.11510065034648,-0.00273073175571405,
11.699281558684));
#1630=CARTESIAN_POINT('Ctrl Pts',(5.11508873174471,-0.0083739470413799,
11.6990590629973));
#1631=CARTESIAN_POINT('Ctrl Pts',(5.11502646159907,-0.0188162930811713,
11.6978787244239));
#1632=CARTESIAN_POINT('Ctrl Pts',(5.11488486329036,-0.031479223303943,11.6950720970298));
#1633=CARTESIAN_POINT('Ctrl Pts',(5.11470934550049,-0.04256057759283,11.6910975788749));
#1634=CARTESIAN_POINT('Ctrl Pts',(5.11457148338419,-0.0507250180859713,
11.6874727645142));
#1635=CARTESIAN_POINT('Ctrl Pts',(5.11423714727266,-0.069919410889202,11.6777567430154));
#1636=CARTESIAN_POINT('Ctrl Pts',(5.1137602479927,-0.106489277310424,11.6487790844804));
#1637=CARTESIAN_POINT('Ctrl Pts',(5.11545541343273,-0.144763632409627,11.5979361199652));
#1638=CARTESIAN_POINT('Ctrl Pts',(5.1204098633858,-0.18007218927872,11.5357593797305));
#1639=CARTESIAN_POINT('Ctrl Pts',(5.13449937406423,-0.238659455213914,11.4102752170524));
#1640=CARTESIAN_POINT('Ctrl Pts',(5.17984748221038,-0.336339883542672,11.1368217132506));
#1641=CARTESIAN_POINT('Ctrl Pts',(5.26554415211359,-0.464491653054195,10.7161025758646));
#1642=CARTESIAN_POINT('Ctrl Pts',(5.37474126298173,-0.605859399509424,10.2091587095942));
#1643=CARTESIAN_POINT('Ctrl Pts',(5.47469238434798,-0.721988936858078,9.75671971782143));
#1644=CARTESIAN_POINT('Ctrl Pts',(5.56330340650904,-0.816465186319643,9.35907972775779));
#1645=CARTESIAN_POINT('Ctrl Pts',(5.63992166049027,-0.891956428105995,9.01721572345861));
#1646=CARTESIAN_POINT('Ctrl Pts',(5.74281661791533,-0.984287632389774,8.55975163620108));
#1647=CARTESIAN_POINT('Ctrl Pts',(5.84686354629062,-1.06268946395818,8.09913830090652));
#1648=CARTESIAN_POINT('Ctrl Pts',(5.9653676147507,-1.12815898263789,7.57601225833858));
#1649=CARTESIAN_POINT('Ctrl Pts',(6.07176407116399,-1.16544146077292,7.10738388641638));
#1650=CARTESIAN_POINT('Ctrl Pts',(6.19281292253268,-1.16625607624901,6.57568534017778));
#1651=CARTESIAN_POINT('Ctrl Pts',(6.31468777733653,-1.10340158747481,6.04214296020977));
#1652=CARTESIAN_POINT('Ctrl Pts',(6.41525578105408,-0.959490030380033,5.6041094377242));
#1653=CARTESIAN_POINT('Ctrl Pts',(6.48834239621134,-0.753348286621668,5.28757084738799));
#1654=CARTESIAN_POINT('Ctrl Pts',(6.53567368840508,-0.549044934612215,5.08512141272729));
#1655=CARTESIAN_POINT('Ctrl Pts',(6.56684484821364,-0.3438806749922,4.95804056153124));
#1656=CARTESIAN_POINT('Ctrl Pts',(6.58706535745384,-0.187021394791099,4.89581004273179));
#1657=CARTESIAN_POINT('Ctrl Pts',(6.59946445024882,-0.100402325628828,4.87481047127454));
#1658=CARTESIAN_POINT('Ctrl Pts',(6.60579290163462,-0.0448616209745299,
4.86803170468279));
#1659=CARTESIAN_POINT('Ctrl Pts',(6.60720413177081,-0.0149567801625161,
4.86682270871659));
#1660=CARTESIAN_POINT('Ctrl Pts',(6.60720413177081,-7.70717333384034E-18,
4.86682270871659));
#1661=CARTESIAN_POINT('Ctrl Pts',(5.10175381021885,5.20606704920998E-15,
11.7229347710518));
#1662=CARTESIAN_POINT('Ctrl Pts',(5.10175381021885,-0.00394494162491045,
11.7229347710518));
#1663=CARTESIAN_POINT('Ctrl Pts',(5.10174235108147,-0.0120896257479587,
11.7224838530063));
#1664=CARTESIAN_POINT('Ctrl Pts',(5.10167394886007,-0.0268463774635981,
11.7201502434999));
#1665=CARTESIAN_POINT('Ctrl Pts',(5.10147482595622,-0.0437058686247349,
11.7149908209807));
#1666=CARTESIAN_POINT('Ctrl Pts',(5.10113145997161,-0.0571272467739708,
11.7086522652127));
#1667=CARTESIAN_POINT('Ctrl Pts',(5.10081800298173,-0.0665530901410876,
11.7033358258856));
#1668=CARTESIAN_POINT('Ctrl Pts',(5.09998442825211,-0.0879231358603996,
11.689745315777));
#1669=CARTESIAN_POINT('Ctrl Pts',(5.0980936917475,-0.124225976293768,11.65521963745));
#1670=CARTESIAN_POINT('Ctrl Pts',(5.09863675666764,-0.160104234983416,11.6012480199288));
#1671=CARTESIAN_POINT('Ctrl Pts',(5.103006939126,-0.193134355084355,11.5370446792253));
#1672=CARTESIAN_POINT('Ctrl Pts',(5.11667729637337,-0.248197509886937,11.409458565953));
#1673=CARTESIAN_POINT('Ctrl Pts',(5.1626270299969,-0.34223659498915,11.1346951690316));
#1674=CARTESIAN_POINT('Ctrl Pts',(5.24890938173589,-0.468527333729611,10.7134678982546));
#1675=CARTESIAN_POINT('Ctrl Pts',(5.35855401977331,-0.608796328274631,10.2062496335518));
#1676=CARTESIAN_POINT('Ctrl Pts',(5.45873872486811,-0.724423822621593,9.75368890300791));
#1677=CARTESIAN_POINT('Ctrl Pts',(5.54750756208903,-0.81858510167139,9.35596786092226));
#1678=CARTESIAN_POINT('Ctrl Pts',(5.62422754547331,-0.893884186734741,9.01404978506114));
#1679=CARTESIAN_POINT('Ctrl Pts',(5.72723293478519,-0.986018462380063,8.55652155916681));
#1680=CARTESIAN_POINT('Ctrl Pts',(5.83135674539421,-1.06429673222946,8.09585117186784));
#1681=CARTESIAN_POINT('Ctrl Pts',(5.94992434242731,-1.12967944141949,7.57265111047865));
#1682=CARTESIAN_POINT('Ctrl Pts',(6.05636184361847,-1.1669216182678,7.10394461215068));
#1683=CARTESIAN_POINT('Ctrl Pts',(6.17744049056665,-1.1677388387312,6.57211277368025));
#1684=CARTESIAN_POINT('Ctrl Pts',(6.29933308675923,-1.10493000249018,6.03834759895095));
#1685=CARTESIAN_POINT('Ctrl Pts',(6.39992014192679,-0.961062078890667,5.59993446299738));
#1686=CARTESIAN_POINT('Ctrl Pts',(6.47303796812316,-0.754829324187602,5.2829097443506));
#1687=CARTESIAN_POINT('Ctrl Pts',(6.5203798223792,-0.550375483211193,5.07999347260506));
#1688=CARTESIAN_POINT('Ctrl Pts',(6.55151129845184,-0.345088331156764,4.95234958460079));
#1689=CARTESIAN_POINT('Ctrl Pts',(6.5715932089066,-0.188315081005867,4.88892088398348));
#1690=CARTESIAN_POINT('Ctrl Pts',(6.58397700433936,-0.101647614946009,4.8663126006709));
#1691=CARTESIAN_POINT('Ctrl Pts',(6.59039243585194,-0.045608659404649,4.85842553563675));
#1692=CARTESIAN_POINT('Ctrl Pts',(6.59183661727658,-0.0152093776966362,
4.8569392718136));
#1693=CARTESIAN_POINT('Ctrl Pts',(6.59183661727658,-6.62320285486647E-18,
4.8569392718136));
#1694=CARTESIAN_POINT('Ctrl Pts',(5.05469846683318,8.00066897193742E-15,
11.7585657646353));
#1695=CARTESIAN_POINT('Ctrl Pts',(5.05469846683318,-0.00606448604694012,
11.7585657646353));
#1696=CARTESIAN_POINT('Ctrl Pts',(5.05473592750598,-0.018573788465221,11.7576786511163));
#1697=CARTESIAN_POINT('Ctrl Pts',(5.05491136192588,-0.040793709167783,11.7531432717114));
#1698=CARTESIAN_POINT('Ctrl Pts',(5.05517102421994,-0.06468687807907,11.7435177972401));
#1699=CARTESIAN_POINT('Ctrl Pts',(5.05520762751702,-0.0816997986014967,
11.7327535671422));
#1700=CARTESIAN_POINT('Ctrl Pts',(5.05513514246048,-0.0929025994114928,
11.7243032419292));
#1701=CARTESIAN_POINT('Ctrl Pts',(5.0547933985605,-0.11696593991074,11.7035984860227));
#1702=CARTESIAN_POINT('Ctrl Pts',(5.05337437385019,-0.150469564437641,11.6594112544243));
#1703=CARTESIAN_POINT('Ctrl Pts',(5.05476114325393,-0.180608119009778,11.6005986834243));
#1704=CARTESIAN_POINT('Ctrl Pts',(5.0603047321914,-0.208795936764473,11.5334266573126));
#1705=CARTESIAN_POINT('Ctrl Pts',(5.07622210616953,-0.256981554286694,11.4030624290587));
#1706=CARTESIAN_POINT('Ctrl Pts',(5.12549661329191,-0.344745457453662,11.1269717828894));
#1707=CARTESIAN_POINT('Ctrl Pts',(5.21405564369604,-0.468002586987506,10.705359752238));
#1708=CARTESIAN_POINT('Ctrl Pts',(5.32513943576536,-0.606527947937485,10.1980323206289));
#1709=CARTESIAN_POINT('Ctrl Pts',(5.42604468486145,-0.721356752817791,9.74548195047288));
#1710=CARTESIAN_POINT('Ctrl Pts',(5.51525878655472,-0.815014774296808,9.34780662986801));
#1711=CARTESIAN_POINT('Ctrl Pts',(5.59225761782771,-0.890000782644393,9.00594831871968));
#1712=CARTESIAN_POINT('Ctrl Pts',(5.69554157221777,-0.98180686802154,8.54852494640972));
#1713=CARTESIAN_POINT('Ctrl Pts',(5.79983211927652,-1.05986514847578,8.08799750411103));
#1714=CARTESIAN_POINT('Ctrl Pts',(5.91849265382396,-1.12507883573428,7.56502272362804));
#1715=CARTESIAN_POINT('Ctrl Pts',(6.02494196567971,-1.16222996941227,7.09657646412228));
#1716=CARTESIAN_POINT('Ctrl Pts',(6.14592222373884,-1.16304398235825,6.56517079623039));
#1717=CARTESIAN_POINT('Ctrl Pts',(6.2675694575344,-1.10040089772577,6.03203925778076));
#1718=CARTESIAN_POINT('Ctrl Pts',(6.36776194230811,-0.957003598349226,5.59444517078182));
#1719=CARTESIAN_POINT('Ctrl Pts',(6.44046573477991,-0.751569524974409,5.27814610709999));
#1720=CARTESIAN_POINT('Ctrl Pts',(6.48742707489472,-0.547972291442552,5.0755779544001));
#1721=CARTESIAN_POINT('Ctrl Pts',(6.51807688551577,-0.343600394339706,4.94770746304595));
#1722=CARTESIAN_POINT('Ctrl Pts',(6.53711186885508,-0.187834809138554,4.88263981763072));
#1723=CARTESIAN_POINT('Ctrl Pts',(6.54839646418789,-0.101900378435122,4.85748085971542));
#1724=CARTESIAN_POINT('Ctrl Pts',(6.55423489615578,-0.0459328141983762,
4.84777492270175));
#1725=CARTESIAN_POINT('Ctrl Pts',(6.55555740882517,-0.0153216913987427,
4.84582815053358));
#1726=CARTESIAN_POINT('Ctrl Pts',(6.55555740882517,-4.25505655932584E-18,
4.84582815053358));
#1727=CARTESIAN_POINT('Ctrl Pts',(4.97484185873614,8.2961551658847E-15,
11.7452065543712));
#1728=CARTESIAN_POINT('Ctrl Pts',(4.97484185873614,-0.00628070947619603,
11.7452065543712));
#1729=CARTESIAN_POINT('Ctrl Pts',(4.97497231683199,-0.0192323626430259,
11.7442008903692));
#1730=CARTESIAN_POINT('Ctrl Pts',(4.97562743371442,-0.0420838017527624,
11.7390728374715));
#1731=CARTESIAN_POINT('Ctrl Pts',(4.97693809801953,-0.0661354383310751,
11.7282749326729));
#1732=CARTESIAN_POINT('Ctrl Pts',(4.97822220366549,-0.0825452826830829,
11.7164267169224));
#1733=CARTESIAN_POINT('Ctrl Pts',(4.97915529390029,-0.0930738920778584,
11.7072531675453));
#1734=CARTESIAN_POINT('Ctrl Pts',(4.98131982923381,-0.115161841755805,11.6849853704142));
#1735=CARTESIAN_POINT('Ctrl Pts',(4.98535317771182,-0.143216916820111,11.6393572179453));
#1736=CARTESIAN_POINT('Ctrl Pts',(4.99248491862293,-0.168379262867447,11.580692234533));
#1737=CARTESIAN_POINT('Ctrl Pts',(5.00280262978235,-0.193044200608729,11.5139257838857));
#1738=CARTESIAN_POINT('Ctrl Pts',(5.02557158429043,-0.236948847488679,11.3845800440251));
#1739=CARTESIAN_POINT('Ctrl Pts',(5.08186527538708,-0.321787782419568,11.1099127014952));
#1740=CARTESIAN_POINT('Ctrl Pts',(5.17428366036291,-0.443898988788257,10.6893720012388));
#1741=CARTESIAN_POINT('Ctrl Pts',(5.28763760229427,-0.581814067228472,10.1829044275251));
#1742=CARTESIAN_POINT('Ctrl Pts',(5.38958825312126,-0.696344911039777,9.73099030553913));
#1743=CARTESIAN_POINT('Ctrl Pts',(5.47941930085384,-0.78979359355569,9.33386867090782));
#1744=CARTESIAN_POINT('Ctrl Pts',(5.55677273450009,-0.864627597274494,8.99250159190115));
#1745=CARTESIAN_POINT('Ctrl Pts',(5.66037465521077,-0.956246726114103,8.53579299392095));
#1746=CARTESIAN_POINT('Ctrl Pts',(5.76478631079103,-1.03413218942468,8.07610234425311));
#1747=CARTESIAN_POINT('Ctrl Pts',(5.88338718431587,-1.09916809653078,7.55437716101235));
#1748=CARTESIAN_POINT('Ctrl Pts',(5.9896245114272,-1.13618818427006,7.0873462361009));
#1749=CARTESIAN_POINT('Ctrl Pts',(6.11006594065513,-1.13697626703851,6.55829846896755));
#1750=CARTESIAN_POINT('Ctrl Pts',(6.23072298051931,-1.07472228466076,6.02882535552227));
#1751=CARTESIAN_POINT('Ctrl Pts',(6.32940202319266,-0.932896481373459,5.59645484453801));
#1752=CARTESIAN_POINT('Ctrl Pts',(6.40046979710973,-0.731020873392239,5.28561082810503));
#1753=CARTESIAN_POINT('Ctrl Pts',(6.44606428801723,-0.531524437011667,5.08694606608001));
#1754=CARTESIAN_POINT('Ctrl Pts',(6.47532962705692,-0.331335197440921,4.96134256145303));
#1755=CARTESIAN_POINT('Ctrl Pts',(6.49188621271425,-0.178953097333738,4.89674759997033));
#1756=CARTESIAN_POINT('Ctrl Pts',(6.50020989421866,-0.0960372071680686,
4.87106271532807));
#1757=CARTESIAN_POINT('Ctrl Pts',(6.50417244250444,-0.043051183041492,4.86085729392623));
#1758=CARTESIAN_POINT('Ctrl Pts',(6.50504601049759,-0.0143576189216425,
4.85877698709008));
#1759=CARTESIAN_POINT('Ctrl Pts',(6.50504601049759,-1.40171138130652E-18,
4.85877698709008));
#1760=CARTESIAN_POINT('Ctrl Pts',(4.92947564588247,5.6114457292852E-15,
11.6902614749391));
#1761=CARTESIAN_POINT('Ctrl Pts',(4.92947564588247,-0.00424465292503777,
11.6902614749391));
#1762=CARTESIAN_POINT('Ctrl Pts',(4.92961148704119,-0.0129998034161886,
11.6895760068517));
#1763=CARTESIAN_POINT('Ctrl Pts',(4.93030574410151,-0.0285279518597646,
11.6860655770052));
#1764=CARTESIAN_POINT('Ctrl Pts',(4.9317789298273,-0.0451549257209798,11.6785640464325));
#1765=CARTESIAN_POINT('Ctrl Pts',(4.93343600562957,-0.0569354920711193,
11.6700226101022));
#1766=CARTESIAN_POINT('Ctrl Pts',(4.93475180115349,-0.0647003357231874,
11.6632150675779));
#1767=CARTESIAN_POINT('Ctrl Pts',(4.93800111629578,-0.081396536102017,11.6463637893842));
#1768=CARTESIAN_POINT('Ctrl Pts',(4.94534859142441,-0.105363061694745,11.6085218912969));
#1769=CARTESIAN_POINT('Ctrl Pts',(4.95644560903031,-0.129633925655732,11.5544520245353));
#1770=CARTESIAN_POINT('Ctrl Pts',(4.9699909552696,-0.154258121067097,11.4908318666824));
#1771=CARTESIAN_POINT('Ctrl Pts',(4.99735994129219,-0.198832652127954,11.3650541041113));
#1772=CARTESIAN_POINT('Ctrl Pts',(5.05808407332802,-0.285284447444212,11.0932228102515));
#1773=CARTESIAN_POINT('Ctrl Pts',(5.15284749637616,-0.408454142158161,10.6743065268727));
#1774=CARTESIAN_POINT('Ctrl Pts',(5.26751709126028,-0.547016715672113,10.1690540628177));
#1775=CARTESIAN_POINT('Ctrl Pts',(5.37003598836943,-0.661808943225207,9.71799106837516));
#1776=CARTESIAN_POINT('Ctrl Pts',(5.46017102097596,-0.755387606894992,9.32160533726847));
#1777=CARTESIAN_POINT('Ctrl Pts',(5.53767265456736,-0.83026903746653,8.98088493995587));
#1778=CARTESIAN_POINT('Ctrl Pts',(5.6413636743701,-0.92189601995314,8.52511667807987));
#1779=CARTESIAN_POINT('Ctrl Pts',(5.7457209941164,-0.999715439480026,8.06652542400851));
#1780=CARTESIAN_POINT('Ctrl Pts',(5.86408784168141,-1.06463352001483,7.54644815997921));
#1781=CARTESIAN_POINT('Ctrl Pts',(5.9699682226722,-1.10153761240337,7.08128865702491));
#1782=CARTESIAN_POINT('Ctrl Pts',(6.0896943917976,-1.10228987674328,6.55537727817676));
#1783=CARTESIAN_POINT('Ctrl Pts',(6.20913727283552,-1.04047081753642,6.03080396006027));
#1784=CARTESIAN_POINT('Ctrl Pts',(6.30600153680024,-0.900573242387088,5.60551092218637));
#1785=CARTESIAN_POINT('Ctrl Pts',(6.37511162891306,-0.703295111781355,5.30217513393998));
#1786=CARTESIAN_POINT('Ctrl Pts',(6.41914456947945,-0.509152112095761,5.10904516373359));
#1787=CARTESIAN_POINT('Ctrl Pts',(6.44703280049953,-0.314384843500833,4.9870736474003));
#1788=CARTESIAN_POINT('Ctrl Pts',(6.46154526101669,-0.166148602527582,4.92479465739137));
#1789=CARTESIAN_POINT('Ctrl Pts',(6.46744419615489,-0.087066208100906,4.9008630375642));
#1790=CARTESIAN_POINT('Ctrl Pts',(6.4698195109958,-0.0384568382212915,4.89174842602092));
#1791=CARTESIAN_POINT('Ctrl Pts',(6.47030533219479,-0.0128168449330802,
4.88993737070151));
#1792=CARTESIAN_POINT('Ctrl Pts',(6.47030533219479,2.13212547392796E-19,
4.88993737070151));
#1793=CARTESIAN_POINT('Ctrl Pts',(4.92598240592836,3.10193108707658E-15,
11.6478018933205));
#1794=CARTESIAN_POINT('Ctrl Pts',(4.92598240592836,-0.00234893363867561,
11.6478018933205));
#1795=CARTESIAN_POINT('Ctrl Pts',(4.92606592651171,-0.0071975978764781,
11.6474350725997));
#1796=CARTESIAN_POINT('Ctrl Pts',(4.92649975815095,-0.0159531689862111,
11.6455303570055));
#1797=CARTESIAN_POINT('Ctrl Pts',(4.92746708170852,-0.0258643619909446,
11.6412831432392));
#1798=CARTESIAN_POINT('Ctrl Pts',(4.9286795961487,-0.0336754376502471,11.6359595927146));
#1799=CARTESIAN_POINT('Ctrl Pts',(4.9297117395669,-0.0391668714186502,11.6314282899127));
#1800=CARTESIAN_POINT('Ctrl Pts',(4.93237326021531,-0.0516291325997941,
11.6197430866368));
#1801=CARTESIAN_POINT('Ctrl Pts',(4.9393868745212,-0.0735656730311115,11.5889473114166));
#1802=CARTESIAN_POINT('Ctrl Pts',(4.9508477499239,-0.098472538528822,11.5386115826036));
#1803=CARTESIAN_POINT('Ctrl Pts',(4.96477483136805,-0.124054532320458,11.4774393246486));
#1804=CARTESIAN_POINT('Ctrl Pts',(4.99282859479608,-0.170412841908936,11.3542203638561));
#1805=CARTESIAN_POINT('Ctrl Pts',(5.0542737984976,-0.259071144357307,11.0842698017714));
#1806=CARTESIAN_POINT('Ctrl Pts',(5.14941497121642,-0.383486412781481,10.666348038921));
#1807=CARTESIAN_POINT('Ctrl Pts',(5.26426323929774,-0.522777528805226,10.1618597943975));
#1808=CARTESIAN_POINT('Ctrl Pts',(5.36682667540072,-0.637879783268235,9.71133723146533));
#1809=CARTESIAN_POINT('Ctrl Pts',(5.45695620089782,-0.731626869676438,9.31543129578369));
#1810=CARTESIAN_POINT('Ctrl Pts',(5.53442582321002,-0.806589714991881,8.97513650134433));
#1811=CARTESIAN_POINT('Ctrl Pts',(5.63804060337027,-0.898272079099306,8.51999493372703));
#1812=CARTESIAN_POINT('Ctrl Pts',(5.74227221319278,-0.976078210312475,8.06214419738918));
#1813=CARTESIAN_POINT('Ctrl Pts',(5.86041507277112,-1.04093853180167,7.54318664606427));
#1814=CARTESIAN_POINT('Ctrl Pts',(5.96601973844937,-1.07777444552933,7.07930451501981));
#1815=CARTESIAN_POINT('Ctrl Pts',(6.08525605369053,-1.07850193930181,6.55554379319204));
#1816=CARTESIAN_POINT('Ctrl Pts',(6.2039095824232,-1.01696507492181,6.03434302541561));
#1817=CARTESIAN_POINT('Ctrl Pts',(6.29961631061777,-0.878358487053501,5.61393892390708));
#1818=CARTESIAN_POINT('Ctrl Pts',(6.36748565609729,-0.684206623824997,5.31581475133632));
#1819=CARTESIAN_POINT('Ctrl Pts',(6.41056973634494,-0.4937147476137,5.12656311727462));
#1820=CARTESIAN_POINT('Ctrl Pts',(6.43773622820324,-0.302639152993279,5.00723549497322));
#1821=CARTESIAN_POINT('Ctrl Pts',(6.45145865387185,-0.157178221438781,4.94696091350062));
#1822=CARTESIAN_POINT('Ctrl Pts',(6.45649596696233,-0.08068797499767,4.92482990598244));
#1823=CARTESIAN_POINT('Ctrl Pts',(6.45830280477761,-0.0351582597940938,
4.91688883220686));
#1824=CARTESIAN_POINT('Ctrl Pts',(6.45864823619248,-0.011710092879034,4.91537067179043));
#1825=CARTESIAN_POINT('Ctrl Pts',(6.45864823619248,5.21189805443284E-19,
4.91537067179043));
#1826=CARTESIAN_POINT('Ctrl Pts',(4.93050386850629,1.84326239107705E-15,
11.6279407890761));
#1827=CARTESIAN_POINT('Ctrl Pts',(4.93050386850629,-0.00139445856186556,
11.6279407890761));
#1828=CARTESIAN_POINT('Ctrl Pts',(4.93055133496944,-0.00427648696751697,
11.6277322865492));
#1829=CARTESIAN_POINT('Ctrl Pts',(4.93080319137263,-0.00962262998286977,
11.626625974998));
#1830=CARTESIAN_POINT('Ctrl Pts',(4.93140237712133,-0.0161549792665504,
11.6239939747522));
#1831=CARTESIAN_POINT('Ctrl Pts',(4.9322521232238,-0.0219712146374567,11.6202613560184));
#1832=CARTESIAN_POINT('Ctrl Pts',(4.93302819394274,-0.0263208755250438,
11.6168523658555));
#1833=CARTESIAN_POINT('Ctrl Pts',(4.93511011674568,-0.0366594658863659,
11.6077072529402));
#1834=CARTESIAN_POINT('Ctrl Pts',(4.94134491720447,-0.0575936756571529,
11.5803200923211));
#1835=CARTESIAN_POINT('Ctrl Pts',(4.95240851622061,-0.0828386235503898,
11.5317218147527));
#1836=CARTESIAN_POINT('Ctrl Pts',(4.96607967609445,-0.108915073059281,11.4716694917011));
#1837=CARTESIAN_POINT('Ctrl Pts',(4.99387093808932,-0.156181359068811,11.349592809201));
#1838=CARTESIAN_POINT('Ctrl Pts',(5.05514874403577,-0.245957740739358,11.0804221877944));
#1839=CARTESIAN_POINT('Ctrl Pts',(5.15019094207909,-0.370993624691926,10.6629371438697));
#1840=CARTESIAN_POINT('Ctrl Pts',(5.26496234300086,-0.51065220376874,10.1587890460608));
#1841=CARTESIAN_POINT('Ctrl Pts',(5.36746779694519,-0.625908751723602,9.70852069343953));
#1842=CARTESIAN_POINT('Ctrl Pts',(5.45754550767559,-0.719740748231162,9.31284279672488));
#1843=CARTESIAN_POINT('Ctrl Pts',(5.53496806640896,-0.79474437724768,8.9727542781615));
#1844=CARTESIAN_POINT('Ctrl Pts',(5.63851324756208,-0.886454623873562,8.51791879043217));
#1845=CARTESIAN_POINT('Ctrl Pts',(5.74266156170199,-0.964254137825149,8.06043396370745));
#1846=CARTESIAN_POINT('Ctrl Pts',(5.86067765616662,-1.02908567284471,7.54203313338437));
#1847=CARTESIAN_POINT('Ctrl Pts',(5.96613724373252,-1.06588749993945,7.07878836996716));
#1848=CARTESIAN_POINT('Ctrl Pts',(6.0851286020356,-1.06660257223701,6.5561035681576));
#1849=CARTESIAN_POINT('Ctrl Pts',(6.20339763018767,-1.00520680363642,6.03659169417408));
#1850=CARTESIAN_POINT('Ctrl Pts',(6.29854644664572,-0.867245715861506,5.61863831518904));
#1851=CARTESIAN_POINT('Ctrl Pts',(6.36582085623211,-0.674657534095049,5.32312684323863));
#1852=CARTESIAN_POINT('Ctrl Pts',(6.40846143937392,-0.485992055710792,5.13582261319738));
#1853=CARTESIAN_POINT('Ctrl Pts',(6.43532324079568,-0.296762123472926,5.01782870546658));
#1854=CARTESIAN_POINT('Ctrl Pts',(6.44880867475393,-0.152687764873506,4.95859220731826));
#1855=CARTESIAN_POINT('Ctrl Pts',(6.45363004389978,-0.0774937387709469,
4.93741372501176));
#1856=CARTESIAN_POINT('Ctrl Pts',(6.45529610917567,-0.0335060420480423,
4.93009531961701));
#1857=CARTESIAN_POINT('Ctrl Pts',(6.45560640014082,-0.0111556684949402,
4.92873232675826));
#1858=CARTESIAN_POINT('Ctrl Pts',(6.45560640014082,4.96529921315074E-19,
4.92873232675826));
#1859=CARTESIAN_POINT('Ctrl Pts',(6.45560640014082,4.96529921315074E-19,
4.92873232675826));
#1860=CARTESIAN_POINT('Ctrl Pts',(6.45560640014082,-0.0111556684949402,
4.92873232675826));
#1861=CARTESIAN_POINT('Ctrl Pts',(6.45529610917567,-0.0335060420480423,
4.93009531961701));
#1862=CARTESIAN_POINT('Ctrl Pts',(6.45363004389978,-0.0774937387709469,
4.93741372501176));
#1863=CARTESIAN_POINT('Ctrl Pts',(6.44880867475393,-0.152687764873506,4.95859220731826));
#1864=CARTESIAN_POINT('Ctrl Pts',(6.43532324079568,-0.296762123472926,5.01782870546658));
#1865=CARTESIAN_POINT('Ctrl Pts',(6.40846143937392,-0.485992055710792,5.13582261319738));
#1866=CARTESIAN_POINT('Ctrl Pts',(6.36582085623211,-0.674657534095049,5.32312684323863));
#1867=CARTESIAN_POINT('Ctrl Pts',(6.29854644664572,-0.867245715861506,5.61863831518904));
#1868=CARTESIAN_POINT('Ctrl Pts',(6.20339763018767,-1.00520680363642,6.03659169417408));
#1869=CARTESIAN_POINT('Ctrl Pts',(6.0851286020356,-1.06660257223701,6.5561035681576));
#1870=CARTESIAN_POINT('Ctrl Pts',(5.96613724373252,-1.06588749993945,7.07878836996716));
#1871=CARTESIAN_POINT('Ctrl Pts',(5.86067765616662,-1.02908567284471,7.54203313338437));
#1872=CARTESIAN_POINT('Ctrl Pts',(5.74266156170199,-0.964254137825149,8.06043396370745));
#1873=CARTESIAN_POINT('Ctrl Pts',(5.63851324756208,-0.886454623873562,8.51791879043217));
#1874=CARTESIAN_POINT('Ctrl Pts',(5.53496806640896,-0.79474437724768,8.9727542781615));
#1875=CARTESIAN_POINT('Ctrl Pts',(5.45754550767559,-0.719740748231162,9.31284279672488));
#1876=CARTESIAN_POINT('Ctrl Pts',(5.36746779694519,-0.625908751723602,9.70852069343953));
#1877=CARTESIAN_POINT('Ctrl Pts',(5.26496234300086,-0.51065220376874,10.1587890460608));
#1878=CARTESIAN_POINT('Ctrl Pts',(5.15019094207909,-0.370993624691926,10.6629371438697));
#1879=CARTESIAN_POINT('Ctrl Pts',(5.05514874403577,-0.245957740739358,11.0804221877944));
#1880=CARTESIAN_POINT('Ctrl Pts',(4.99387093808932,-0.156181359068811,11.349592809201));
#1881=CARTESIAN_POINT('Ctrl Pts',(4.96607967609445,-0.108915073059281,11.4716694917011));
#1882=CARTESIAN_POINT('Ctrl Pts',(4.95240851622061,-0.0828386235503898,
11.5317218147527));
#1883=CARTESIAN_POINT('Ctrl Pts',(4.94134491720447,-0.0575936756571529,
11.5803200923211));
#1884=CARTESIAN_POINT('Ctrl Pts',(4.93511011674568,-0.0366594658863659,
11.6077072529402));
#1885=CARTESIAN_POINT('Ctrl Pts',(4.93302819394274,-0.0263208755250438,
11.6168523658555));
#1886=CARTESIAN_POINT('Ctrl Pts',(4.9322521232238,-0.0219712146374567,11.6202613560184));
#1887=CARTESIAN_POINT('Ctrl Pts',(4.93140237712133,-0.0161549792665504,
11.6239939747522));
#1888=CARTESIAN_POINT('Ctrl Pts',(4.93080319137263,-0.00962262998286977,
11.626625974998));
#1889=CARTESIAN_POINT('Ctrl Pts',(4.93055133496944,-0.00427648696751697,
11.6277322865492));
#1890=CARTESIAN_POINT('Ctrl Pts',(4.93050386850629,-0.00139445856186556,
11.6279407890761));
#1891=CARTESIAN_POINT('Ctrl Pts',(4.93050386850629,1.84326239107705E-15,
11.6279407890761));
#1892=CARTESIAN_POINT('Ctrl Pts',(5.11510065034648,3.59738313526986E-15,
11.699281558684));
#1893=CARTESIAN_POINT('Ctrl Pts',(5.11510065034648,-0.00273073175571405,
11.699281558684));
#1894=CARTESIAN_POINT('Ctrl Pts',(5.11508873174471,-0.0083739470413799,
11.6990590629973));
#1895=CARTESIAN_POINT('Ctrl Pts',(5.11502646159907,-0.0188162930811713,
11.6978787244239));
#1896=CARTESIAN_POINT('Ctrl Pts',(5.11488486329036,-0.031479223303943,11.6950720970298));
#1897=CARTESIAN_POINT('Ctrl Pts',(5.11470934550049,-0.04256057759283,11.6910975788749));
#1898=CARTESIAN_POINT('Ctrl Pts',(5.11457148338419,-0.0507250180859713,
11.6874727645142));
#1899=CARTESIAN_POINT('Ctrl Pts',(5.11423714727266,-0.069919410889202,11.6777567430154));
#1900=CARTESIAN_POINT('Ctrl Pts',(5.1137602479927,-0.106489277310424,11.6487790844804));
#1901=CARTESIAN_POINT('Ctrl Pts',(5.11545541343273,-0.144763632409627,11.5979361199652));
#1902=CARTESIAN_POINT('Ctrl Pts',(5.1204098633858,-0.18007218927872,11.5357593797305));
#1903=CARTESIAN_POINT('Ctrl Pts',(5.13449937406423,-0.238659455213914,11.4102752170524));
#1904=CARTESIAN_POINT('Ctrl Pts',(5.17984748221038,-0.336339883542672,11.1368217132506));
#1905=CARTESIAN_POINT('Ctrl Pts',(5.26554415211359,-0.464491653054195,10.7161025758646));
#1906=CARTESIAN_POINT('Ctrl Pts',(5.37474126298173,-0.605859399509424,10.2091587095942));
#1907=CARTESIAN_POINT('Ctrl Pts',(5.47469238434798,-0.721988936858078,9.75671971782143));
#1908=CARTESIAN_POINT('Ctrl Pts',(5.56330340650904,-0.816465186319643,9.35907972775779));
#1909=CARTESIAN_POINT('Ctrl Pts',(5.63992166049027,-0.891956428105995,9.01721572345861));
#1910=CARTESIAN_POINT('Ctrl Pts',(5.74281661791533,-0.984287632389774,8.55975163620108));
#1911=CARTESIAN_POINT('Ctrl Pts',(5.84686354629062,-1.06268946395818,8.09913830090652));
#1912=CARTESIAN_POINT('Ctrl Pts',(5.9653676147507,-1.12815898263789,7.57601225833858));
#1913=CARTESIAN_POINT('Ctrl Pts',(6.07176407116399,-1.16544146077292,7.10738388641638));
#1914=CARTESIAN_POINT('Ctrl Pts',(6.19281292253268,-1.16625607624901,6.57568534017778));
#1915=CARTESIAN_POINT('Ctrl Pts',(6.31468777733653,-1.10340158747481,6.04214296020977));
#1916=CARTESIAN_POINT('Ctrl Pts',(6.41525578105408,-0.959490030380033,5.6041094377242));
#1917=CARTESIAN_POINT('Ctrl Pts',(6.48834239621134,-0.753348286621668,5.28757084738799));
#1918=CARTESIAN_POINT('Ctrl Pts',(6.53567368840508,-0.549044934612215,5.08512141272729));
#1919=CARTESIAN_POINT('Ctrl Pts',(6.56684484821364,-0.3438806749922,4.95804056153124));
#1920=CARTESIAN_POINT('Ctrl Pts',(6.58706535745384,-0.187021394791099,4.89581004273179));
#1921=CARTESIAN_POINT('Ctrl Pts',(6.59946445024882,-0.100402325628828,4.87481047127454));
#1922=CARTESIAN_POINT('Ctrl Pts',(6.60579290163462,-0.0448616209745299,
4.86803170468279));
#1923=CARTESIAN_POINT('Ctrl Pts',(6.60720413177081,-0.0149567801625161,
4.86682270871659));
#1924=CARTESIAN_POINT('Ctrl Pts',(6.60720413177081,-7.70717333384034E-18,
4.86682270871659));
#1925=CARTESIAN_POINT('Ctrl Pts',(6.48583371933524,0.,4.7959549505884));
#1926=CARTESIAN_POINT('Ctrl Pts',(6.48583371933524,0.,4.7959549505884));
#1927=CARTESIAN_POINT('Ctrl Pts',(6.48583371933524,0.,4.7959549505884));
#1928=CARTESIAN_POINT('Ctrl Pts',(6.57665626950703,0.,4.84402880965382));
#1929=CARTESIAN_POINT('Ctrl Pts',(6.57665626950703,0.0992279288040866,4.84402880965382));
#1930=CARTESIAN_POINT('Ctrl Pts',(6.47990383727449,0.0992279288040866,4.82200271803873));
#1931=CARTESIAN_POINT('Ctrl Pts',(6.74555086585931,0.,4.95054942228571));
#1932=CARTESIAN_POINT('Ctrl Pts',(6.74555086585931,0.287553896966113,4.95054942228571));
#1933=CARTESIAN_POINT('Ctrl Pts',(6.46517074239279,0.287553896966113,4.88671972680392));
#1934=CARTESIAN_POINT('Ctrl Pts',(6.96064825141522,0.,5.14144332759756));
#1935=CARTESIAN_POINT('Ctrl Pts',(6.96064825141522,0.539658744543329,5.14144332759756));
#1936=CARTESIAN_POINT('Ctrl Pts',(6.43445268591858,0.53965874454333,5.02165272941156));
#1937=CARTESIAN_POINT('Ctrl Pts',(7.16963610465206,0.,5.45926807410917));
#1938=CARTESIAN_POINT('Ctrl Pts',(7.16963610465206,0.813981915650476,5.45926807410917));
#1939=CARTESIAN_POINT('Ctrl Pts',(6.37596106697212,0.813981915650477,5.27858466709634));
#1940=CARTESIAN_POINT('Ctrl Pts',(7.29515576558471,0.,5.96695711286965));
#1941=CARTESIAN_POINT('Ctrl Pts',(7.29515576558471,1.04906429668064,5.96695711286965));
#1942=CARTESIAN_POINT('Ctrl Pts',(6.2722630830964,1.04906429668064,5.73409136038139));
#1943=CARTESIAN_POINT('Ctrl Pts',(7.2800519965485,0.,6.58904727683097));
#1944=CARTESIAN_POINT('Ctrl Pts',(7.2800519965485,1.17242561946204,6.58904727683097));
#1945=CARTESIAN_POINT('Ctrl Pts',(6.13687555759794,1.17242561946204,6.32879842938054));
#1946=CARTESIAN_POINT('Ctrl Pts',(7.12911948561297,0.,7.32163795206147));
#1947=CARTESIAN_POINT('Ctrl Pts',(7.12911948561297,1.18787511852437,7.32163795206147));
#1948=CARTESIAN_POINT('Ctrl Pts',(5.97087897519514,1.18787511852437,7.05795970639769));
#1949=CARTESIAN_POINT('Ctrl Pts',(6.85540501024678,0.,8.15411521723225));
#1950=CARTESIAN_POINT('Ctrl Pts',(6.85540501024678,1.10577806362283,8.15411521723225));
#1951=CARTESIAN_POINT('Ctrl Pts',(5.77721343198529,1.10577806362283,7.90866044226251));
#1952=CARTESIAN_POINT('Ctrl Pts',(6.47368397364687,0.,9.07445886524482));
#1953=CARTESIAN_POINT('Ctrl Pts',(6.47368397364687,0.937873065325771,9.07445886524482));
#1954=CARTESIAN_POINT('Ctrl Pts',(5.55920857050896,0.937873065325771,8.8662747550939));
#1955=CARTESIAN_POINT('Ctrl Pts',(5.99774428070203,0.,10.0714520467168));
#1956=CARTESIAN_POINT('Ctrl Pts',(5.99774428070203,0.695114196688575,10.0714520467168));
#1957=CARTESIAN_POINT('Ctrl Pts',(5.31997150020015,0.695114196688575,9.91715426822095));
#1958=CARTESIAN_POINT('Ctrl Pts',(5.55000785819047,0.,10.9235405080905));
#1959=CARTESIAN_POINT('Ctrl Pts',(5.55000785819047,0.447689810645213,10.9235405080905));
#1960=CARTESIAN_POINT('Ctrl Pts',(5.11348682436772,0.447689810645213,10.824164688165));
#1961=CARTESIAN_POINT('Ctrl Pts',(5.17935834923463,0.,11.5909560273972));
#1962=CARTESIAN_POINT('Ctrl Pts',(5.17935834923463,0.234436481882636,11.5909560273972));
#1963=CARTESIAN_POINT('Ctrl Pts',(4.95077048995392,0.234436481882636,11.5389170552035));
#1964=CARTESIAN_POINT('Ctrl Pts',(4.91702255832181,0.,12.0482947187384));
#1965=CARTESIAN_POINT('Ctrl Pts',(4.91702255832181,0.0801629612886779,12.0482947187384));
#1966=CARTESIAN_POINT('Ctrl Pts',(4.83885946882555,0.0801629612886779,12.0305005679306));
#1967=CARTESIAN_POINT('Ctrl Pts',(4.78204558004885,0.,12.2800628606783));
#1968=CARTESIAN_POINT('Ctrl Pts',(4.78204558004885,0.,12.2800628606783));
#1969=CARTESIAN_POINT('Ctrl Pts',(4.78204558004885,0.,12.2800628606783));
#1970=CARTESIAN_POINT('Ctrl Pts',(5.11510065034648,0.,11.699281558684));
#1971=CARTESIAN_POINT('Ctrl Pts',(5.17768151726592,0.,11.5883760169039));
#1972=CARTESIAN_POINT('Ctrl Pts',(5.36466741150156,0.,11.2543029133661));
#1973=CARTESIAN_POINT('Ctrl Pts',(5.66267116117257,0.,10.7079530898503));
#1974=CARTESIAN_POINT('Ctrl Pts',(6.04610783588021,0.,9.97014060860993));
#1975=CARTESIAN_POINT('Ctrl Pts',(6.47368397364687,0.,9.07445886524482));
#1976=CARTESIAN_POINT('Ctrl Pts',(6.85540501024678,0.,8.15411521723225));
#1977=CARTESIAN_POINT('Ctrl Pts',(7.12911948561297,0.,7.32163795206147));
#1978=CARTESIAN_POINT('Ctrl Pts',(7.2800519965485,0.,6.58904727683097));
#1979=CARTESIAN_POINT('Ctrl Pts',(7.29515576558471,0.,5.96695711286965));
#1980=CARTESIAN_POINT('Ctrl Pts',(7.17661832519607,0.,5.48750904297464));
#1981=CARTESIAN_POINT('Ctrl Pts',(6.98918648244435,0.,5.18606907629902));
#1982=CARTESIAN_POINT('Ctrl Pts',(6.80386951030301,0.,5.00486916715072));
#1983=CARTESIAN_POINT('Ctrl Pts',(6.66764306099661,0.,4.90569329795286));
#1984=CARTESIAN_POINT('Ctrl Pts',(6.60720413177081,0.,4.86682270871659));
#1985=CARTESIAN_POINT('Origin',(5.65387842159324,0.394565710368971,8.45042529293977));
#1986=CARTESIAN_POINT('Ctrl Pts',(4.78204558004885,0.,12.2800628606783));
#1987=CARTESIAN_POINT('Ctrl Pts',(4.78204558004885,0.,12.2800628606783));
#1988=CARTESIAN_POINT('Ctrl Pts',(4.78204558004885,0.,12.2800628606783));
#1989=CARTESIAN_POINT('Ctrl Pts',(4.91702255832181,0.,12.0482947187384));
#1990=CARTESIAN_POINT('Ctrl Pts',(4.91702255832181,-0.0801629612886779,
12.0482947187384));
#1991=CARTESIAN_POINT('Ctrl Pts',(4.83885946882555,-0.0801629612886779,
12.0305005679306));
#1992=CARTESIAN_POINT('Ctrl Pts',(5.17935834923463,0.,11.5909560273972));
#1993=CARTESIAN_POINT('Ctrl Pts',(5.17935834923463,-0.234436481882636,11.5909560273972));
#1994=CARTESIAN_POINT('Ctrl Pts',(4.95077048995392,-0.234436481882636,11.5389170552035));
#1995=CARTESIAN_POINT('Ctrl Pts',(5.55000785819047,0.,10.9235405080905));
#1996=CARTESIAN_POINT('Ctrl Pts',(5.55000785819047,-0.447689810645213,10.9235405080905));
#1997=CARTESIAN_POINT('Ctrl Pts',(5.11348682436772,-0.447689810645213,10.824164688165));
#1998=CARTESIAN_POINT('Ctrl Pts',(5.99774428070203,0.,10.0714520467168));
#1999=CARTESIAN_POINT('Ctrl Pts',(5.99774428070203,-0.695114196688575,10.0714520467168));
#2000=CARTESIAN_POINT('Ctrl Pts',(5.31997150020015,-0.695114196688575,9.91715426822095));
#2001=CARTESIAN_POINT('Ctrl Pts',(6.47368397364687,0.,9.07445886524482));
#2002=CARTESIAN_POINT('Ctrl Pts',(6.47368397364687,-0.937873065325771,9.07445886524482));
#2003=CARTESIAN_POINT('Ctrl Pts',(5.55920857050896,-0.937873065325771,8.8662747550939));
#2004=CARTESIAN_POINT('Ctrl Pts',(6.85540501024678,0.,8.15411521723225));
#2005=CARTESIAN_POINT('Ctrl Pts',(6.85540501024678,-1.10577806362283,8.15411521723225));
#2006=CARTESIAN_POINT('Ctrl Pts',(5.77721343198529,-1.10577806362283,7.90866044226251));
#2007=CARTESIAN_POINT('Ctrl Pts',(7.12911948561297,0.,7.32163795206147));
#2008=CARTESIAN_POINT('Ctrl Pts',(7.12911948561297,-1.18787511852437,7.32163795206147));
#2009=CARTESIAN_POINT('Ctrl Pts',(5.97087897519514,-1.18787511852437,7.05795970639769));
#2010=CARTESIAN_POINT('Ctrl Pts',(7.2800519965485,0.,6.58904727683097));
#2011=CARTESIAN_POINT('Ctrl Pts',(7.2800519965485,-1.17242561946204,6.58904727683097));
#2012=CARTESIAN_POINT('Ctrl Pts',(6.13687555759794,-1.17242561946204,6.32879842938054));
#2013=CARTESIAN_POINT('Ctrl Pts',(7.29515576558471,0.,5.96695711286965));
#2014=CARTESIAN_POINT('Ctrl Pts',(7.29515576558471,-1.04906429668064,5.96695711286965));
#2015=CARTESIAN_POINT('Ctrl Pts',(6.2722630830964,-1.04906429668064,5.73409136038139));
#2016=CARTESIAN_POINT('Ctrl Pts',(7.16963610465206,0.,5.45926807410917));
#2017=CARTESIAN_POINT('Ctrl Pts',(7.16963610465206,-0.813981915650476,5.45926807410917));
#2018=CARTESIAN_POINT('Ctrl Pts',(6.37596106697212,-0.813981915650477,5.27858466709634));
#2019=CARTESIAN_POINT('Ctrl Pts',(6.96064825141522,0.,5.14144332759756));
#2020=CARTESIAN_POINT('Ctrl Pts',(6.96064825141522,-0.539658744543329,5.14144332759756));
#2021=CARTESIAN_POINT('Ctrl Pts',(6.43445268591858,-0.53965874454333,5.02165272941156));
#2022=CARTESIAN_POINT('Ctrl Pts',(6.74555086585931,0.,4.95054942228571));
#2023=CARTESIAN_POINT('Ctrl Pts',(6.74555086585931,-0.287553896966113,4.95054942228571));
#2024=CARTESIAN_POINT('Ctrl Pts',(6.46517074239279,-0.287553896966113,4.88671972680392));
#2025=CARTESIAN_POINT('Ctrl Pts',(6.57665626950703,0.,4.84402880965382));
#2026=CARTESIAN_POINT('Ctrl Pts',(6.57665626950703,-0.0992279288040866,
4.84402880965382));
#2027=CARTESIAN_POINT('Ctrl Pts',(6.47990383727449,-0.0992279288040866,
4.82200271803873));
#2028=CARTESIAN_POINT('Ctrl Pts',(6.48583371933524,0.,4.7959549505884));
#2029=CARTESIAN_POINT('Ctrl Pts',(6.48583371933524,0.,4.7959549505884));
#2030=CARTESIAN_POINT('Ctrl Pts',(6.48583371933524,0.,4.7959549505884));
#2031=UNCERTAINTY_MEASURE_WITH_UNIT(LENGTH_MEASURE(0.001),#2035,
'DISTANCE_ACCURACY_VALUE',
'Maximum model space distance between geometric entities at asserted c
onnectivities');
#2032=UNCERTAINTY_MEASURE_WITH_UNIT(LENGTH_MEASURE(0.001),#2035,
'DISTANCE_ACCURACY_VALUE',
'Maximum model space distance between geometric entities at asserted c
onnectivities');
#2033=(
GEOMETRIC_REPRESENTATION_CONTEXT(3)
GLOBAL_UNCERTAINTY_ASSIGNED_CONTEXT((#2031))
GLOBAL_UNIT_ASSIGNED_CONTEXT((#2035,#2037,#2038))
REPRESENTATION_CONTEXT('','3D')
);
#2034=(
GEOMETRIC_REPRESENTATION_CONTEXT(3)
GLOBAL_UNCERTAINTY_ASSIGNED_CONTEXT((#2032))
GLOBAL_UNIT_ASSIGNED_CONTEXT((#2035,#2037,#2038))
REPRESENTATION_CONTEXT('','3D')
);
#2035=(
LENGTH_UNIT()
NAMED_UNIT(*)
SI_UNIT(.CENTI.,.METRE.)
);
#2036=(
LENGTH_UNIT()
NAMED_UNIT(*)
SI_UNIT($,.METRE.)
);
#2037=(
NAMED_UNIT(*)
PLANE_ANGLE_UNIT()
SI_UNIT($,.RADIAN.)
);
#2038=(
NAMED_UNIT(*)
SI_UNIT($,.STERADIAN.)
SOLID_ANGLE_UNIT()
);
#2039=SHAPE_DEFINITION_REPRESENTATION(#2040,#2041);
#2040=PRODUCT_DEFINITION_SHAPE('',$,#2043);
#2041=SHAPE_REPRESENTATION('',(#401),#2033);
#2042=PRODUCT_DEFINITION_CONTEXT('part definition',#2047,'design');
#2043=PRODUCT_DEFINITION('2026-07-22-11-25-43-233','outerShellCAD_arm',
#2044,#2042);
#2044=PRODUCT_DEFINITION_FORMATION('',$,#2049);
#2045=PRODUCT_RELATED_PRODUCT_CATEGORY('outerShellCAD_arm',
'outerShellCAD_arm',(#2049));
#2046=APPLICATION_PROTOCOL_DEFINITION('international standard',
'automotive_design',2009,#2047);
#2047=APPLICATION_CONTEXT(
'Core Data for Automotive Mechanical Design Process');
#2048=PRODUCT_CONTEXT('part definition',#2047,'mechanical');
#2049=PRODUCT('2026-07-22-11-25-43-233','outerShellCAD_arm',$,(#2048));
#2050=PRESENTATION_STYLE_ASSIGNMENT((#2051));
#2051=SURFACE_STYLE_USAGE(.BOTH.,#2052);
#2052=SURFACE_SIDE_STYLE('',(#2053));
#2053=SURFACE_STYLE_FILL_AREA(#2054);
#2054=FILL_AREA_STYLE('Steel - Satin',(#2055));
#2055=FILL_AREA_STYLE_COLOUR('Steel - Satin',#2056);
#2056=COLOUR_RGB('Steel - Satin',0.627450980392157,0.627450980392157,0.627450980392157);
ENDSEC;
END-ISO-10303-21;
