ISO-10303-21;
HEADER;
/* Generated by software containing ST-Developer
 * from STEP Tools, Inc. (www.steptools.com) 
 */

FILE_DESCRIPTION(
/* description */ (''),
/* implementation_level */ '2;1');

FILE_NAME(
/* name */ 'TotoroCompanion.step',
/* time_stamp */ '2026-08-11T17:08:02-04:00',
/* author */ (''),
/* organization */ (''),
/* preprocessor_version */ 'ST-DEVELOPER v20.1',
/* originating_system */ 'Autodesk Translation Framework v15.8.0.0',
/* authorisation */ '');

FILE_SCHEMA (('AUTOMOTIVE_DESIGN { 1 0 10303 214 3 1 1 }'));
ENDSEC;

DATA;
#10=MECHANICAL_DESIGN_GEOMETRIC_PRESENTATION_REPRESENTATION('',(#772,#773,
#774,#775,#776,#777,#778,#779),#8148);
#11=ITEM_DEFINED_TRANSFORMATION($,$,#3396,#3508);
#12=ITEM_DEFINED_TRANSFORMATION($,$,#3439,#3509);
#13=ITEM_DEFINED_TRANSFORMATION($,$,#3396,#3510);
#14=ITEM_DEFINED_TRANSFORMATION($,$,#3439,#3511);
#15=ITEM_DEFINED_TRANSFORMATION($,$,#3354,#3572);
#16=ITEM_DEFINED_TRANSFORMATION($,$,#3394,#3573);
#17=ITEM_DEFINED_TRANSFORMATION($,$,#3395,#3574);
#18=ITEM_DEFINED_TRANSFORMATION($,$,#3512,#3575);
#19=(
REPRESENTATION_RELATIONSHIP($,$,#8179,#8177)
REPRESENTATION_RELATIONSHIP_WITH_TRANSFORMATION(#11)
SHAPE_REPRESENTATION_RELATIONSHIP()
);
#20=(
REPRESENTATION_RELATIONSHIP($,$,#8180,#8177)
REPRESENTATION_RELATIONSHIP_WITH_TRANSFORMATION(#12)
SHAPE_REPRESENTATION_RELATIONSHIP()
);
#21=(
REPRESENTATION_RELATIONSHIP($,$,#8179,#8178)
REPRESENTATION_RELATIONSHIP_WITH_TRANSFORMATION(#13)
SHAPE_REPRESENTATION_RELATIONSHIP()
);
#22=(
REPRESENTATION_RELATIONSHIP($,$,#8180,#8178)
REPRESENTATION_RELATIONSHIP_WITH_TRANSFORMATION(#14)
SHAPE_REPRESENTATION_RELATIONSHIP()
);
#23=(
REPRESENTATION_RELATIONSHIP($,$,#8176,#8175)
REPRESENTATION_RELATIONSHIP_WITH_TRANSFORMATION(#15)
SHAPE_REPRESENTATION_RELATIONSHIP()
);
#24=(
REPRESENTATION_RELATIONSHIP($,$,#8177,#8175)
REPRESENTATION_RELATIONSHIP_WITH_TRANSFORMATION(#16)
SHAPE_REPRESENTATION_RELATIONSHIP()
);
#25=(
REPRESENTATION_RELATIONSHIP($,$,#8178,#8175)
REPRESENTATION_RELATIONSHIP_WITH_TRANSFORMATION(#17)
SHAPE_REPRESENTATION_RELATIONSHIP()
);
#26=(
REPRESENTATION_RELATIONSHIP($,$,#8181,#8175)
REPRESENTATION_RELATIONSHIP_WITH_TRANSFORMATION(#18)
SHAPE_REPRESENTATION_RELATIONSHIP()
);
#27=CONTEXT_DEPENDENT_SHAPE_REPRESENTATION(#19,#8166);
#28=CONTEXT_DEPENDENT_SHAPE_REPRESENTATION(#20,#8167);
#29=CONTEXT_DEPENDENT_SHAPE_REPRESENTATION(#21,#8168);
#30=CONTEXT_DEPENDENT_SHAPE_REPRESENTATION(#22,#8169);
#31=CONTEXT_DEPENDENT_SHAPE_REPRESENTATION(#23,#8171);
#32=CONTEXT_DEPENDENT_SHAPE_REPRESENTATION(#24,#8172);
#33=CONTEXT_DEPENDENT_SHAPE_REPRESENTATION(#25,#8173);
#34=CONTEXT_DEPENDENT_SHAPE_REPRESENTATION(#26,#8174);
#35=NEXT_ASSEMBLY_USAGE_OCCURRENCE('Component1:1','Component1:1',
'Component1:1',#8185,#8187,'Component1:1');
#36=NEXT_ASSEMBLY_USAGE_OCCURRENCE('Component2:1','Component2:1',
'Component2:1',#8185,#8188,'Component2:1');
#37=NEXT_ASSEMBLY_USAGE_OCCURRENCE('Component1:1','Component1:1',
'Component1:1',#8186,#8187,'Component1:1');
#38=NEXT_ASSEMBLY_USAGE_OCCURRENCE('Component2:1','Component2:1',
'Component2:1',#8186,#8188,'Component2:1');
#39=NEXT_ASSEMBLY_USAGE_OCCURRENCE('arm:1','arm:1','arm:1',#8183,#8184,
'arm:1');
#40=NEXT_ASSEMBLY_USAGE_OCCURRENCE('SG92R Servo:1','SG92R Servo:1',
'SG92R Servo:1',#8183,#8185,'SG92R Servo:1');
#41=NEXT_ASSEMBLY_USAGE_OCCURRENCE('SG92R Servo:2','SG92R Servo:2',
'SG92R Servo:2',#8183,#8186,'SG92R Servo:2');
#42=NEXT_ASSEMBLY_USAGE_OCCURRENCE('Component7:1','Component7:1',
'Component7:1',#8183,#8189,'Component7:1');
#43=SHAPE_REPRESENTATION_RELATIONSHIP('SRR','None',#8176,#48);
#44=SHAPE_REPRESENTATION_RELATIONSHIP('SRR','None',#8179,#49);
#45=SHAPE_REPRESENTATION_RELATIONSHIP('SRR','None',#8180,#50);
#46=SHAPE_REPRESENTATION_RELATIONSHIP('SRR','None',#8181,#51);
#47=SHAPE_REPRESENTATION_RELATIONSHIP('SRR','None',#8175,#52);
#48=ADVANCED_BREP_SHAPE_REPRESENTATION('',(#780,#781),#8142);
#49=ADVANCED_BREP_SHAPE_REPRESENTATION('',(#782),#8145);
#50=ADVANCED_BREP_SHAPE_REPRESENTATION('',(#783),#8146);
#51=ADVANCED_BREP_SHAPE_REPRESENTATION('',(#784),#8147);
#52=ADVANCED_BREP_SHAPE_REPRESENTATION('',(#785,#786,#787),#8141);
#53=FACE_BOUND('',#1120,.T.);
#54=FACE_BOUND('',#1121,.T.);
#55=FACE_BOUND('',#1122,.T.);
#56=FACE_BOUND('',#1123,.T.);
#57=FACE_BOUND('',#1128,.T.);
#58=FACE_BOUND('',#1135,.T.);
#59=FACE_BOUND('',#1174,.T.);
#60=FACE_BOUND('',#1178,.T.);
#61=FACE_BOUND('',#1180,.T.);
#62=FACE_BOUND('',#1182,.T.);
#63=FACE_BOUND('',#1183,.T.);
#64=FACE_BOUND('',#1184,.T.);
#65=FACE_BOUND('',#1185,.T.);
#66=FACE_BOUND('',#1186,.T.);
#67=FACE_BOUND('',#1187,.T.);
#68=FACE_BOUND('',#1189,.T.);
#69=FACE_BOUND('',#1190,.T.);
#70=FACE_BOUND('',#1191,.T.);
#71=FACE_BOUND('',#1192,.T.);
#72=FACE_BOUND('',#1193,.T.);
#73=FACE_BOUND('',#1194,.T.);
#74=FACE_BOUND('',#1203,.T.);
#75=FACE_BOUND('',#1204,.T.);
#76=FACE_BOUND('',#1205,.T.);
#77=FACE_BOUND('',#1206,.T.);
#78=FACE_BOUND('',#1207,.T.);
#79=FACE_BOUND('',#1208,.T.);
#80=FACE_BOUND('',#1209,.T.);
#81=FACE_BOUND('',#1210,.T.);
#82=FACE_BOUND('',#1211,.T.);
#83=FACE_BOUND('',#1212,.T.);
#84=FACE_BOUND('',#1213,.T.);
#85=FACE_BOUND('',#1214,.T.);
#86=FACE_BOUND('',#1215,.T.);
#87=FACE_BOUND('',#1221,.T.);
#88=FACE_BOUND('',#1231,.T.);
#89=FACE_BOUND('',#1232,.T.);
#90=FACE_BOUND('',#1234,.T.);
#91=FACE_BOUND('',#1236,.T.);
#92=FACE_BOUND('',#1237,.T.);
#93=ELLIPSE('',#3375,0.358223719021261,0.358000000000026);
#94=ELLIPSE('',#3379,0.200124982693427,0.199999999999999);
#95=ELLIPSE('',#3383,0.358223719021209,0.357999999999974);
#96=ELLIPSE('',#3387,0.200124982693427,0.2);
#97=LINE('',#5056,#419);
#98=LINE('',#5063,#420);
#99=LINE('',#5070,#421);
#100=LINE('',#5077,#422);
#101=LINE('',#5085,#423);
#102=LINE('',#5088,#424);
#103=LINE('',#5091,#425);
#104=LINE('',#5093,#426);
#105=LINE('',#5094,#427);
#106=LINE('',#5100,#428);
#107=LINE('',#5103,#429);
#108=LINE('',#5105,#430);
#109=LINE('',#5106,#431);
#110=LINE('',#5112,#432);
#111=LINE('',#5115,#433);
#112=LINE('',#5117,#434);
#113=LINE('',#5118,#435);
#114=LINE('',#5124,#436);
#115=LINE('',#5126,#437);
#116=LINE('',#5127,#438);
#117=LINE('',#5842,#439);
#118=LINE('',#5856,#440);
#119=LINE('',#5859,#441);
#120=LINE('',#5866,#442);
#121=LINE('',#5867,#443);
#122=LINE('',#5870,#444);
#123=LINE('',#5871,#445);
#124=LINE('',#5874,#446);
#125=LINE('',#5876,#447);
#126=LINE('',#5877,#448);
#127=LINE('',#5883,#449);
#128=LINE('',#5886,#450);
#129=LINE('',#5889,#451);
#130=LINE('',#5891,#452);
#131=LINE('',#5892,#453);
#132=LINE('',#5895,#454);
#133=LINE('',#5897,#455);
#134=LINE('',#5898,#456);
#135=LINE('',#5902,#457);
#136=LINE('',#5904,#458);
#137=LINE('',#5906,#459);
#138=LINE('',#5907,#460);
#139=LINE('',#5909,#461);
#140=LINE('',#5910,#462);
#141=LINE('',#5913,#463);
#142=LINE('',#5915,#464);
#143=LINE('',#5916,#465);
#144=LINE('',#5919,#466);
#145=LINE('',#5921,#467);
#146=LINE('',#5922,#468);
#147=LINE('',#5925,#469);
#148=LINE('',#5927,#470);
#149=LINE('',#5928,#471);
#150=LINE('',#5930,#472);
#151=LINE('',#5931,#473);
#152=LINE('',#5935,#474);
#153=LINE('',#5937,#475);
#154=LINE('',#5939,#476);
#155=LINE('',#5940,#477);
#156=LINE('',#5944,#478);
#157=LINE('',#5946,#479);
#158=LINE('',#5948,#480);
#159=LINE('',#5949,#481);
#160=LINE('',#5952,#482);
#161=LINE('',#5954,#483);
#162=LINE('',#5955,#484);
#163=LINE('',#5961,#485);
#164=LINE('',#5963,#486);
#165=LINE('',#5964,#487);
#166=LINE('',#5967,#488);
#167=LINE('',#5969,#489);
#168=LINE('',#5970,#490);
#169=LINE('',#5973,#491);
#170=LINE('',#5975,#492);
#171=LINE('',#5976,#493);
#172=LINE('',#5979,#494);
#173=LINE('',#5981,#495);
#174=LINE('',#5982,#496);
#175=LINE('',#5984,#497);
#176=LINE('',#5985,#498);
#177=LINE('',#5987,#499);
#178=LINE('',#5989,#500);
#179=LINE('',#5996,#501);
#180=LINE('',#6002,#502);
#181=LINE('',#6008,#503);
#182=LINE('',#6014,#504);
#183=LINE('',#6020,#505);
#184=LINE('',#6026,#506);
#185=LINE('',#6032,#507);
#186=LINE('',#6038,#508);
#187=LINE('',#6044,#509);
#188=LINE('',#6050,#510);
#189=LINE('',#6056,#511);
#190=LINE('',#6062,#512);
#191=LINE('',#6068,#513);
#192=LINE('',#6076,#514);
#193=LINE('',#6081,#515);
#194=LINE('',#6092,#516);
#195=LINE('',#6095,#517);
#196=LINE('',#6101,#518);
#197=LINE('',#6104,#519);
#198=LINE('',#6107,#520);
#199=LINE('',#6109,#521);
#200=LINE('',#6110,#522);
#201=LINE('',#6114,#523);
#202=LINE('',#6117,#524);
#203=LINE('',#6118,#525);
#204=LINE('',#6121,#526);
#205=LINE('',#6123,#527);
#206=LINE('',#6124,#528);
#207=LINE('',#6128,#529);
#208=LINE('',#6131,#530);
#209=LINE('',#6132,#531);
#210=LINE('',#6136,#532);
#211=LINE('',#6148,#533);
#212=LINE('',#6150,#534);
#213=LINE('',#6152,#535);
#214=LINE('',#6153,#536);
#215=LINE('',#6156,#537);
#216=LINE('',#6158,#538);
#217=LINE('',#6159,#539);
#218=LINE('',#6162,#540);
#219=LINE('',#6164,#541);
#220=LINE('',#6165,#542);
#221=LINE('',#6167,#543);
#222=LINE('',#6168,#544);
#223=LINE('',#6172,#545);
#224=LINE('',#6174,#546);
#225=LINE('',#6176,#547);
#226=LINE('',#6177,#548);
#227=LINE('',#6180,#549);
#228=LINE('',#6182,#550);
#229=LINE('',#6183,#551);
#230=LINE('',#6186,#552);
#231=LINE('',#6187,#553);
#232=LINE('',#6190,#554);
#233=LINE('',#6191,#555);
#234=LINE('',#6193,#556);
#235=LINE('',#6776,#557);
#236=LINE('',#6778,#558);
#237=LINE('',#6780,#559);
#238=LINE('',#6781,#560);
#239=LINE('',#6784,#561);
#240=LINE('',#6786,#562);
#241=LINE('',#6787,#563);
#242=LINE('',#6790,#564);
#243=LINE('',#6792,#565);
#244=LINE('',#6793,#566);
#245=LINE('',#6795,#567);
#246=LINE('',#6796,#568);
#247=LINE('',#6814,#569);
#248=LINE('',#6816,#570);
#249=LINE('',#6818,#571);
#250=LINE('',#6825,#572);
#251=LINE('',#6827,#573);
#252=LINE('',#6829,#574);
#253=LINE('',#6831,#575);
#254=LINE('',#6833,#576);
#255=LINE('',#6834,#577);
#256=LINE('',#6847,#578);
#257=LINE('',#6848,#579);
#258=LINE('',#6851,#580);
#259=LINE('',#6853,#581);
#260=LINE('',#6855,#582);
#261=LINE('',#6856,#583);
#262=LINE('',#6859,#584);
#263=LINE('',#6861,#585);
#264=LINE('',#6863,#586);
#265=LINE('',#6865,#587);
#266=LINE('',#6867,#588);
#267=LINE('',#6874,#589);
#268=LINE('',#6876,#590);
#269=LINE('',#6877,#591);
#270=LINE('',#6895,#592);
#271=LINE('',#6896,#593);
#272=LINE('',#6914,#594);
#273=LINE('',#6915,#595);
#274=LINE('',#6944,#596);
#275=LINE('',#6945,#597);
#276=LINE('',#6963,#598);
#277=LINE('',#6964,#599);
#278=LINE('',#6982,#600);
#279=LINE('',#6983,#601);
#280=LINE('',#7000,#602);
#281=LINE('',#7003,#603);
#282=LINE('',#7004,#604);
#283=LINE('',#7006,#605);
#284=LINE('',#7009,#606);
#285=LINE('',#7010,#607);
#286=LINE('',#7013,#608);
#287=LINE('',#7014,#609);
#288=LINE('',#7038,#610);
#289=LINE('',#7055,#611);
#290=LINE('',#7057,#612);
#291=LINE('',#7059,#613);
#292=LINE('',#7060,#614);
#293=LINE('',#7063,#615);
#294=LINE('',#7065,#616);
#295=LINE('',#7082,#617);
#296=LINE('',#7100,#618);
#297=LINE('',#7101,#619);
#298=LINE('',#7119,#620);
#299=LINE('',#7120,#621);
#300=LINE('',#7173,#622);
#301=LINE('',#7190,#623);
#302=LINE('',#7219,#624);
#303=LINE('',#7220,#625);
#304=LINE('',#7223,#626);
#305=LINE('',#7225,#627);
#306=LINE('',#7227,#628);
#307=LINE('',#7229,#629);
#308=LINE('',#7235,#630);
#309=LINE('',#7237,#631);
#310=LINE('',#7238,#632);
#311=LINE('',#7255,#633);
#312=LINE('',#7272,#634);
#313=LINE('',#7290,#635);
#314=LINE('',#7292,#636);
#315=LINE('',#7294,#637);
#316=LINE('',#7296,#638);
#317=LINE('',#7298,#639);
#318=LINE('',#7338,#640);
#319=LINE('',#7340,#641);
#320=LINE('',#7341,#642);
#321=LINE('',#7344,#643);
#322=LINE('',#7362,#644);
#323=LINE('',#7363,#645);
#324=LINE('',#7380,#646);
#325=LINE('',#7397,#647);
#326=LINE('',#7434,#648);
#327=LINE('',#7454,#649);
#328=LINE('',#7456,#650);
#329=LINE('',#7458,#651);
#330=LINE('',#7459,#652);
#331=LINE('',#7462,#653);
#332=LINE('',#7464,#654);
#333=LINE('',#7465,#655);
#334=LINE('',#7468,#656);
#335=LINE('',#7470,#657);
#336=LINE('',#7471,#658);
#337=LINE('',#7473,#659);
#338=LINE('',#7474,#660);
#339=LINE('',#7492,#661);
#340=LINE('',#7494,#662);
#341=LINE('',#7496,#663);
#342=LINE('',#7503,#664);
#343=LINE('',#7505,#665);
#344=LINE('',#7507,#666);
#345=LINE('',#7509,#667);
#346=LINE('',#7511,#668);
#347=LINE('',#7512,#669);
#348=LINE('',#7525,#670);
#349=LINE('',#7526,#671);
#350=LINE('',#7529,#672);
#351=LINE('',#7531,#673);
#352=LINE('',#7533,#674);
#353=LINE('',#7534,#675);
#354=LINE('',#7537,#676);
#355=LINE('',#7539,#677);
#356=LINE('',#7541,#678);
#357=LINE('',#7543,#679);
#358=LINE('',#7545,#680);
#359=LINE('',#7552,#681);
#360=LINE('',#7554,#682);
#361=LINE('',#7555,#683);
#362=LINE('',#7573,#684);
#363=LINE('',#7574,#685);
#364=LINE('',#7592,#686);
#365=LINE('',#7593,#687);
#366=LINE('',#7622,#688);
#367=LINE('',#7623,#689);
#368=LINE('',#7641,#690);
#369=LINE('',#7642,#691);
#370=LINE('',#7660,#692);
#371=LINE('',#7661,#693);
#372=LINE('',#7678,#694);
#373=LINE('',#7681,#695);
#374=LINE('',#7682,#696);
#375=LINE('',#7684,#697);
#376=LINE('',#7687,#698);
#377=LINE('',#7688,#699);
#378=LINE('',#7691,#700);
#379=LINE('',#7692,#701);
#380=LINE('',#7716,#702);
#381=LINE('',#7733,#703);
#382=LINE('',#7735,#704);
#383=LINE('',#7737,#705);
#384=LINE('',#7738,#706);
#385=LINE('',#7741,#707);
#386=LINE('',#7743,#708);
#387=LINE('',#7760,#709);
#388=LINE('',#7778,#710);
#389=LINE('',#7779,#711);
#390=LINE('',#7797,#712);
#391=LINE('',#7798,#713);
#392=LINE('',#7851,#714);
#393=LINE('',#7868,#715);
#394=LINE('',#7897,#716);
#395=LINE('',#7898,#717);
#396=LINE('',#7901,#718);
#397=LINE('',#7903,#719);
#398=LINE('',#7905,#720);
#399=LINE('',#7907,#721);
#400=LINE('',#7913,#722);
#401=LINE('',#7915,#723);
#402=LINE('',#7916,#724);
#403=LINE('',#7933,#725);
#404=LINE('',#7950,#726);
#405=LINE('',#7968,#727);
#406=LINE('',#7970,#728);
#407=LINE('',#7972,#729);
#408=LINE('',#7974,#730);
#409=LINE('',#7976,#731);
#410=LINE('',#8016,#732);
#411=LINE('',#8018,#733);
#412=LINE('',#8019,#734);
#413=LINE('',#8022,#735);
#414=LINE('',#8040,#736);
#415=LINE('',#8041,#737);
#416=LINE('',#8058,#738);
#417=LINE('',#8075,#739);
#418=LINE('',#8112,#740);
#419=VECTOR('',#3590,0.048);
#420=VECTOR('',#3599,0.0499999999999999);
#421=VECTOR('',#3608,0.0499999999999999);
#422=VECTOR('',#3617,0.0499999999999999);
#423=VECTOR('',#3626,1.);
#424=VECTOR('',#3629,1.);
#425=VECTOR('',#3632,1.);
#426=VECTOR('',#3633,1.);
#427=VECTOR('',#3634,1.);
#428=VECTOR('',#3641,1.);
#429=VECTOR('',#3644,1.);
#430=VECTOR('',#3645,1.);
#431=VECTOR('',#3646,1.);
#432=VECTOR('',#3653,1.);
#433=VECTOR('',#3656,1.);
#434=VECTOR('',#3657,1.);
#435=VECTOR('',#3658,1.);
#436=VECTOR('',#3665,1.);
#437=VECTOR('',#3668,1.);
#438=VECTOR('',#3669,1.);
#439=VECTOR('',#3688,0.225);
#440=VECTOR('',#3703,1.);
#441=VECTOR('',#3706,1.);
#442=VECTOR('',#3717,1.);
#443=VECTOR('',#3718,1.);
#444=VECTOR('',#3721,1.);
#445=VECTOR('',#3722,1.);
#446=VECTOR('',#3725,1.);
#447=VECTOR('',#3726,1.);
#448=VECTOR('',#3727,1.);
#449=VECTOR('',#3732,1.);
#450=VECTOR('',#3735,1.);
#451=VECTOR('',#3738,1.);
#452=VECTOR('',#3739,1.);
#453=VECTOR('',#3740,1.);
#454=VECTOR('',#3743,1.);
#455=VECTOR('',#3744,1.);
#456=VECTOR('',#3745,1.);
#457=VECTOR('',#3748,1.);
#458=VECTOR('',#3749,1.);
#459=VECTOR('',#3750,1.);
#460=VECTOR('',#3751,1.);
#461=VECTOR('',#3754,1.);
#462=VECTOR('',#3755,1.);
#463=VECTOR('',#3758,1.);
#464=VECTOR('',#3759,1.);
#465=VECTOR('',#3760,1.);
#466=VECTOR('',#3763,1.);
#467=VECTOR('',#3764,1.);
#468=VECTOR('',#3765,1.);
#469=VECTOR('',#3768,1.);
#470=VECTOR('',#3769,1.);
#471=VECTOR('',#3770,1.);
#472=VECTOR('',#3773,1.);
#473=VECTOR('',#3774,1.);
#474=VECTOR('',#3777,1.);
#475=VECTOR('',#3778,1.);
#476=VECTOR('',#3779,1.);
#477=VECTOR('',#3780,1.);
#478=VECTOR('',#3783,1.);
#479=VECTOR('',#3784,1.);
#480=VECTOR('',#3785,1.);
#481=VECTOR('',#3786,1.);
#482=VECTOR('',#3789,1.);
#483=VECTOR('',#3790,1.);
#484=VECTOR('',#3791,1.);
#485=VECTOR('',#3798,1.);
#486=VECTOR('',#3801,1.);
#487=VECTOR('',#3802,1.);
#488=VECTOR('',#3805,1.);
#489=VECTOR('',#3806,1.);
#490=VECTOR('',#3807,1.);
#491=VECTOR('',#3810,1.);
#492=VECTOR('',#3811,1.);
#493=VECTOR('',#3812,1.);
#494=VECTOR('',#3815,1.);
#495=VECTOR('',#3816,1.);
#496=VECTOR('',#3817,1.);
#497=VECTOR('',#3820,1.);
#498=VECTOR('',#3821,1.);
#499=VECTOR('',#3824,1.);
#500=VECTOR('',#3827,1.);
#501=VECTOR('',#3836,0.0499999999999999);
#502=VECTOR('',#3843,0.0499999999999999);
#503=VECTOR('',#3850,0.0499999999999999);
#504=VECTOR('',#3857,0.0499999999999999);
#505=VECTOR('',#3864,0.0499999999999999);
#506=VECTOR('',#3871,0.0499999999999999);
#507=VECTOR('',#3878,0.0499999999999999);
#508=VECTOR('',#3885,0.0499999999999999);
#509=VECTOR('',#3892,0.0499999999999999);
#510=VECTOR('',#3899,0.0499999999999999);
#511=VECTOR('',#3906,0.0499999999999999);
#512=VECTOR('',#3913,0.0499999999999999);
#513=VECTOR('',#3920,0.23);
#514=VECTOR('',#3931,0.1);
#515=VECTOR('',#3936,0.25);
#516=VECTOR('',#3949,1.);
#517=VECTOR('',#3952,1.);
#518=VECTOR('',#3957,1.);
#519=VECTOR('',#3960,1.);
#520=VECTOR('',#3963,1.);
#521=VECTOR('',#3964,1.);
#522=VECTOR('',#3965,1.);
#523=VECTOR('',#3970,1.);
#524=VECTOR('',#3973,1.);
#525=VECTOR('',#3974,1.);
#526=VECTOR('',#3977,1.);
#527=VECTOR('',#3978,1.);
#528=VECTOR('',#3979,1.);
#529=VECTOR('',#3984,1.);
#530=VECTOR('',#3987,1.);
#531=VECTOR('',#3988,1.);
#532=VECTOR('',#3993,0.358);
#533=VECTOR('',#4012,1.);
#534=VECTOR('',#4013,1.);
#535=VECTOR('',#4014,1.);
#536=VECTOR('',#4015,1.);
#537=VECTOR('',#4018,1.);
#538=VECTOR('',#4019,1.);
#539=VECTOR('',#4020,1.);
#540=VECTOR('',#4023,1.);
#541=VECTOR('',#4024,1.);
#542=VECTOR('',#4025,1.);
#543=VECTOR('',#4028,1.);
#544=VECTOR('',#4029,1.);
#545=VECTOR('',#4032,1.);
#546=VECTOR('',#4033,1.);
#547=VECTOR('',#4034,1.);
#548=VECTOR('',#4035,1.);
#549=VECTOR('',#4038,1.);
#550=VECTOR('',#4039,1.);
#551=VECTOR('',#4040,1.);
#552=VECTOR('',#4043,1.);
#553=VECTOR('',#4044,1.);
#554=VECTOR('',#4047,1.);
#555=VECTOR('',#4048,1.);
#556=VECTOR('',#4051,1.);
#557=VECTOR('',#4062,1.);
#558=VECTOR('',#4063,1.);
#559=VECTOR('',#4064,1.);
#560=VECTOR('',#4065,1.);
#561=VECTOR('',#4068,1.);
#562=VECTOR('',#4069,1.);
#563=VECTOR('',#4070,1.);
#564=VECTOR('',#4073,1.);
#565=VECTOR('',#4074,1.);
#566=VECTOR('',#4075,1.);
#567=VECTOR('',#4078,1.);
#568=VECTOR('',#4079,1.);
#569=VECTOR('',#4086,1.);
#570=VECTOR('',#4087,1.);
#571=VECTOR('',#4088,0.287204676022611);
#572=VECTOR('',#4091,1.);
#573=VECTOR('',#4092,1.);
#574=VECTOR('',#4093,1.);
#575=VECTOR('',#4094,1.);
#576=VECTOR('',#4095,1.);
#577=VECTOR('',#4096,1.);
#578=VECTOR('',#4099,1.);
#579=VECTOR('',#4100,1.);
#580=VECTOR('',#4103,1.);
#581=VECTOR('',#4104,1.);
#582=VECTOR('',#4105,1.);
#583=VECTOR('',#4106,1.);
#584=VECTOR('',#4109,1.);
#585=VECTOR('',#4110,1.);
#586=VECTOR('',#4111,1.);
#587=VECTOR('',#4112,1.);
#588=VECTOR('',#4113,1.);
#589=VECTOR('',#4114,1.);
#590=VECTOR('',#4115,1.);
#591=VECTOR('',#4116,1.);
#592=VECTOR('',#4117,1.);
#593=VECTOR('',#4118,0.304291577218858);
#594=VECTOR('',#4119,1.);
#595=VECTOR('',#4120,0.304291577218858);
#596=VECTOR('',#4121,0.292732905652447);
#597=VECTOR('',#4122,1.);
#598=VECTOR('',#4123,1.);
#599=VECTOR('',#4124,0.282761699351974);
#600=VECTOR('',#4125,1.);
#601=VECTOR('',#4126,0.287027745382995);
#602=VECTOR('',#4127,1.);
#603=VECTOR('',#4130,1.);
#604=VECTOR('',#4131,1.);
#605=VECTOR('',#4134,1.);
#606=VECTOR('',#4137,1.);
#607=VECTOR('',#4138,1.);
#608=VECTOR('',#4141,1.);
#609=VECTOR('',#4142,0.274470814302439);
#610=VECTOR('',#4143,1.);
#611=VECTOR('',#4144,1.);
#612=VECTOR('',#4145,0.350417685129795);
#613=VECTOR('',#4146,1.);
#614=VECTOR('',#4147,0.351118674491821);
#615=VECTOR('',#4150,1.);
#616=VECTOR('',#4151,1.);
#617=VECTOR('',#4152,1.);
#618=VECTOR('',#4153,1.);
#619=VECTOR('',#4154,0.361894806663136);
#620=VECTOR('',#4155,1.);
#621=VECTOR('',#4156,0.387943170922731);
#622=VECTOR('',#4157,0.408533727491887);
#623=VECTOR('',#4158,1.);
#624=VECTOR('',#4159,0.292732905652447);
#625=VECTOR('',#4160,1.);
#626=VECTOR('',#4163,1.);
#627=VECTOR('',#4164,1.);
#628=VECTOR('',#4165,1.);
#629=VECTOR('',#4166,1.);
#630=VECTOR('',#4167,1.);
#631=VECTOR('',#4168,1.);
#632=VECTOR('',#4169,1.);
#633=VECTOR('',#4170,0.282761699351974);
#634=VECTOR('',#4171,0.287027745382995);
#635=VECTOR('',#4174,1.);
#636=VECTOR('',#4177,1.);
#637=VECTOR('',#4180,1.);
#638=VECTOR('',#4183,1.);
#639=VECTOR('',#4186,0.274470814302439);
#640=VECTOR('',#4187,0.351118674491821);
#641=VECTOR('',#4188,1.);
#642=VECTOR('',#4189,0.350417685129795);
#643=VECTOR('',#4192,1.);
#644=VECTOR('',#4193,1.);
#645=VECTOR('',#4194,1.);
#646=VECTOR('',#4195,0.361894806663136);
#647=VECTOR('',#4196,0.387943170922731);
#648=VECTOR('',#4197,0.408533727491887);
#649=VECTOR('',#4200,1.);
#650=VECTOR('',#4201,1.);
#651=VECTOR('',#4202,1.);
#652=VECTOR('',#4203,1.);
#653=VECTOR('',#4206,1.);
#654=VECTOR('',#4207,1.);
#655=VECTOR('',#4208,1.);
#656=VECTOR('',#4211,1.);
#657=VECTOR('',#4212,1.);
#658=VECTOR('',#4213,1.);
#659=VECTOR('',#4216,1.);
#660=VECTOR('',#4217,1.);
#661=VECTOR('',#4224,1.);
#662=VECTOR('',#4225,1.);
#663=VECTOR('',#4226,0.287204676022611);
#664=VECTOR('',#4229,1.);
#665=VECTOR('',#4230,1.);
#666=VECTOR('',#4231,1.);
#667=VECTOR('',#4232,1.);
#668=VECTOR('',#4233,1.);
#669=VECTOR('',#4234,1.);
#670=VECTOR('',#4237,1.);
#671=VECTOR('',#4238,1.);
#672=VECTOR('',#4241,1.);
#673=VECTOR('',#4242,1.);
#674=VECTOR('',#4243,1.);
#675=VECTOR('',#4244,1.);
#676=VECTOR('',#4247,1.);
#677=VECTOR('',#4248,1.);
#678=VECTOR('',#4249,1.);
#679=VECTOR('',#4250,1.);
#680=VECTOR('',#4251,1.);
#681=VECTOR('',#4252,1.);
#682=VECTOR('',#4253,1.);
#683=VECTOR('',#4254,1.);
#684=VECTOR('',#4255,1.);
#685=VECTOR('',#4256,0.304291577218858);
#686=VECTOR('',#4257,1.);
#687=VECTOR('',#4258,0.304291577218858);
#688=VECTOR('',#4259,0.292732905652447);
#689=VECTOR('',#4260,1.);
#690=VECTOR('',#4261,1.);
#691=VECTOR('',#4262,0.282761699351974);
#692=VECTOR('',#4263,1.);
#693=VECTOR('',#4264,0.287027745382995);
#694=VECTOR('',#4265,1.);
#695=VECTOR('',#4268,1.);
#696=VECTOR('',#4269,1.);
#697=VECTOR('',#4272,1.);
#698=VECTOR('',#4275,1.);
#699=VECTOR('',#4276,1.);
#700=VECTOR('',#4279,1.);
#701=VECTOR('',#4280,0.274470814302439);
#702=VECTOR('',#4281,1.);
#703=VECTOR('',#4282,1.);
#704=VECTOR('',#4283,0.350417685129795);
#705=VECTOR('',#4284,1.);
#706=VECTOR('',#4285,0.351118674491821);
#707=VECTOR('',#4288,1.);
#708=VECTOR('',#4289,1.);
#709=VECTOR('',#4290,1.);
#710=VECTOR('',#4291,1.);
#711=VECTOR('',#4292,0.361894806663136);
#712=VECTOR('',#4293,1.);
#713=VECTOR('',#4294,0.387943170922731);
#714=VECTOR('',#4295,0.408533727491887);
#715=VECTOR('',#4296,1.);
#716=VECTOR('',#4297,0.292732905652447);
#717=VECTOR('',#4298,1.);
#718=VECTOR('',#4301,1.);
#719=VECTOR('',#4302,1.);
#720=VECTOR('',#4303,1.);
#721=VECTOR('',#4304,1.);
#722=VECTOR('',#4305,1.);
#723=VECTOR('',#4306,1.);
#724=VECTOR('',#4307,1.);
#725=VECTOR('',#4308,0.282761699351974);
#726=VECTOR('',#4309,0.287027745382995);
#727=VECTOR('',#4312,1.);
#728=VECTOR('',#4315,1.);
#729=VECTOR('',#4318,1.);
#730=VECTOR('',#4321,1.);
#731=VECTOR('',#4324,0.274470814302439);
#732=VECTOR('',#4325,0.351118674491821);
#733=VECTOR('',#4326,1.);
#734=VECTOR('',#4327,0.350417685129795);
#735=VECTOR('',#4330,1.);
#736=VECTOR('',#4331,1.);
#737=VECTOR('',#4332,1.);
#738=VECTOR('',#4333,0.361894806663136);
#739=VECTOR('',#4334,0.38794317092273);
#740=VECTOR('',#4335,0.408533727491887);
#741=CYLINDRICAL_SURFACE('',#3358,0.048);
#742=CYLINDRICAL_SURFACE('',#3362,0.0499999999999999);
#743=CYLINDRICAL_SURFACE('',#3366,0.0499999999999999);
#744=CYLINDRICAL_SURFACE('',#3370,0.0499999999999999);
#745=CYLINDRICAL_SURFACE('',#3374,0.358000000000026);
#746=CYLINDRICAL_SURFACE('',#3378,0.199999999999999);
#747=CYLINDRICAL_SURFACE('',#3382,0.357999999999974);
#748=CYLINDRICAL_SURFACE('',#3386,0.2);
#749=CYLINDRICAL_SURFACE('',#3397,0.225);
#750=CYLINDRICAL_SURFACE('',#3401,0.59);
#751=CYLINDRICAL_SURFACE('',#3407,0.25);
#752=CYLINDRICAL_SURFACE('',#3414,0.0999999920166492);
#753=CYLINDRICAL_SURFACE('',#3428,0.0999999920166491);
#754=CYLINDRICAL_SURFACE('',#3440,0.0499999999999999);
#755=CYLINDRICAL_SURFACE('',#3443,0.0499999999999999);
#756=CYLINDRICAL_SURFACE('',#3446,0.0499999999999999);
#757=CYLINDRICAL_SURFACE('',#3449,0.0499999999999999);
#758=CYLINDRICAL_SURFACE('',#3452,0.0499999999999999);
#759=CYLINDRICAL_SURFACE('',#3455,0.0499999999999999);
#760=CYLINDRICAL_SURFACE('',#3458,0.0499999999999999);
#761=CYLINDRICAL_SURFACE('',#3461,0.0499999999999999);
#762=CYLINDRICAL_SURFACE('',#3464,0.0499999999999999);
#763=CYLINDRICAL_SURFACE('',#3467,0.0499999999999999);
#764=CYLINDRICAL_SURFACE('',#3470,0.0499999999999999);
#765=CYLINDRICAL_SURFACE('',#3473,0.0499999999999999);
#766=CYLINDRICAL_SURFACE('',#3476,0.23);
#767=CYLINDRICAL_SURFACE('',#3481,0.1);
#768=CYLINDRICAL_SURFACE('',#3483,0.25);
#769=CYLINDRICAL_SURFACE('',#3496,0.2);
#770=CYLINDRICAL_SURFACE('',#3500,0.2);
#771=CYLINDRICAL_SURFACE('',#3503,0.358);
#772=STYLED_ITEM('',(#8214),#780);
#773=STYLED_ITEM('',(#8214),#781);
#774=STYLED_ITEM('',(#8215),#782);
#775=STYLED_ITEM('',(#8214),#783);
#776=STYLED_ITEM('',(#8214),#784);
#777=STYLED_ITEM('',(#8214),#785);
#778=STYLED_ITEM('',(#8214),#786);
#779=STYLED_ITEM('',(#8214),#787);
#780=MANIFOLD_SOLID_BREP('left arm',#3300);
#781=MANIFOLD_SOLID_BREP('right arm',#3301);
#782=MANIFOLD_SOLID_BREP('Body1',#3302);
#783=MANIFOLD_SOLID_BREP('Body1',#3303);
#784=MANIFOLD_SOLID_BREP('Body1',#3304);
#785=MANIFOLD_SOLID_BREP('head',#3305);
#786=MANIFOLD_SOLID_BREP('leftEar',#3306);
#787=MANIFOLD_SOLID_BREP('rightEar',#3307);
#788=PLANE('',#3357);
#789=PLANE('',#3361);
#790=PLANE('',#3365);
#791=PLANE('',#3369);
#792=PLANE('',#3373);
#793=PLANE('',#3377);
#794=PLANE('',#3381);
#795=PLANE('',#3385);
#796=PLANE('',#3389);
#797=PLANE('',#3390);
#798=PLANE('',#3393);
#799=PLANE('',#3400);
#800=PLANE('',#3410);
#801=PLANE('',#3411);
#802=PLANE('',#3412);
#803=PLANE('',#3413);
#804=PLANE('',#3417);
#805=PLANE('',#3418);
#806=PLANE('',#3419);
#807=PLANE('',#3420);
#808=PLANE('',#3421);
#809=PLANE('',#3422);
#810=PLANE('',#3423);
#811=PLANE('',#3424);
#812=PLANE('',#3425);
#813=PLANE('',#3426);
#814=PLANE('',#3427);
#815=PLANE('',#3431);
#816=PLANE('',#3432);
#817=PLANE('',#3433);
#818=PLANE('',#3434);
#819=PLANE('',#3435);
#820=PLANE('',#3436);
#821=PLANE('',#3437);
#822=PLANE('',#3438);
#823=PLANE('',#3479);
#824=PLANE('',#3486);
#825=PLANE('',#3487);
#826=PLANE('',#3489);
#827=PLANE('',#3492);
#828=PLANE('',#3495);
#829=PLANE('',#3498);
#830=PLANE('',#3499);
#831=PLANE('',#3502);
#832=PLANE('',#3507);
#833=PLANE('',#3513);
#834=PLANE('',#3514);
#835=PLANE('',#3515);
#836=PLANE('',#3516);
#837=PLANE('',#3517);
#838=PLANE('',#3518);
#839=PLANE('',#3519);
#840=PLANE('',#3520);
#841=PLANE('',#3521);
#842=PLANE('',#3522);
#843=PLANE('',#3523);
#844=PLANE('',#3524);
#845=PLANE('',#3526);
#846=PLANE('',#3527);
#847=PLANE('',#3528);
#848=PLANE('',#3529);
#849=PLANE('',#3530);
#850=PLANE('',#3531);
#851=PLANE('',#3532);
#852=PLANE('',#3533);
#853=PLANE('',#3534);
#854=PLANE('',#3535);
#855=PLANE('',#3536);
#856=PLANE('',#3537);
#857=PLANE('',#3538);
#858=PLANE('',#3539);
#859=PLANE('',#3540);
#860=PLANE('',#3541);
#861=PLANE('',#3542);
#862=PLANE('',#3543);
#863=PLANE('',#3544);
#864=PLANE('',#3545);
#865=PLANE('',#3546);
#866=PLANE('',#3547);
#867=PLANE('',#3548);
#868=PLANE('',#3549);
#869=PLANE('',#3550);
#870=PLANE('',#3551);
#871=PLANE('',#3552);
#872=PLANE('',#3553);
#873=PLANE('',#3554);
#874=PLANE('',#3555);
#875=PLANE('',#3556);
#876=PLANE('',#3557);
#877=PLANE('',#3558);
#878=PLANE('',#3559);
#879=PLANE('',#3560);
#880=PLANE('',#3561);
#881=PLANE('',#3562);
#882=PLANE('',#3563);
#883=PLANE('',#3564);
#884=PLANE('',#3565);
#885=PLANE('',#3566);
#886=PLANE('',#3567);
#887=PLANE('',#3568);
#888=PLANE('',#3569);
#889=PLANE('',#3570);
#890=PLANE('',#3571);
#891=(
BOUNDED_CURVE()
B_SPLINE_CURVE(5,(#4991,#4992,#4993,#4994,#4995,#4996,#4997,#4998,#4999,
#5000,#5001,#5002,#5003,#5004,#5005),.UNSPECIFIED.,.F.,.F.)
B_SPLINE_CURVE_WITH_KNOTS((6,1,1,1,1,1,1,1,1,1,6),(0.0508084909654615,0.1,
0.2,0.3,0.4,0.5,0.6,0.7,0.8,0.9,0.972186745518068),.UNSPECIFIED.)
CURVE()
GEOMETRIC_REPRESENTATION_ITEM()
RATIONAL_B_SPLINE_CURVE((1.,1.,1.,1.,1.,1.,1.,1.,1.,1.,1.,1.,1.,1.,1.))
REPRESENTATION_ITEM('')
);
#892=(
BOUNDED_CURVE()
B_SPLINE_CURVE(5,(#5774,#5775,#5776,#5777,#5778,#5779,#5780,#5781,#5782,
#5783,#5784,#5785,#5786,#5787,#5788),.UNSPECIFIED.,.F.,.F.)
B_SPLINE_CURVE_WITH_KNOTS((6,1,1,1,1,1,1,1,1,1,6),(0.0508084909654615,0.1,
0.2,0.3,0.4,0.5,0.6,0.7,0.8,0.9,0.972186745518068),.UNSPECIFIED.)
CURVE()
GEOMETRIC_REPRESENTATION_ITEM()
RATIONAL_B_SPLINE_CURVE((1.,1.,1.,1.,1.,1.,1.,1.,1.,1.,1.,1.,1.,1.,1.))
REPRESENTATION_ITEM('')
);
#893=(
BOUNDED_CURVE()
B_SPLINE_CURVE(5,(#6758,#6759,#6760,#6761,#6762,#6763,#6764,#6765,#6766,
#6767,#6768,#6769,#6770,#6771,#6772),.UNSPECIFIED.,.F.,.F.)
B_SPLINE_CURVE_WITH_KNOTS((6,1,1,1,1,1,1,1,1,1,6),(0.,0.1,0.2,0.3,0.4,0.5,
0.6,0.7,0.8,0.9,1.),.UNSPECIFIED.)
CURVE()
GEOMETRIC_REPRESENTATION_ITEM()
RATIONAL_B_SPLINE_CURVE((1.,1.,1.,1.,1.,1.,1.,1.,1.,1.,1.,1.,1.,1.,1.))
REPRESENTATION_ITEM('')
);
#894=(
BOUNDED_CURVE()
B_SPLINE_CURVE(5,(#7067,#7068,#7069,#7070,#7071,#7072,#7073,#7074,#7075,
#7076,#7077,#7078,#7079,#7080,#7081),.UNSPECIFIED.,.F.,.F.)
B_SPLINE_CURVE_WITH_KNOTS((6,1,1,1,1,1,1,1,1,1,6),(0.,0.1,0.2,0.3,0.4,0.5,
0.6,0.7,0.8,0.9,1.),.UNSPECIFIED.)
CURVE()
GEOMETRIC_REPRESENTATION_ITEM()
RATIONAL_B_SPLINE_CURVE((1.,1.,1.,1.,1.,1.,1.,1.,1.,1.,1.,1.,1.,1.,1.))
REPRESENTATION_ITEM('')
);
#895=(
BOUNDED_CURVE()
B_SPLINE_CURVE(5,(#7158,#7159,#7160,#7161,#7162,#7163,#7164,#7165,#7166,
#7167,#7168,#7169,#7170,#7171,#7172),.UNSPECIFIED.,.F.,.F.)
B_SPLINE_CURVE_WITH_KNOTS((6,1,1,1,1,1,1,1,1,1,6),(0.,0.1,0.2,0.3,0.4,0.5,
0.6,0.7,0.8,0.9,1.),.UNSPECIFIED.)
CURVE()
GEOMETRIC_REPRESENTATION_ITEM()
RATIONAL_B_SPLINE_CURVE((1.,1.,1.,1.,1.,1.,1.,1.,1.,1.,1.,1.,1.,1.,1.))
REPRESENTATION_ITEM('')
);
#896=(
BOUNDED_CURVE()
B_SPLINE_CURVE(5,(#7346,#7347,#7348,#7349,#7350,#7351,#7352,#7353,#7354,
#7355,#7356,#7357,#7358,#7359,#7360),.UNSPECIFIED.,.F.,.F.)
B_SPLINE_CURVE_WITH_KNOTS((6,1,1,1,1,1,1,1,1,1,6),(0.,0.1,0.2,0.3,0.4,0.5,
0.6,0.7,0.8,0.9,1.),.UNSPECIFIED.)
CURVE()
GEOMETRIC_REPRESENTATION_ITEM()
RATIONAL_B_SPLINE_CURVE((1.,1.,1.,1.,1.,1.,1.,1.,1.,1.,1.,1.,1.,1.,1.))
REPRESENTATION_ITEM('')
);
#897=(
BOUNDED_CURVE()
B_SPLINE_CURVE(5,(#7745,#7746,#7747,#7748,#7749,#7750,#7751,#7752,#7753,
#7754,#7755,#7756,#7757,#7758,#7759),.UNSPECIFIED.,.F.,.F.)
B_SPLINE_CURVE_WITH_KNOTS((6,1,1,1,1,1,1,1,1,1,6),(0.,0.1,0.2,0.3,0.4,0.5,
0.6,0.7,0.8,0.9,1.),.UNSPECIFIED.)
CURVE()
GEOMETRIC_REPRESENTATION_ITEM()
RATIONAL_B_SPLINE_CURVE((1.,1.,1.,1.,1.,1.,1.,1.,1.,1.,1.,1.,1.,1.,1.))
REPRESENTATION_ITEM('')
);
#898=(
BOUNDED_CURVE()
B_SPLINE_CURVE(5,(#7836,#7837,#7838,#7839,#7840,#7841,#7842,#7843,#7844,
#7845,#7846,#7847,#7848,#7849,#7850),.UNSPECIFIED.,.F.,.F.)
B_SPLINE_CURVE_WITH_KNOTS((6,1,1,1,1,1,1,1,1,1,6),(0.,0.1,0.2,0.3,0.4,0.5,
0.6,0.7,0.8,0.9,1.),.UNSPECIFIED.)
CURVE()
GEOMETRIC_REPRESENTATION_ITEM()
RATIONAL_B_SPLINE_CURVE((1.,1.,1.,1.,1.,1.,1.,1.,1.,1.,1.,1.,1.,1.,1.))
REPRESENTATION_ITEM('')
);
#899=(
BOUNDED_CURVE()
B_SPLINE_CURVE(5,(#8024,#8025,#8026,#8027,#8028,#8029,#8030,#8031,#8032,
#8033,#8034,#8035,#8036,#8037,#8038),.UNSPECIFIED.,.F.,.F.)
B_SPLINE_CURVE_WITH_KNOTS((6,1,1,1,1,1,1,1,1,1,6),(0.,0.1,0.2,0.3,0.4,0.5,
0.6,0.7,0.8,0.9,1.),.UNSPECIFIED.)
CURVE()
GEOMETRIC_REPRESENTATION_ITEM()
RATIONAL_B_SPLINE_CURVE((1.,1.,1.,1.,1.,1.,1.,1.,1.,1.,1.,1.,1.,1.,1.))
REPRESENTATION_ITEM('')
);
#900=(
BOUNDED_SURFACE()
B_SPLINE_SURFACE(5,2,((#4946,#4947,#4948),(#4949,#4950,#4951),(#4952,#4953,
#4954),(#4955,#4956,#4957),(#4958,#4959,#4960),(#4961,#4962,#4963),(#4964,
#4965,#4966),(#4967,#4968,#4969),(#4970,#4971,#4972),(#4973,#4974,#4975),
(#4976,#4977,#4978),(#4979,#4980,#4981),(#4982,#4983,#4984),(#4985,#4986,
#4987),(#4988,#4989,#4990)),.UNSPECIFIED.,.F.,.F.,.F.)
B_SPLINE_SURFACE_WITH_KNOTS((6,1,1,1,1,1,1,1,1,1,6),(3,3),(-1.,-0.9,-0.8,
-0.7,-0.6,-0.5,-0.4,-0.3,-0.2,-0.1,0.),(0.,1.5707963267949),
 .UNSPECIFIED.)
GEOMETRIC_REPRESENTATION_ITEM()
RATIONAL_B_SPLINE_SURFACE(((1.,0.707106781186548,1.),(1.,0.707106781186548,
1.),(1.,0.707106781186548,1.),(1.,0.707106781186548,1.),(1.,0.707106781186548,
1.),(1.,0.707106781186548,1.),(1.,0.707106781186548,1.),(1.,0.707106781186548,
1.),(1.,0.707106781186548,1.),(1.,0.707106781186548,1.),(1.,0.707106781186548,
1.),(1.,0.707106781186548,1.),(1.,0.707106781186548,1.),(1.,0.707106781186548,
1.),(1.,0.707106781186548,1.)))
REPRESENTATION_ITEM('')
SURFACE()
);
#901=(
BOUNDED_SURFACE()
B_SPLINE_SURFACE(5,2,((#5007,#5008,#5009),(#5010,#5011,#5012),(#5013,#5014,
#5015),(#5016,#5017,#5018),(#5019,#5020,#5021),(#5022,#5023,#5024),(#5025,
#5026,#5027),(#5028,#5029,#5030),(#5031,#5032,#5033),(#5034,#5035,#5036),
(#5037,#5038,#5039),(#5040,#5041,#5042),(#5043,#5044,#5045),(#5046,#5047,
#5048),(#5049,#5050,#5051)),.UNSPECIFIED.,.F.,.F.,.F.)
B_SPLINE_SURFACE_WITH_KNOTS((6,1,1,1,1,1,1,1,1,1,6),(3,3),(0.,0.1,0.2,0.3,
0.4,0.5,0.6,0.7,0.8,0.9,1.),(0.,1.5707963267949),.UNSPECIFIED.)
GEOMETRIC_REPRESENTATION_ITEM()
RATIONAL_B_SPLINE_SURFACE(((1.,0.707106781186548,1.),(1.,0.707106781186548,
1.),(1.,0.707106781186548,1.),(1.,0.707106781186548,1.),(1.,0.707106781186548,
1.),(1.,0.707106781186548,1.),(1.,0.707106781186548,1.),(1.,0.707106781186548,
1.),(1.,0.707106781186548,1.),(1.,0.707106781186548,1.),(1.,0.707106781186548,
1.),(1.,0.707106781186548,1.),(1.,0.707106781186548,1.),(1.,0.707106781186548,
1.),(1.,0.707106781186548,1.)))
REPRESENTATION_ITEM('')
SURFACE()
);
#902=(
BOUNDED_SURFACE()
B_SPLINE_SURFACE(5,2,((#5729,#5730,#5731),(#5732,#5733,#5734),(#5735,#5736,
#5737),(#5738,#5739,#5740),(#5741,#5742,#5743),(#5744,#5745,#5746),(#5747,
#5748,#5749),(#5750,#5751,#5752),(#5753,#5754,#5755),(#5756,#5757,#5758),
(#5759,#5760,#5761),(#5762,#5763,#5764),(#5765,#5766,#5767),(#5768,#5769,
#5770),(#5771,#5772,#5773)),.UNSPECIFIED.,.F.,.F.,.F.)
B_SPLINE_SURFACE_WITH_KNOTS((6,1,1,1,1,1,1,1,1,1,6),(3,3),(-1.,-0.9,-0.8,
-0.7,-0.6,-0.5,-0.4,-0.3,-0.2,-0.1,0.),(0.,1.5707963267949),
 .UNSPECIFIED.)
GEOMETRIC_REPRESENTATION_ITEM()
RATIONAL_B_SPLINE_SURFACE(((1.,0.707106781186548,1.),(1.,0.707106781186548,
1.),(1.,0.707106781186548,1.),(1.,0.707106781186548,1.),(1.,0.707106781186548,
1.),(1.,0.707106781186548,1.),(1.,0.707106781186548,1.),(1.,0.707106781186548,
1.),(1.,0.707106781186548,1.),(1.,0.707106781186548,1.),(1.,0.707106781186548,
1.),(1.,0.707106781186548,1.),(1.,0.707106781186548,1.),(1.,0.707106781186548,
1.),(1.,0.707106781186548,1.)))
REPRESENTATION_ITEM('')
SURFACE()
);
#903=(
BOUNDED_SURFACE()
B_SPLINE_SURFACE(5,2,((#5790,#5791,#5792),(#5793,#5794,#5795),(#5796,#5797,
#5798),(#5799,#5800,#5801),(#5802,#5803,#5804),(#5805,#5806,#5807),(#5808,
#5809,#5810),(#5811,#5812,#5813),(#5814,#5815,#5816),(#5817,#5818,#5819),
(#5820,#5821,#5822),(#5823,#5824,#5825),(#5826,#5827,#5828),(#5829,#5830,
#5831),(#5832,#5833,#5834)),.UNSPECIFIED.,.F.,.F.,.F.)
B_SPLINE_SURFACE_WITH_KNOTS((6,1,1,1,1,1,1,1,1,1,6),(3,3),(0.,0.1,0.2,0.3,
0.4,0.5,0.6,0.7,0.8,0.9,1.),(0.,1.5707963267949),.UNSPECIFIED.)
GEOMETRIC_REPRESENTATION_ITEM()
RATIONAL_B_SPLINE_SURFACE(((1.,0.707106781186548,1.),(1.,0.707106781186548,
1.),(1.,0.707106781186548,1.),(1.,0.707106781186548,1.),(1.,0.707106781186548,
1.),(1.,0.707106781186548,1.),(1.,0.707106781186548,1.),(1.,0.707106781186548,
1.),(1.,0.707106781186548,1.),(1.,0.707106781186548,1.),(1.,0.707106781186548,
1.),(1.,0.707106781186548,1.),(1.,0.707106781186548,1.),(1.,0.707106781186548,
1.),(1.,0.707106781186548,1.)))
REPRESENTATION_ITEM('')
SURFACE()
);
#904=(
BOUNDED_SURFACE()
B_SPLINE_SURFACE(1,2,((#6196,#6197,#6198,#6199,#6200,#6201,#6202,#6203,
#6204),(#6205,#6206,#6207,#6208,#6209,#6210,#6211,#6212,#6213)),
 .UNSPECIFIED.,.F.,.T.,.F.)
B_SPLINE_SURFACE_WITH_KNOTS((2,2),(3,2,2,2,3),(2.49325878972306,5.55590980802311),
(-3.14159265358979,-1.5707963267949,0.,1.5707963267949,3.14159265358979),
 .UNSPECIFIED.)
GEOMETRIC_REPRESENTATION_ITEM()
RATIONAL_B_SPLINE_SURFACE(((1.,0.707106781186548,1.,0.707106781186548,1.,
0.707106781186548,1.,0.707106781186548,1.),(1.,0.707106781186548,1.,0.707106781186548,
1.,0.707106781186548,1.,0.707106781186548,1.)))
REPRESENTATION_ITEM('')
SURFACE()
);
#905=(
BOUNDED_SURFACE()
B_SPLINE_SURFACE(1,2,((#6322,#6323,#6324,#6325,#6326,#6327,#6328,#6329,
#6330),(#6331,#6332,#6333,#6334,#6335,#6336,#6337,#6338,#6339)),
 .UNSPECIFIED.,.F.,.T.,.F.)
B_SPLINE_SURFACE_WITH_KNOTS((2,2),(3,2,2,2,3),(2.14100405419448,5.45753874100332),
(-3.14159265358979,-1.5707963267949,0.,1.5707963267949,3.14159265358979),
 .UNSPECIFIED.)
GEOMETRIC_REPRESENTATION_ITEM()
RATIONAL_B_SPLINE_SURFACE(((1.,0.707106781186548,1.,0.707106781186548,1.,
0.707106781186548,1.,0.707106781186548,1.),(1.,0.707106781186548,1.,0.707106781186548,
1.,0.707106781186548,1.,0.707106781186548,1.)))
REPRESENTATION_ITEM('')
SURFACE()
);
#906=(
BOUNDED_SURFACE()
B_SPLINE_SURFACE(3,2,((#6448,#6449,#6450,#6451,#6452,#6453,#6454,#6455,
#6456),(#6457,#6458,#6459,#6460,#6461,#6462,#6463,#6464,#6465),(#6466,#6467,
#6468,#6469,#6470,#6471,#6472,#6473,#6474),(#6475,#6476,#6477,#6478,#6479,
#6480,#6481,#6482,#6483),(#6484,#6485,#6486,#6487,#6488,#6489,#6490,#6491,
#6492),(#6493,#6494,#6495,#6496,#6497,#6498,#6499,#6500,#6501),(#6502,#6503,
#6504,#6505,#6506,#6507,#6508,#6509,#6510),(#6511,#6512,#6513,#6514,#6515,
#6516,#6517,#6518,#6519),(#6520,#6521,#6522,#6523,#6524,#6525,#6526,#6527,
#6528),(#6529,#6530,#6531,#6532,#6533,#6534,#6535,#6536,#6537),(#6538,#6539,
#6540,#6541,#6542,#6543,#6544,#6545,#6546),(#6547,#6548,#6549,#6550,#6551,
#6552,#6553,#6554,#6555),(#6556,#6557,#6558,#6559,#6560,#6561,#6562,#6563,
#6564)),.UNSPECIFIED.,.F.,.T.,.F.)
B_SPLINE_SURFACE_WITH_KNOTS((4,3,3,3,4),(3,2,2,2,3),(-0.998868854974967,
-0.75,-0.55460795275574,-0.376982607078902,0.),(0.,1.5707963267949,3.14159265358979,
4.71238898038469,6.28318530717959),.UNSPECIFIED.)
GEOMETRIC_REPRESENTATION_ITEM()
RATIONAL_B_SPLINE_SURFACE(((1.,0.707106781186548,1.,0.707106781186548,1.,
0.707106781186548,1.,0.707106781186548,1.),(1.,0.707106781186548,1.,0.707106781186548,
1.,0.707106781186548,1.,0.707106781186548,1.),(1.,0.707106781186548,1.,
0.707106781186548,1.,0.707106781186548,1.,0.707106781186548,1.),(1.,0.707106781186548,
1.,0.707106781186548,1.,0.707106781186548,1.,0.707106781186548,1.),(1.,
0.707106781186548,1.,0.707106781186548,1.,0.707106781186548,1.,0.707106781186548,
1.),(1.,0.707106781186548,1.,0.707106781186548,1.,0.707106781186548,1.,
0.707106781186548,1.),(1.,0.707106781186548,1.,0.707106781186548,1.,0.707106781186548,
1.,0.707106781186548,1.),(1.,0.707106781186548,1.,0.707106781186548,1.,
0.707106781186548,1.,0.707106781186548,1.),(1.,0.707106781186548,1.,0.707106781186548,
1.,0.707106781186548,1.,0.707106781186548,1.),(1.,0.707106781186548,1.,
0.707106781186548,1.,0.707106781186548,1.,0.707106781186548,1.),(1.,0.707106781186548,
1.,0.707106781186548,1.,0.707106781186548,1.,0.707106781186548,1.),(1.,
0.707106781186548,1.,0.707106781186548,1.,0.707106781186548,1.,0.707106781186548,
1.),(1.,0.707106781186548,1.,0.707106781186548,1.,0.707106781186548,1.,
0.707106781186548,1.)))
REPRESENTATION_ITEM('')
SURFACE()
);
#907=(
BOUNDED_SURFACE()
B_SPLINE_SURFACE(5,2,((#6622,#6623,#6624,#6625,#6626,#6627,#6628,#6629,
#6630),(#6631,#6632,#6633,#6634,#6635,#6636,#6637,#6638,#6639),(#6640,#6641,
#6642,#6643,#6644,#6645,#6646,#6647,#6648),(#6649,#6650,#6651,#6652,#6653,
#6654,#6655,#6656,#6657),(#6658,#6659,#6660,#6661,#6662,#6663,#6664,#6665,
#6666),(#6667,#6668,#6669,#6670,#6671,#6672,#6673,#6674,#6675),(#6676,#6677,
#6678,#6679,#6680,#6681,#6682,#6683,#6684),(#6685,#6686,#6687,#6688,#6689,
#6690,#6691,#6692,#6693),(#6694,#6695,#6696,#6697,#6698,#6699,#6700,#6701,
#6702),(#6703,#6704,#6705,#6706,#6707,#6708,#6709,#6710,#6711),(#6712,#6713,
#6714,#6715,#6716,#6717,#6718,#6719,#6720),(#6721,#6722,#6723,#6724,#6725,
#6726,#6727,#6728,#6729),(#6730,#6731,#6732,#6733,#6734,#6735,#6736,#6737,
#6738),(#6739,#6740,#6741,#6742,#6743,#6744,#6745,#6746,#6747),(#6748,#6749,
#6750,#6751,#6752,#6753,#6754,#6755,#6756)),.UNSPECIFIED.,.F.,.T.,.F.)
B_SPLINE_SURFACE_WITH_KNOTS((6,1,1,1,1,1,1,1,1,1,6),(3,2,2,2,3),(-1.,-0.9,
-0.8,-0.7,-0.6,-0.5,-0.4,-0.3,-0.2,-0.1,0.),(0.,1.5707963267949,3.14159265358979,
4.71238898038469,6.28318530717959),.UNSPECIFIED.)
GEOMETRIC_REPRESENTATION_ITEM()
RATIONAL_B_SPLINE_SURFACE(((1.,0.707106781186548,1.,0.707106781186548,1.,
0.707106781186548,1.,0.707106781186548,1.),(1.,0.707106781186548,1.,0.707106781186548,
1.,0.707106781186548,1.,0.707106781186548,1.),(1.,0.707106781186548,1.,
0.707106781186548,1.,0.707106781186548,1.,0.707106781186548,1.),(1.,0.707106781186548,
1.,0.707106781186548,1.,0.707106781186548,1.,0.707106781186548,1.),(1.,
0.707106781186548,1.,0.707106781186548,1.,0.707106781186548,1.,0.707106781186548,
1.),(1.,0.707106781186548,1.,0.707106781186548,1.,0.707106781186548,1.,
0.707106781186548,1.),(1.,0.707106781186548,1.,0.707106781186548,1.,0.707106781186548,
1.,0.707106781186548,1.),(1.,0.707106781186548,1.,0.707106781186548,1.,
0.707106781186548,1.,0.707106781186548,1.),(1.,0.707106781186548,1.,0.707106781186548,
1.,0.707106781186548,1.,0.707106781186548,1.),(1.,0.707106781186548,1.,
0.707106781186548,1.,0.707106781186548,1.,0.707106781186548,1.),(1.,0.707106781186548,
1.,0.707106781186548,1.,0.707106781186548,1.,0.707106781186548,1.),(1.,
0.707106781186548,1.,0.707106781186548,1.,0.707106781186548,1.,0.707106781186548,
1.),(1.,0.707106781186548,1.,0.707106781186548,1.,0.707106781186548,1.,
0.707106781186548,1.),(1.,0.707106781186548,1.,0.707106781186548,1.,0.707106781186548,
1.,0.707106781186548,1.),(1.,0.707106781186548,1.,0.707106781186548,1.,
0.707106781186548,1.,0.707106781186548,1.)))
REPRESENTATION_ITEM('')
SURFACE()
);
#908=FACE_OUTER_BOUND('',#1098,.T.);
#909=FACE_OUTER_BOUND('',#1099,.T.);
#910=FACE_OUTER_BOUND('',#1100,.T.);
#911=FACE_OUTER_BOUND('',#1101,.T.);
#912=FACE_OUTER_BOUND('',#1102,.T.);
#913=FACE_OUTER_BOUND('',#1103,.T.);
#914=FACE_OUTER_BOUND('',#1104,.T.);
#915=FACE_OUTER_BOUND('',#1105,.T.);
#916=FACE_OUTER_BOUND('',#1106,.T.);
#917=FACE_OUTER_BOUND('',#1107,.T.);
#918=FACE_OUTER_BOUND('',#1108,.T.);
#919=FACE_OUTER_BOUND('',#1109,.T.);
#920=FACE_OUTER_BOUND('',#1110,.T.);
#921=FACE_OUTER_BOUND('',#1111,.T.);
#922=FACE_OUTER_BOUND('',#1112,.T.);
#923=FACE_OUTER_BOUND('',#1113,.T.);
#924=FACE_OUTER_BOUND('',#1114,.T.);
#925=FACE_OUTER_BOUND('',#1115,.T.);
#926=FACE_OUTER_BOUND('',#1116,.T.);
#927=FACE_OUTER_BOUND('',#1117,.T.);
#928=FACE_OUTER_BOUND('',#1118,.T.);
#929=FACE_OUTER_BOUND('',#1119,.T.);
#930=FACE_OUTER_BOUND('',#1124,.T.);
#931=FACE_OUTER_BOUND('',#1125,.T.);
#932=FACE_OUTER_BOUND('',#1126,.T.);
#933=FACE_OUTER_BOUND('',#1127,.T.);
#934=FACE_OUTER_BOUND('',#1129,.T.);
#935=FACE_OUTER_BOUND('',#1130,.T.);
#936=FACE_OUTER_BOUND('',#1131,.T.);
#937=FACE_OUTER_BOUND('',#1132,.T.);
#938=FACE_OUTER_BOUND('',#1133,.T.);
#939=FACE_OUTER_BOUND('',#1134,.T.);
#940=FACE_OUTER_BOUND('',#1136,.T.);
#941=FACE_OUTER_BOUND('',#1137,.T.);
#942=FACE_OUTER_BOUND('',#1138,.T.);
#943=FACE_OUTER_BOUND('',#1139,.T.);
#944=FACE_OUTER_BOUND('',#1140,.T.);
#945=FACE_OUTER_BOUND('',#1141,.T.);
#946=FACE_OUTER_BOUND('',#1142,.T.);
#947=FACE_OUTER_BOUND('',#1143,.T.);
#948=FACE_OUTER_BOUND('',#1144,.T.);
#949=FACE_OUTER_BOUND('',#1145,.T.);
#950=FACE_OUTER_BOUND('',#1146,.T.);
#951=FACE_OUTER_BOUND('',#1147,.T.);
#952=FACE_OUTER_BOUND('',#1148,.T.);
#953=FACE_OUTER_BOUND('',#1149,.T.);
#954=FACE_OUTER_BOUND('',#1150,.T.);
#955=FACE_OUTER_BOUND('',#1151,.T.);
#956=FACE_OUTER_BOUND('',#1152,.T.);
#957=FACE_OUTER_BOUND('',#1153,.T.);
#958=FACE_OUTER_BOUND('',#1154,.T.);
#959=FACE_OUTER_BOUND('',#1155,.T.);
#960=FACE_OUTER_BOUND('',#1156,.T.);
#961=FACE_OUTER_BOUND('',#1157,.T.);
#962=FACE_OUTER_BOUND('',#1158,.T.);
#963=FACE_OUTER_BOUND('',#1159,.T.);
#964=FACE_OUTER_BOUND('',#1160,.T.);
#965=FACE_OUTER_BOUND('',#1161,.T.);
#966=FACE_OUTER_BOUND('',#1162,.T.);
#967=FACE_OUTER_BOUND('',#1163,.T.);
#968=FACE_OUTER_BOUND('',#1164,.T.);
#969=FACE_OUTER_BOUND('',#1165,.T.);
#970=FACE_OUTER_BOUND('',#1166,.T.);
#971=FACE_OUTER_BOUND('',#1167,.T.);
#972=FACE_OUTER_BOUND('',#1168,.T.);
#973=FACE_OUTER_BOUND('',#1169,.T.);
#974=FACE_OUTER_BOUND('',#1170,.T.);
#975=FACE_OUTER_BOUND('',#1171,.T.);
#976=FACE_OUTER_BOUND('',#1172,.T.);
#977=FACE_OUTER_BOUND('',#1173,.T.);
#978=FACE_OUTER_BOUND('',#1175,.T.);
#979=FACE_OUTER_BOUND('',#1176,.T.);
#980=FACE_OUTER_BOUND('',#1177,.T.);
#981=FACE_OUTER_BOUND('',#1179,.T.);
#982=FACE_OUTER_BOUND('',#1181,.T.);
#983=FACE_OUTER_BOUND('',#1188,.T.);
#984=FACE_OUTER_BOUND('',#1195,.T.);
#985=FACE_OUTER_BOUND('',#1196,.T.);
#986=FACE_OUTER_BOUND('',#1197,.T.);
#987=FACE_OUTER_BOUND('',#1198,.T.);
#988=FACE_OUTER_BOUND('',#1199,.T.);
#989=FACE_OUTER_BOUND('',#1200,.T.);
#990=FACE_OUTER_BOUND('',#1201,.T.);
#991=FACE_OUTER_BOUND('',#1202,.T.);
#992=FACE_OUTER_BOUND('',#1216,.T.);
#993=FACE_OUTER_BOUND('',#1217,.T.);
#994=FACE_OUTER_BOUND('',#1218,.T.);
#995=FACE_OUTER_BOUND('',#1219,.T.);
#996=FACE_OUTER_BOUND('',#1220,.T.);
#997=FACE_OUTER_BOUND('',#1222,.T.);
#998=FACE_OUTER_BOUND('',#1223,.T.);
#999=FACE_OUTER_BOUND('',#1224,.T.);
#1000=FACE_OUTER_BOUND('',#1225,.T.);
#1001=FACE_OUTER_BOUND('',#1226,.T.);
#1002=FACE_OUTER_BOUND('',#1227,.T.);
#1003=FACE_OUTER_BOUND('',#1228,.T.);
#1004=FACE_OUTER_BOUND('',#1229,.T.);
#1005=FACE_OUTER_BOUND('',#1230,.T.);
#1006=FACE_OUTER_BOUND('',#1233,.T.);
#1007=FACE_OUTER_BOUND('',#1235,.T.);
#1008=FACE_OUTER_BOUND('',#1238,.T.);
#1009=FACE_OUTER_BOUND('',#1239,.T.);
#1010=FACE_OUTER_BOUND('',#1240,.T.);
#1011=FACE_OUTER_BOUND('',#1241,.T.);
#1012=FACE_OUTER_BOUND('',#1242,.T.);
#1013=FACE_OUTER_BOUND('',#1243,.T.);
#1014=FACE_OUTER_BOUND('',#1244,.T.);
#1015=FACE_OUTER_BOUND('',#1245,.T.);
#1016=FACE_OUTER_BOUND('',#1246,.T.);
#1017=FACE_OUTER_BOUND('',#1247,.T.);
#1018=FACE_OUTER_BOUND('',#1248,.T.);
#1019=FACE_OUTER_BOUND('',#1249,.T.);
#1020=FACE_OUTER_BOUND('',#1250,.T.);
#1021=FACE_OUTER_BOUND('',#1251,.T.);
#1022=FACE_OUTER_BOUND('',#1252,.T.);
#1023=FACE_OUTER_BOUND('',#1253,.T.);
#1024=FACE_OUTER_BOUND('',#1254,.T.);
#1025=FACE_OUTER_BOUND('',#1255,.T.);
#1026=FACE_OUTER_BOUND('',#1256,.T.);
#1027=FACE_OUTER_BOUND('',#1257,.T.);
#1028=FACE_OUTER_BOUND('',#1258,.T.);
#1029=FACE_OUTER_BOUND('',#1259,.T.);
#1030=FACE_OUTER_BOUND('',#1260,.T.);
#1031=FACE_OUTER_BOUND('',#1261,.T.);
#1032=FACE_OUTER_BOUND('',#1262,.T.);
#1033=FACE_OUTER_BOUND('',#1263,.T.);
#1034=FACE_OUTER_BOUND('',#1264,.T.);
#1035=FACE_OUTER_BOUND('',#1265,.T.);
#1036=FACE_OUTER_BOUND('',#1266,.T.);
#1037=FACE_OUTER_BOUND('',#1267,.T.);
#1038=FACE_OUTER_BOUND('',#1268,.T.);
#1039=FACE_OUTER_BOUND('',#1269,.T.);
#1040=FACE_OUTER_BOUND('',#1270,.T.);
#1041=FACE_OUTER_BOUND('',#1271,.T.);
#1042=FACE_OUTER_BOUND('',#1272,.T.);
#1043=FACE_OUTER_BOUND('',#1273,.T.);
#1044=FACE_OUTER_BOUND('',#1274,.T.);
#1045=FACE_OUTER_BOUND('',#1275,.T.);
#1046=FACE_OUTER_BOUND('',#1276,.T.);
#1047=FACE_OUTER_BOUND('',#1277,.T.);
#1048=FACE_OUTER_BOUND('',#1278,.T.);
#1049=FACE_OUTER_BOUND('',#1279,.T.);
#1050=FACE_OUTER_BOUND('',#1280,.T.);
#1051=FACE_OUTER_BOUND('',#1281,.T.);
#1052=FACE_OUTER_BOUND('',#1282,.T.);
#1053=FACE_OUTER_BOUND('',#1283,.T.);
#1054=FACE_OUTER_BOUND('',#1284,.T.);
#1055=FACE_OUTER_BOUND('',#1285,.T.);
#1056=FACE_OUTER_BOUND('',#1286,.T.);
#1057=FACE_OUTER_BOUND('',#1287,.T.);
#1058=FACE_OUTER_BOUND('',#1288,.T.);
#1059=FACE_OUTER_BOUND('',#1289,.T.);
#1060=FACE_OUTER_BOUND('',#1290,.T.);
#1061=FACE_OUTER_BOUND('',#1291,.T.);
#1062=FACE_OUTER_BOUND('',#1292,.T.);
#1063=FACE_OUTER_BOUND('',#1293,.T.);
#1064=FACE_OUTER_BOUND('',#1294,.T.);
#1065=FACE_OUTER_BOUND('',#1295,.T.);
#1066=FACE_OUTER_BOUND('',#1296,.T.);
#1067=FACE_OUTER_BOUND('',#1297,.T.);
#1068=FACE_OUTER_BOUND('',#1298,.T.);
#1069=FACE_OUTER_BOUND('',#1299,.T.);
#1070=FACE_OUTER_BOUND('',#1300,.T.);
#1071=FACE_OUTER_BOUND('',#1301,.T.);
#1072=FACE_OUTER_BOUND('',#1302,.T.);
#1073=FACE_OUTER_BOUND('',#1303,.T.);
#1074=FACE_OUTER_BOUND('',#1304,.T.);
#1075=FACE_OUTER_BOUND('',#1305,.T.);
#1076=FACE_OUTER_BOUND('',#1306,.T.);
#1077=FACE_OUTER_BOUND('',#1307,.T.);
#1078=FACE_OUTER_BOUND('',#1308,.T.);
#1079=FACE_OUTER_BOUND('',#1309,.T.);
#1080=FACE_OUTER_BOUND('',#1310,.T.);
#1081=FACE_OUTER_BOUND('',#1311,.T.);
#1082=FACE_OUTER_BOUND('',#1312,.T.);
#1083=FACE_OUTER_BOUND('',#1313,.T.);
#1084=FACE_OUTER_BOUND('',#1314,.T.);
#1085=FACE_OUTER_BOUND('',#1315,.T.);
#1086=FACE_OUTER_BOUND('',#1316,.T.);
#1087=FACE_OUTER_BOUND('',#1317,.T.);
#1088=FACE_OUTER_BOUND('',#1318,.T.);
#1089=FACE_OUTER_BOUND('',#1319,.T.);
#1090=FACE_OUTER_BOUND('',#1320,.T.);
#1091=FACE_OUTER_BOUND('',#1321,.T.);
#1092=FACE_OUTER_BOUND('',#1322,.T.);
#1093=FACE_OUTER_BOUND('',#1323,.T.);
#1094=FACE_OUTER_BOUND('',#1324,.T.);
#1095=FACE_OUTER_BOUND('',#1325,.T.);
#1096=FACE_OUTER_BOUND('',#1326,.T.);
#1097=FACE_OUTER_BOUND('',#1327,.T.);
#1098=EDGE_LOOP('',(#2168,#2169,#2170,#2171));
#1099=EDGE_LOOP('',(#2172,#2173,#2174,#2175));
#1100=EDGE_LOOP('',(#2176,#2177));
#1101=EDGE_LOOP('',(#2178,#2179));
#1102=EDGE_LOOP('',(#2180,#2181));
#1103=EDGE_LOOP('',(#2182,#2183,#2184,#2185));
#1104=EDGE_LOOP('',(#2186));
#1105=EDGE_LOOP('',(#2187,#2188,#2189,#2190));
#1106=EDGE_LOOP('',(#2191));
#1107=EDGE_LOOP('',(#2192,#2193,#2194,#2195));
#1108=EDGE_LOOP('',(#2196));
#1109=EDGE_LOOP('',(#2197,#2198,#2199,#2200));
#1110=EDGE_LOOP('',(#2201));
#1111=EDGE_LOOP('',(#2202,#2203,#2204,#2205));
#1112=EDGE_LOOP('',(#2206,#2207,#2208,#2209));
#1113=EDGE_LOOP('',(#2210,#2211,#2212,#2213));
#1114=EDGE_LOOP('',(#2214,#2215,#2216,#2217));
#1115=EDGE_LOOP('',(#2218,#2219,#2220,#2221));
#1116=EDGE_LOOP('',(#2222,#2223,#2224,#2225));
#1117=EDGE_LOOP('',(#2226,#2227,#2228,#2229));
#1118=EDGE_LOOP('',(#2230,#2231,#2232,#2233));
#1119=EDGE_LOOP('',(#2234,#2235,#2236,#2237,#2238,#2239,#2240,#2241));
#1120=EDGE_LOOP('',(#2242));
#1121=EDGE_LOOP('',(#2243));
#1122=EDGE_LOOP('',(#2244));
#1123=EDGE_LOOP('',(#2245));
#1124=EDGE_LOOP('',(#2246,#2247,#2248,#2249));
#1125=EDGE_LOOP('',(#2250,#2251,#2252,#2253));
#1126=EDGE_LOOP('',(#2254,#2255));
#1127=EDGE_LOOP('',(#2256,#2257));
#1128=EDGE_LOOP('',(#2258,#2259,#2260,#2261,#2262,#2263,#2264,#2265));
#1129=EDGE_LOOP('',(#2266,#2267));
#1130=EDGE_LOOP('',(#2268,#2269,#2270,#2271));
#1131=EDGE_LOOP('',(#2272));
#1132=EDGE_LOOP('',(#2273,#2274,#2275,#2276,#2277,#2278,#2279));
#1133=EDGE_LOOP('',(#2280,#2281,#2282,#2283));
#1134=EDGE_LOOP('',(#2284,#2285));
#1135=EDGE_LOOP('',(#2286));
#1136=EDGE_LOOP('',(#2287,#2288,#2289));
#1137=EDGE_LOOP('',(#2290,#2291,#2292));
#1138=EDGE_LOOP('',(#2293,#2294,#2295,#2296,#2297,#2298));
#1139=EDGE_LOOP('',(#2299,#2300,#2301,#2302));
#1140=EDGE_LOOP('',(#2303,#2304,#2305,#2306));
#1141=EDGE_LOOP('',(#2307,#2308,#2309,#2310));
#1142=EDGE_LOOP('',(#2311,#2312,#2313,#2314));
#1143=EDGE_LOOP('',(#2315,#2316,#2317,#2318));
#1144=EDGE_LOOP('',(#2319,#2320,#2321,#2322,#2323,#2324,#2325,#2326));
#1145=EDGE_LOOP('',(#2327,#2328,#2329,#2330,#2331,#2332,#2333,#2334));
#1146=EDGE_LOOP('',(#2335,#2336,#2337,#2338));
#1147=EDGE_LOOP('',(#2339,#2340,#2341,#2342,#2343));
#1148=EDGE_LOOP('',(#2344,#2345,#2346,#2347));
#1149=EDGE_LOOP('',(#2348,#2349,#2350,#2351));
#1150=EDGE_LOOP('',(#2352,#2353,#2354,#2355));
#1151=EDGE_LOOP('',(#2356,#2357,#2358,#2359));
#1152=EDGE_LOOP('',(#2360,#2361,#2362,#2363));
#1153=EDGE_LOOP('',(#2364,#2365,#2366,#2367,#2368,#2369,#2370,#2371));
#1154=EDGE_LOOP('',(#2372,#2373,#2374,#2375,#2376,#2377,#2378,#2379));
#1155=EDGE_LOOP('',(#2380,#2381,#2382,#2383));
#1156=EDGE_LOOP('',(#2384,#2385,#2386,#2387));
#1157=EDGE_LOOP('',(#2388,#2389,#2390,#2391,#2392,#2393,#2394,#2395,#2396,
#2397,#2398,#2399,#2400));
#1158=EDGE_LOOP('',(#2401,#2402,#2403,#2404,#2405,#2406,#2407,#2408,#2409,
#2410,#2411,#2412,#2413));
#1159=EDGE_LOOP('',(#2414,#2415,#2416,#2417));
#1160=EDGE_LOOP('',(#2418,#2419,#2420,#2421));
#1161=EDGE_LOOP('',(#2422,#2423,#2424,#2425));
#1162=EDGE_LOOP('',(#2426,#2427,#2428,#2429));
#1163=EDGE_LOOP('',(#2430,#2431,#2432,#2433));
#1164=EDGE_LOOP('',(#2434,#2435,#2436,#2437));
#1165=EDGE_LOOP('',(#2438,#2439,#2440,#2441));
#1166=EDGE_LOOP('',(#2442,#2443,#2444,#2445));
#1167=EDGE_LOOP('',(#2446,#2447,#2448,#2449));
#1168=EDGE_LOOP('',(#2450,#2451,#2452,#2453));
#1169=EDGE_LOOP('',(#2454,#2455,#2456,#2457));
#1170=EDGE_LOOP('',(#2458,#2459,#2460,#2461));
#1171=EDGE_LOOP('',(#2462,#2463,#2464,#2465));
#1172=EDGE_LOOP('',(#2466,#2467,#2468,#2469));
#1173=EDGE_LOOP('',(#2470));
#1174=EDGE_LOOP('',(#2471));
#1175=EDGE_LOOP('',(#2472,#2473,#2474,#2475));
#1176=EDGE_LOOP('',(#2476,#2477,#2478,#2479));
#1177=EDGE_LOOP('',(#2480));
#1178=EDGE_LOOP('',(#2481));
#1179=EDGE_LOOP('',(#2482));
#1180=EDGE_LOOP('',(#2483));
#1181=EDGE_LOOP('',(#2484,#2485,#2486,#2487));
#1182=EDGE_LOOP('',(#2488));
#1183=EDGE_LOOP('',(#2489));
#1184=EDGE_LOOP('',(#2490));
#1185=EDGE_LOOP('',(#2491));
#1186=EDGE_LOOP('',(#2492));
#1187=EDGE_LOOP('',(#2493));
#1188=EDGE_LOOP('',(#2494,#2495,#2496,#2497));
#1189=EDGE_LOOP('',(#2498));
#1190=EDGE_LOOP('',(#2499));
#1191=EDGE_LOOP('',(#2500));
#1192=EDGE_LOOP('',(#2501));
#1193=EDGE_LOOP('',(#2502));
#1194=EDGE_LOOP('',(#2503));
#1195=EDGE_LOOP('',(#2504,#2505,#2506,#2507));
#1196=EDGE_LOOP('',(#2508,#2509,#2510,#2511));
#1197=EDGE_LOOP('',(#2512,#2513,#2514,#2515));
#1198=EDGE_LOOP('',(#2516,#2517,#2518,#2519));
#1199=EDGE_LOOP('',(#2520,#2521,#2522,#2523));
#1200=EDGE_LOOP('',(#2524,#2525,#2526,#2527));
#1201=EDGE_LOOP('',(#2528,#2529,#2530,#2531,#2532,#2533,#2534,#2535,#2536,
#2537,#2538,#2539));
#1202=EDGE_LOOP('',(#2540,#2541,#2542,#2543,#2544,#2545,#2546,#2547,#2548));
#1203=EDGE_LOOP('',(#2549));
#1204=EDGE_LOOP('',(#2550));
#1205=EDGE_LOOP('',(#2551));
#1206=EDGE_LOOP('',(#2552));
#1207=EDGE_LOOP('',(#2553));
#1208=EDGE_LOOP('',(#2554));
#1209=EDGE_LOOP('',(#2555));
#1210=EDGE_LOOP('',(#2556));
#1211=EDGE_LOOP('',(#2557));
#1212=EDGE_LOOP('',(#2558));
#1213=EDGE_LOOP('',(#2559));
#1214=EDGE_LOOP('',(#2560));
#1215=EDGE_LOOP('',(#2561));
#1216=EDGE_LOOP('',(#2562,#2563,#2564,#2565));
#1217=EDGE_LOOP('',(#2566,#2567,#2568,#2569));
#1218=EDGE_LOOP('',(#2570,#2571,#2572,#2573));
#1219=EDGE_LOOP('',(#2574,#2575,#2576,#2577));
#1220=EDGE_LOOP('',(#2578,#2579,#2580,#2581));
#1221=EDGE_LOOP('',(#2582,#2583,#2584,#2585));
#1222=EDGE_LOOP('',(#2586,#2587,#2588,#2589));
#1223=EDGE_LOOP('',(#2590,#2591,#2592,#2593));
#1224=EDGE_LOOP('',(#2594,#2595,#2596,#2597));
#1225=EDGE_LOOP('',(#2598,#2599,#2600,#2601));
#1226=EDGE_LOOP('',(#2602,#2603,#2604,#2605));
#1227=EDGE_LOOP('',(#2606,#2607,#2608,#2609));
#1228=EDGE_LOOP('',(#2610,#2611,#2612,#2613,#2614,#2615));
#1229=EDGE_LOOP('',(#2616,#2617,#2618,#2619,#2620,#2621));
#1230=EDGE_LOOP('',(#2622,#2623,#2624));
#1231=EDGE_LOOP('',(#2625,#2626));
#1232=EDGE_LOOP('',(#2627,#2628));
#1233=EDGE_LOOP('',(#2629));
#1234=EDGE_LOOP('',(#2630));
#1235=EDGE_LOOP('',(#2631,#2632,#2633));
#1236=EDGE_LOOP('',(#2634,#2635));
#1237=EDGE_LOOP('',(#2636,#2637));
#1238=EDGE_LOOP('',(#2638,#2639,#2640,#2641));
#1239=EDGE_LOOP('',(#2642,#2643,#2644,#2645));
#1240=EDGE_LOOP('',(#2646,#2647,#2648,#2649));
#1241=EDGE_LOOP('',(#2650,#2651,#2652,#2653));
#1242=EDGE_LOOP('',(#2654,#2655,#2656,#2657));
#1243=EDGE_LOOP('',(#2658,#2659,#2660));
#1244=EDGE_LOOP('',(#2661,#2662,#2663,#2664,#2665));
#1245=EDGE_LOOP('',(#2666,#2667,#2668,#2669,#2670,#2671,#2672));
#1246=EDGE_LOOP('',(#2673,#2674,#2675,#2676,#2677));
#1247=EDGE_LOOP('',(#2678,#2679,#2680,#2681,#2682,#2683));
#1248=EDGE_LOOP('',(#2684,#2685,#2686,#2687,#2688,#2689,#2690,#2691,#2692,
#2693,#2694));
#1249=EDGE_LOOP('',(#2695,#2696,#2697,#2698,#2699,#2700));
#1250=EDGE_LOOP('',(#2701,#2702,#2703,#2704,#2705,#2706));
#1251=EDGE_LOOP('',(#2707,#2708,#2709,#2710));
#1252=EDGE_LOOP('',(#2711,#2712,#2713,#2714));
#1253=EDGE_LOOP('',(#2715,#2716,#2717,#2718));
#1254=EDGE_LOOP('',(#2719,#2720,#2721,#2722));
#1255=EDGE_LOOP('',(#2723,#2724,#2725));
#1256=EDGE_LOOP('',(#2726,#2727,#2728,#2729));
#1257=EDGE_LOOP('',(#2730,#2731,#2732,#2733));
#1258=EDGE_LOOP('',(#2734,#2735,#2736,#2737));
#1259=EDGE_LOOP('',(#2738,#2739,#2740,#2741));
#1260=EDGE_LOOP('',(#2742,#2743,#2744,#2745,#2746,#2747,#2748));
#1261=EDGE_LOOP('',(#2749,#2750,#2751,#2752,#2753));
#1262=EDGE_LOOP('',(#2754,#2755,#2756,#2757));
#1263=EDGE_LOOP('',(#2758,#2759,#2760,#2761));
#1264=EDGE_LOOP('',(#2762,#2763,#2764,#2765));
#1265=EDGE_LOOP('',(#2766,#2767,#2768,#2769));
#1266=EDGE_LOOP('',(#2770,#2771,#2772,#2773));
#1267=EDGE_LOOP('',(#2774,#2775,#2776,#2777,#2778,#2779,#2780,#2781,#2782,
#2783,#2784));
#1268=EDGE_LOOP('',(#2785,#2786,#2787,#2788));
#1269=EDGE_LOOP('',(#2789,#2790,#2791,#2792));
#1270=EDGE_LOOP('',(#2793,#2794,#2795,#2796));
#1271=EDGE_LOOP('',(#2797,#2798,#2799));
#1272=EDGE_LOOP('',(#2800,#2801,#2802,#2803));
#1273=EDGE_LOOP('',(#2804,#2805,#2806,#2807,#2808,#2809));
#1274=EDGE_LOOP('',(#2810,#2811,#2812,#2813));
#1275=EDGE_LOOP('',(#2814,#2815,#2816,#2817));
#1276=EDGE_LOOP('',(#2818,#2819,#2820,#2821));
#1277=EDGE_LOOP('',(#2822,#2823,#2824,#2825,#2826,#2827,#2828));
#1278=EDGE_LOOP('',(#2829,#2830,#2831,#2832,#2833));
#1279=EDGE_LOOP('',(#2834,#2835,#2836,#2837));
#1280=EDGE_LOOP('',(#2838,#2839,#2840,#2841));
#1281=EDGE_LOOP('',(#2842,#2843,#2844,#2845));
#1282=EDGE_LOOP('',(#2846,#2847,#2848,#2849));
#1283=EDGE_LOOP('',(#2850,#2851,#2852,#2853));
#1284=EDGE_LOOP('',(#2854,#2855,#2856,#2857));
#1285=EDGE_LOOP('',(#2858,#2859,#2860,#2861));
#1286=EDGE_LOOP('',(#2862,#2863,#2864,#2865));
#1287=EDGE_LOOP('',(#2866,#2867,#2868,#2869));
#1288=EDGE_LOOP('',(#2870,#2871,#2872));
#1289=EDGE_LOOP('',(#2873,#2874,#2875,#2876,#2877));
#1290=EDGE_LOOP('',(#2878,#2879,#2880,#2881,#2882,#2883,#2884));
#1291=EDGE_LOOP('',(#2885,#2886,#2887,#2888,#2889));
#1292=EDGE_LOOP('',(#2890,#2891,#2892,#2893,#2894,#2895));
#1293=EDGE_LOOP('',(#2896,#2897,#2898,#2899,#2900,#2901,#2902,#2903,#2904,
#2905,#2906));
#1294=EDGE_LOOP('',(#2907,#2908,#2909,#2910,#2911,#2912));
#1295=EDGE_LOOP('',(#2913,#2914,#2915,#2916,#2917,#2918));
#1296=EDGE_LOOP('',(#2919,#2920,#2921,#2922));
#1297=EDGE_LOOP('',(#2923,#2924,#2925,#2926));
#1298=EDGE_LOOP('',(#2927,#2928,#2929,#2930));
#1299=EDGE_LOOP('',(#2931,#2932,#2933,#2934));
#1300=EDGE_LOOP('',(#2935,#2936,#2937));
#1301=EDGE_LOOP('',(#2938,#2939,#2940,#2941));
#1302=EDGE_LOOP('',(#2942,#2943,#2944,#2945));
#1303=EDGE_LOOP('',(#2946,#2947,#2948,#2949));
#1304=EDGE_LOOP('',(#2950,#2951,#2952,#2953));
#1305=EDGE_LOOP('',(#2954,#2955,#2956,#2957,#2958,#2959,#2960));
#1306=EDGE_LOOP('',(#2961,#2962,#2963,#2964,#2965));
#1307=EDGE_LOOP('',(#2966,#2967,#2968,#2969));
#1308=EDGE_LOOP('',(#2970,#2971,#2972,#2973));
#1309=EDGE_LOOP('',(#2974,#2975,#2976,#2977));
#1310=EDGE_LOOP('',(#2978,#2979,#2980,#2981));
#1311=EDGE_LOOP('',(#2982,#2983,#2984,#2985));
#1312=EDGE_LOOP('',(#2986,#2987,#2988,#2989,#2990,#2991,#2992,#2993,#2994,
#2995,#2996));
#1313=EDGE_LOOP('',(#2997,#2998,#2999,#3000));
#1314=EDGE_LOOP('',(#3001,#3002,#3003,#3004));
#1315=EDGE_LOOP('',(#3005,#3006,#3007,#3008));
#1316=EDGE_LOOP('',(#3009,#3010,#3011));
#1317=EDGE_LOOP('',(#3012,#3013,#3014,#3015));
#1318=EDGE_LOOP('',(#3016,#3017,#3018,#3019,#3020,#3021));
#1319=EDGE_LOOP('',(#3022,#3023,#3024,#3025));
#1320=EDGE_LOOP('',(#3026,#3027,#3028,#3029));
#1321=EDGE_LOOP('',(#3030,#3031,#3032,#3033));
#1322=EDGE_LOOP('',(#3034,#3035,#3036,#3037,#3038,#3039,#3040));
#1323=EDGE_LOOP('',(#3041,#3042,#3043,#3044,#3045));
#1324=EDGE_LOOP('',(#3046,#3047,#3048,#3049));
#1325=EDGE_LOOP('',(#3050,#3051,#3052,#3053));
#1326=EDGE_LOOP('',(#3054,#3055,#3056,#3057));
#1327=EDGE_LOOP('',(#3058,#3059,#3060,#3061));
#1328=B_SPLINE_CURVE_WITH_KNOTS('',3,(#4581,#4582,#4583,#4584,#4585,#4586,
#4587,#4588,#4589,#4590,#4591,#4592,#4593,#4594,#4595,#4596,#4597,#4598,
#4599,#4600,#4601,#4602,#4603,#4604,#4605,#4606,#4607,#4608,#4609,#4610,
#4611,#4612,#4613),.UNSPECIFIED.,.F.,.F.,(4,1,1,1,1,1,1,1,1,1,1,1,1,1,1,
1,1,1,1,1,1,1,1,1,1,1,1,1,1,1,4),(-7.49637881674538,-7.49219556963782,-7.48801232253026,
-7.47964582831515,-7.47127933410003,-7.46709608699247,-7.46291283988491,
-7.44617985145467,-7.42944686302444,-7.3625149093035,-7.22865100186162,
-6.96092318697785,-6.69319537209409,-6.42546755721033,-6.06849713736531,
-5.35455629767527,-4.64061545798524,-4.28364503814022,-3.9266746182952,
-3.21273377860516,-2.67727814883764,-2.14182251907011,-1.60636688930258,
-1.07091125953505,-0.803183444651291,-0.535455629767527,-0.267727814883764,
-0.133863907441882,-0.0669319537209409,-0.0334659768604704,0.),
 .UNSPECIFIED.);
#1329=B_SPLINE_CURVE_WITH_KNOTS('',3,(#4616,#4617,#4618,#4619,#4620,#4621,
#4622,#4623,#4624,#4625,#4626,#4627,#4628,#4629,#4630,#4631,#4632,#4633,
#4634,#4635,#4636,#4637,#4638,#4639,#4640,#4641,#4642,#4643,#4644,#4645,
#4646,#4647,#4648),.UNSPECIFIED.,.F.,.F.,(4,1,1,1,1,1,1,1,1,1,1,1,1,1,1,
1,1,1,1,1,1,1,1,1,1,1,1,1,1,1,4),(0.,0.0334659768604704,0.0669319537209409,
0.133863907441882,0.267727814883764,0.535455629767527,0.803183444651291,
1.07091125953505,1.60636688930258,2.14182251907011,2.67727814883764,3.21273377860516,
3.9266746182952,4.28364503814022,4.64061545798524,5.35455629767527,6.06849713736531,
6.42546755721033,6.69319537209409,6.96092318697785,7.22865100186162,7.3625149093035,
7.42944686302444,7.44617985145467,7.46291283988491,7.46709608699247,7.47127933410003,
7.47964582831515,7.48801232253026,7.49219556963782,7.49637881674538),
 .UNSPECIFIED.);
#1330=B_SPLINE_CURVE_WITH_KNOTS('',3,(#4880,#4881,#4882,#4883,#4884,#4885,
#4886,#4887,#4888,#4889,#4890,#4891,#4892,#4893,#4894,#4895,#4896,#4897,
#4898,#4899,#4900,#4901,#4902,#4903,#4904,#4905,#4906,#4907,#4908,#4909,
#4910,#4911,#4912),.UNSPECIFIED.,.F.,.F.,(4,1,1,1,1,1,1,1,1,1,1,1,1,1,1,
1,1,1,1,1,1,1,1,1,1,1,1,1,1,1,4),(-1.83805822064917E-15,0.00418337568560064,
0.00836675137120312,0.0167335027424081,0.0251002541136131,0.0292836297992155,
0.033467005484818,0.0669340109696379,0.133868021939278,0.200802032908917,
0.267736043878557,0.535472087757116,1.07094417551423,1.60641626327135,2.14188835102847,
2.49886974286655,2.85585113470463,3.2128325265427,3.92679531021886,4.28377670205694,
4.81924878981406,5.35472087757117,5.89019296532829,6.42566505308541,6.69340109696397,
6.96113714084253,7.22887318472109,7.36274120666037,7.42967521763,7.46314222311482,
7.49660922859964),.UNSPECIFIED.);
#1331=B_SPLINE_CURVE_WITH_KNOTS('',3,(#4913,#4914,#4915,#4916,#4917,#4918,
#4919,#4920,#4921,#4922,#4923,#4924,#4925,#4926,#4927,#4928,#4929,#4930,
#4931,#4932,#4933,#4934,#4935,#4936,#4937,#4938,#4939,#4940,#4941,#4942,
#4943,#4944,#4945),.UNSPECIFIED.,.F.,.F.,(4,1,1,1,1,1,1,1,1,1,1,1,1,1,1,
1,1,1,1,1,1,1,1,1,1,1,1,1,1,1,4),(-7.49660922859964,-7.46314222311482,-7.42967521763,
-7.36274120666037,-7.22887318472109,-6.96113714084253,-6.69340109696397,
-6.42566505308541,-5.89019296532829,-5.35472087757117,-4.81924878981406,
-4.28377670205694,-3.92679531021886,-3.2128325265427,-2.85585113470463,
-2.49886974286655,-2.14188835102847,-1.60641626327135,-1.07094417551423,
-0.535472087757116,-0.267736043878557,-0.200802032908917,-0.133868021939278,
-0.0669340109696379,-0.033467005484818,-0.0292836297992155,-0.0251002541136131,
-0.0167335027424081,-0.00836675137120312,-0.00418337568560064,1.83805822064917E-15),
 .UNSPECIFIED.);
#1332=B_SPLINE_CURVE_WITH_KNOTS('',3,(#5364,#5365,#5366,#5367,#5368,#5369,
#5370,#5371,#5372,#5373,#5374,#5375,#5376,#5377,#5378,#5379,#5380,#5381,
#5382,#5383,#5384,#5385,#5386,#5387,#5388,#5389,#5390,#5391,#5392,#5393,
#5394,#5395,#5396),.UNSPECIFIED.,.F.,.F.,(4,1,1,1,1,1,1,1,1,1,1,1,1,1,1,
1,1,1,1,1,1,1,1,1,1,1,1,1,1,1,4),(0.,0.0334659768604704,0.0669319537209409,
0.133863907441882,0.267727814883764,0.535455629767527,0.803183444651291,
1.07091125953505,1.60636688930258,2.14182251907011,2.67727814883764,3.21273377860516,
3.9266746182952,4.28364503814022,4.64061545798524,5.35455629767527,6.06849713736531,
6.42546755721033,6.69319537209409,6.96092318697785,7.22865100186162,7.3625149093035,
7.42944686302444,7.44617985145467,7.46291283988491,7.46709608699247,7.47127933410003,
7.47964582831515,7.48801232253026,7.49219556963782,7.49637881674538),
 .UNSPECIFIED.);
#1333=B_SPLINE_CURVE_WITH_KNOTS('',3,(#5399,#5400,#5401,#5402,#5403,#5404,
#5405,#5406,#5407,#5408,#5409,#5410,#5411,#5412,#5413,#5414,#5415,#5416,
#5417,#5418,#5419,#5420,#5421,#5422,#5423,#5424,#5425,#5426,#5427,#5428,
#5429,#5430,#5431),.UNSPECIFIED.,.F.,.F.,(4,1,1,1,1,1,1,1,1,1,1,1,1,1,1,
1,1,1,1,1,1,1,1,1,1,1,1,1,1,1,4),(-7.49637881674538,-7.49219556963782,-7.48801232253026,
-7.47964582831515,-7.47127933410003,-7.46709608699247,-7.46291283988491,
-7.44617985145467,-7.42944686302444,-7.3625149093035,-7.22865100186162,
-6.96092318697785,-6.69319537209409,-6.42546755721033,-6.06849713736531,
-5.35455629767527,-4.64061545798524,-4.28364503814022,-3.9266746182952,
-3.21273377860516,-2.67727814883764,-2.14182251907011,-1.60636688930258,
-1.07091125953505,-0.803183444651291,-0.535455629767527,-0.267727814883764,
-0.133863907441882,-0.0669319537209409,-0.0334659768604704,0.),
 .UNSPECIFIED.);
#1334=B_SPLINE_CURVE_WITH_KNOTS('',3,(#5663,#5664,#5665,#5666,#5667,#5668,
#5669,#5670,#5671,#5672,#5673,#5674,#5675,#5676,#5677,#5678,#5679,#5680,
#5681,#5682,#5683,#5684,#5685,#5686,#5687,#5688,#5689,#5690,#5691,#5692,
#5693,#5694,#5695),.UNSPECIFIED.,.F.,.F.,(4,1,1,1,1,1,1,1,1,1,1,1,1,1,1,
1,1,1,1,1,1,1,1,1,1,1,1,1,1,1,4),(-7.49660922859964,-7.46314222311482,-7.42967521763,
-7.36274120666037,-7.22887318472109,-6.96113714084253,-6.69340109696397,
-6.42566505308541,-5.89019296532829,-5.35472087757117,-4.81924878981406,
-4.28377670205694,-3.92679531021886,-3.2128325265427,-2.85585113470463,
-2.49886974286655,-2.14188835102847,-1.60641626327135,-1.07094417551423,
-0.535472087757116,-0.267736043878557,-0.200802032908917,-0.133868021939278,
-0.0669340109696379,-0.033467005484818,-0.0292836297992155,-0.0251002541136131,
-0.0167335027424081,-0.00836675137120312,-0.00418337568560064,1.83805822064917E-15),
 .UNSPECIFIED.);
#1335=B_SPLINE_CURVE_WITH_KNOTS('',3,(#5696,#5697,#5698,#5699,#5700,#5701,
#5702,#5703,#5704,#5705,#5706,#5707,#5708,#5709,#5710,#5711,#5712,#5713,
#5714,#5715,#5716,#5717,#5718,#5719,#5720,#5721,#5722,#5723,#5724,#5725,
#5726,#5727,#5728),.UNSPECIFIED.,.F.,.F.,(4,1,1,1,1,1,1,1,1,1,1,1,1,1,1,
1,1,1,1,1,1,1,1,1,1,1,1,1,1,1,4),(-1.83805822064917E-15,0.00418337568560064,
0.00836675137120312,0.0167335027424081,0.0251002541136131,0.0292836297992155,
0.033467005484818,0.0669340109696379,0.133868021939278,0.200802032908917,
0.267736043878557,0.535472087757116,1.07094417551423,1.60641626327135,2.14188835102847,
2.49886974286655,2.85585113470463,3.2128325265427,3.92679531021886,4.28377670205694,
4.81924878981406,5.35472087757117,5.89019296532829,6.42566505308541,6.69340109696397,
6.96113714084253,7.22887318472109,7.36274120666037,7.42967521763,7.46314222311482,
7.49660922859964),.UNSPECIFIED.);
#1336=B_SPLINE_CURVE_WITH_KNOTS('',3,(#6216,#6217,#6218,#6219,#6220,#6221,
#6222,#6223,#6224,#6225,#6226,#6227,#6228,#6229,#6230,#6231,#6232,#6233,
#6234,#6235,#6236,#6237,#6238,#6239,#6240,#6241,#6242,#6243,#6244,#6245,
#6246,#6247,#6248,#6249,#6250,#6251,#6252,#6253,#6254,#6255,#6256,#6257,
#6258,#6259,#6260,#6261,#6262,#6263),.UNSPECIFIED.,.F.,.F.,(4,2,2,2,2,2,
2,2,2,2,2,2,2,2,2,2,2,2,2,2,2,2,2,4),(-4.72137949976943,-4.52103420517363,
-4.34974837594974,-4.21530643617065,-4.10444764724776,-3.97900050098316,
-3.79311667953372,-3.60680517141832,-3.46311397940352,-3.32768499066778,
-3.16445226422523,-2.90267031485373,-2.48929765607142,-2.20209128509043,
-1.99016480081913,-1.81699869337388,-1.65881749854092,-1.47065258707989,
-1.31723610555614,-1.19995740611471,-1.07963950799687,-0.908261129930103,
-0.55030548408235,-0.170032163571997),.UNSPECIFIED.);
#1337=B_SPLINE_CURVE_WITH_KNOTS('',3,(#6264,#6265,#6266,#6267),
 .UNSPECIFIED.,.F.,.F.,(4,4),(-0.170032163571997,0.),.UNSPECIFIED.);
#1338=B_SPLINE_CURVE_WITH_KNOTS('',1,(#6269,#6270),.UNSPECIFIED.,.F.,.F.,
(2,2),(3.27818737394766,4.13719681265333),.UNSPECIFIED.);
#1339=B_SPLINE_CURVE_WITH_KNOTS('',3,(#6272,#6273,#6274,#6275,#6276,#6277),
 .UNSPECIFIED.,.F.,.F.,(4,2,4),(-4.71885985451638,-4.50109023166946,-4.39484574874525),
 .UNSPECIFIED.);
#1340=B_SPLINE_CURVE_WITH_KNOTS('',3,(#6278,#6279,#6280,#6281,#6282,#6283,
#6284,#6285,#6286,#6287,#6288,#6289,#6290,#6291,#6292,#6293,#6294,#6295,
#6296,#6297,#6298,#6299,#6300,#6301,#6302,#6303,#6304,#6305,#6306,#6307,
#6308,#6309,#6310,#6311,#6312,#6313,#6314,#6315,#6316,#6317,#6318,#6319,
#6320,#6321),.UNSPECIFIED.,.F.,.F.,(4,2,2,2,2,2,2,2,2,2,2,2,2,2,2,2,2,2,
2,2,2,4),(-4.39484574874525,-4.24111668870071,-3.75167394526509,-3.52787676714321,
-3.39021433409448,-3.27080829491433,-3.13016420512329,-2.90576458399228,
-2.69863935202765,-2.47871016326861,-2.21509269669032,-1.88857474786341,
-1.49129927162786,-1.26573810140536,-1.12664535592156,-1.01105486182279,
-0.886202117389204,-0.713576389531519,-0.522906919456792,-0.370499196394514,
-0.214966609838555,0.),.UNSPECIFIED.);
#1341=B_SPLINE_CURVE_WITH_KNOTS('',3,(#6342,#6343,#6344,#6345,#6346,#6347,
#6348,#6349,#6350,#6351,#6352,#6353,#6354,#6355,#6356,#6357,#6358,#6359,
#6360,#6361,#6362,#6363,#6364,#6365,#6366,#6367,#6368,#6369),
 .UNSPECIFIED.,.F.,.F.,(4,2,2,2,2,2,2,2,2,2,2,2,2,4),(-5.11344785233002,
-4.83643995064614,-4.37007713405222,-4.11237558759966,-3.93184262306465,
-3.76700334677443,-3.57913389864221,-3.33630027040183,-3.16898737468437,
-3.05077922001829,-2.93251096020547,-2.77289745781004,-2.51539642540503,
-2.16627474390541),.UNSPECIFIED.);
#1342=B_SPLINE_CURVE_WITH_KNOTS('',3,(#6370,#6371,#6372,#6373,#6374,#6375,
#6376,#6377,#6378,#6379,#6380,#6381,#6382,#6383,#6384,#6385,#6386,#6387,
#6388,#6389,#6390,#6391),.UNSPECIFIED.,.F.,.F.,(4,2,2,2,2,2,2,2,2,2,4),
(-2.16627474390541,-1.97074508060598,-1.48979064107698,-1.2755943210886,
-1.13815207517758,-1.0130135562817,-0.857612301347625,-0.655155602782873,
-0.465987403560786,-0.255733892662001,0.),.UNSPECIFIED.);
#1343=B_SPLINE_CURVE_WITH_KNOTS('',1,(#6393,#6394),.UNSPECIFIED.,.F.,.F.,
(2,2),(3.00706784261568,3.92673844233326),.UNSPECIFIED.);
#1344=B_SPLINE_CURVE_WITH_KNOTS('',3,(#6396,#6397,#6398,#6399,#6400,#6401,
#6402,#6403,#6404,#6405,#6406,#6407,#6408,#6409,#6410,#6411,#6412,#6413,
#6414,#6415,#6416,#6417,#6418,#6419,#6420,#6421),.UNSPECIFIED.,.F.,.F.,
(4,2,2,2,2,2,2,2,2,2,2,2,4),(-4.78380056688223,-4.60172855924528,-4.43673967680748,
-4.22006123243845,-4.04156812692259,-3.8779858288265,-3.68373168882724,
-3.52732177201397,-3.41244619573107,-3.29700299829117,-3.13769780399808,
-2.82790227718096,-2.42489559283403),.UNSPECIFIED.);
#1345=B_SPLINE_CURVE_WITH_KNOTS('',3,(#6422,#6423,#6424,#6425,#6426,#6427,
#6428,#6429,#6430,#6431,#6432,#6433,#6434,#6435,#6436,#6437,#6438,#6439,
#6440,#6441,#6442,#6443,#6444,#6445,#6446,#6447),.UNSPECIFIED.,.F.,.F.,
(4,2,2,2,2,2,2,2,2,2,2,2,4),(-2.42489559283403,-2.34631840985343,-2.03875905808331,
-1.84106624465373,-1.69129071321931,-1.53703061413691,-1.33240937993706,
-1.11451633286745,-0.958243102903753,-0.818972022626681,-0.659953962860939,
-0.419809975970026,0.),.UNSPECIFIED.);
#1346=B_SPLINE_CURVE_WITH_KNOTS('',3,(#6567,#6568,#6569,#6570,#6571,#6572,
#6573,#6574,#6575,#6576,#6577,#6578,#6579),.UNSPECIFIED.,.F.,.F.,(4,3,3,
3,4),(0.011430651268396,0.376982607078902,0.55460795275574,0.75,0.998868854078414),
 .UNSPECIFIED.);
#1347=B_SPLINE_CURVE_WITH_KNOTS('',3,(#6580,#6581,#6582,#6583,#6584,#6585,
#6586,#6587,#6588,#6589,#6590,#6591,#6592,#6593,#6594,#6595,#6596,#6597,
#6598,#6599,#6600,#6601,#6602,#6603,#6604,#6605,#6606,#6607,#6608,#6609,
#6610,#6611,#6612,#6613,#6614,#6615,#6616,#6617,#6618),.UNSPECIFIED.,.T.,
 .F.,(4,2,2,2,2,2,2,2,2,2,2,2,2,2,2,2,3,2,4),(2.04357207649758,3.34357170333556,
5.01535755500333,6.68714340667111,8.35892925833888,10.0307151100067,11.7025009616744,
13.3742868133422,15.04607266501,16.7178585166778,18.3896443683455,20.0614302200133,
21.7332160716811,23.4050019233489,25.0767877750166,26.0233387116933,26.9698896483699,
28.6416755000377,29.0134617248675),.UNSPECIFIED.);
#1348=B_SPLINE_CURVE_WITH_KNOTS('',3,(#6800,#6801,#6802,#6803,#6804,#6805),
 .UNSPECIFIED.,.F.,.F.,(4,2,4),(-0.272795385920015,-0.109832006301175,-0.0868013539361358),
 .UNSPECIFIED.);
#1349=B_SPLINE_CURVE_WITH_KNOTS('',3,(#6806,#6807,#6808,#6809,#6810,#6811),
 .UNSPECIFIED.,.F.,.F.,(4,2,4),(-0.186069574926452,-0.121051565526458,0.),
 .UNSPECIFIED.);
#1350=B_SPLINE_CURVE_WITH_KNOTS('',3,(#6819,#6820,#6821,#6822),
 .UNSPECIFIED.,.F.,.F.,(4,4),(-0.0868013539361358,0.),.UNSPECIFIED.);
#1351=B_SPLINE_CURVE_WITH_KNOTS('',3,(#6837,#6838,#6839,#6840),
 .UNSPECIFIED.,.F.,.F.,(4,4),(-0.272714373057703,-0.186069574926452),
 .UNSPECIFIED.);
#1352=B_SPLINE_CURVE_WITH_KNOTS('',3,(#6842,#6843,#6844,#6845),
 .UNSPECIFIED.,.F.,.F.,(4,4),(-0.000122812085278819,0.),.UNSPECIFIED.);
#1353=B_SPLINE_CURVE_WITH_KNOTS('',3,(#6869,#6870,#6871,#6872),
 .UNSPECIFIED.,.F.,.F.,(4,4),(-0.0942027201438487,-0.0384393929396594),
 .UNSPECIFIED.);
#1354=B_SPLINE_CURVE_WITH_KNOTS('',3,(#6933,#6934,#6935,#6936,#6937,#6938,
#6939,#6940,#6941,#6942),.UNSPECIFIED.,.F.,.F.,(4,3,3,4),(-0.00109798898633061,
0.,0.116704108530562,0.23235741296372),.UNSPECIFIED.);
#1355=B_SPLINE_CURVE_WITH_KNOTS('',3,(#7032,#7033,#7034,#7035,#7036,#7037),
 .UNSPECIFIED.,.F.,.F.,(4,2,4),(-0.263657752859152,-0.180148679108986,0.),
 .UNSPECIFIED.);
#1356=B_SPLINE_CURVE_WITH_KNOTS('',3,(#7208,#7209,#7210,#7211,#7212,#7213,
#7214,#7215,#7216,#7217),.UNSPECIFIED.,.F.,.F.,(4,3,3,4),(-0.00109798898633061,
0.,0.116704108530562,0.23235741296372),.UNSPECIFIED.);
#1357=B_SPLINE_CURVE_WITH_KNOTS('',3,(#7230,#7231,#7232,#7233),
 .UNSPECIFIED.,.F.,.F.,(4,4),(-0.0942027201438487,-0.0384393929396594),
 .UNSPECIFIED.);
#1358=B_SPLINE_CURVE_WITH_KNOTS('',3,(#7315,#7316,#7317,#7318,#7319,#7320),
 .UNSPECIFIED.,.F.,.F.,(4,2,4),(-0.263657752859152,-0.180148679108986,0.),
 .UNSPECIFIED.);
#1359=B_SPLINE_CURVE_WITH_KNOTS('',3,(#7478,#7479,#7480,#7481,#7482,#7483),
 .UNSPECIFIED.,.F.,.F.,(4,2,4),(-0.272795385920015,-0.109832006301175,-0.0868013539361358),
 .UNSPECIFIED.);
#1360=B_SPLINE_CURVE_WITH_KNOTS('',3,(#7484,#7485,#7486,#7487,#7488,#7489),
 .UNSPECIFIED.,.F.,.F.,(4,2,4),(-0.186069574926452,-0.121051565526458,0.),
 .UNSPECIFIED.);
#1361=B_SPLINE_CURVE_WITH_KNOTS('',3,(#7497,#7498,#7499,#7500),
 .UNSPECIFIED.,.F.,.F.,(4,4),(-0.0868013539361358,0.),.UNSPECIFIED.);
#1362=B_SPLINE_CURVE_WITH_KNOTS('',3,(#7515,#7516,#7517,#7518),
 .UNSPECIFIED.,.F.,.F.,(4,4),(-0.272714373057703,-0.186069574926452),
 .UNSPECIFIED.);
#1363=B_SPLINE_CURVE_WITH_KNOTS('',3,(#7520,#7521,#7522,#7523),
 .UNSPECIFIED.,.F.,.F.,(4,4),(-0.000122812085278819,0.),.UNSPECIFIED.);
#1364=B_SPLINE_CURVE_WITH_KNOTS('',3,(#7547,#7548,#7549,#7550),
 .UNSPECIFIED.,.F.,.F.,(4,4),(-0.0942027201438487,-0.0384393929396594),
 .UNSPECIFIED.);
#1365=B_SPLINE_CURVE_WITH_KNOTS('',3,(#7611,#7612,#7613,#7614,#7615,#7616,
#7617,#7618,#7619,#7620),.UNSPECIFIED.,.F.,.F.,(4,3,3,4),(-0.00109798898633061,
0.,0.116704108530562,0.23235741296372),.UNSPECIFIED.);
#1366=B_SPLINE_CURVE_WITH_KNOTS('',3,(#7710,#7711,#7712,#7713,#7714,#7715),
 .UNSPECIFIED.,.F.,.F.,(4,2,4),(-0.263657752859152,-0.180148679108986,0.),
 .UNSPECIFIED.);
#1367=B_SPLINE_CURVE_WITH_KNOTS('',3,(#7886,#7887,#7888,#7889,#7890,#7891,
#7892,#7893,#7894,#7895),.UNSPECIFIED.,.F.,.F.,(4,3,3,4),(-0.00109798898633061,
0.,0.116704108530562,0.23235741296372),.UNSPECIFIED.);
#1368=B_SPLINE_CURVE_WITH_KNOTS('',3,(#7908,#7909,#7910,#7911),
 .UNSPECIFIED.,.F.,.F.,(4,4),(-0.0942027201438487,-0.0384393929396594),
 .UNSPECIFIED.);
#1369=B_SPLINE_CURVE_WITH_KNOTS('',3,(#7993,#7994,#7995,#7996,#7997,#7998),
 .UNSPECIFIED.,.F.,.F.,(4,2,4),(-0.263657752859152,-0.180148679108986,0.),
 .UNSPECIFIED.);
#1370=CIRCLE('',#3355,0.100000000000001);
#1371=CIRCLE('',#3356,0.0999999999999999);
#1372=CIRCLE('',#3359,0.048);
#1373=CIRCLE('',#3360,0.048);
#1374=CIRCLE('',#3363,0.0499999999999999);
#1375=CIRCLE('',#3364,0.0499999999999999);
#1376=CIRCLE('',#3367,0.0499999999999999);
#1377=CIRCLE('',#3368,0.0499999999999999);
#1378=CIRCLE('',#3371,0.0499999999999999);
#1379=CIRCLE('',#3372,0.0499999999999999);
#1380=CIRCLE('',#3376,0.358000000000026);
#1381=CIRCLE('',#3380,0.199999999999999);
#1382=CIRCLE('',#3384,0.357999999999974);
#1383=CIRCLE('',#3388,0.2);
#1384=CIRCLE('',#3391,0.100000000000001);
#1385=CIRCLE('',#3392,0.0999999999999999);
#1386=CIRCLE('',#3398,0.225);
#1387=CIRCLE('',#3399,0.225);
#1388=CIRCLE('',#3402,0.59);
#1389=CIRCLE('',#3403,0.59);
#1390=CIRCLE('',#3404,0.59);
#1391=CIRCLE('',#3405,0.59);
#1392=CIRCLE('',#3406,0.59);
#1393=CIRCLE('',#3408,0.25);
#1394=CIRCLE('',#3409,0.25);
#1395=CIRCLE('',#3415,0.0999999920166492);
#1396=CIRCLE('',#3416,0.0999999920166492);
#1397=CIRCLE('',#3429,0.0999999920166491);
#1398=CIRCLE('',#3430,0.0999999920166491);
#1399=CIRCLE('',#3441,0.0499999999999999);
#1400=CIRCLE('',#3442,0.0499999999999999);
#1401=CIRCLE('',#3444,0.0499999999999999);
#1402=CIRCLE('',#3445,0.0499999999999999);
#1403=CIRCLE('',#3447,0.0499999999999999);
#1404=CIRCLE('',#3448,0.0499999999999999);
#1405=CIRCLE('',#3450,0.0499999999999999);
#1406=CIRCLE('',#3451,0.0499999999999999);
#1407=CIRCLE('',#3453,0.0499999999999999);
#1408=CIRCLE('',#3454,0.0499999999999999);
#1409=CIRCLE('',#3456,0.0499999999999999);
#1410=CIRCLE('',#3457,0.0499999999999999);
#1411=CIRCLE('',#3459,0.0499999999999999);
#1412=CIRCLE('',#3460,0.0499999999999999);
#1413=CIRCLE('',#3462,0.0499999999999999);
#1414=CIRCLE('',#3463,0.0499999999999999);
#1415=CIRCLE('',#3465,0.0499999999999999);
#1416=CIRCLE('',#3466,0.0499999999999999);
#1417=CIRCLE('',#3468,0.0499999999999999);
#1418=CIRCLE('',#3469,0.0499999999999999);
#1419=CIRCLE('',#3471,0.0499999999999999);
#1420=CIRCLE('',#3472,0.0499999999999999);
#1421=CIRCLE('',#3474,0.0499999999999999);
#1422=CIRCLE('',#3475,0.0499999999999999);
#1423=CIRCLE('',#3477,0.23);
#1424=CIRCLE('',#3478,0.23);
#1425=CIRCLE('',#3480,0.1);
#1426=CIRCLE('',#3482,0.1);
#1427=CIRCLE('',#3484,0.25);
#1428=CIRCLE('',#3485,0.25);
#1429=CIRCLE('',#3488,0.358000000000006);
#1430=CIRCLE('',#3490,0.358000000000006);
#1431=CIRCLE('',#3491,0.2);
#1432=CIRCLE('',#3493,0.358000000000006);
#1433=CIRCLE('',#3494,0.2);
#1434=CIRCLE('',#3497,0.2);
#1435=CIRCLE('',#3501,0.2);
#1436=CIRCLE('',#3504,0.358);
#1437=CIRCLE('',#3505,0.358);
#1438=CIRCLE('',#3506,0.358);
#1439=CIRCLE('',#3525,4.60000006854534);
#1440=VERTEX_POINT('',#4577);
#1441=VERTEX_POINT('',#4578);
#1442=VERTEX_POINT('',#4580);
#1443=VERTEX_POINT('',#4614);
#1444=VERTEX_POINT('',#5053);
#1445=VERTEX_POINT('',#5055);
#1446=VERTEX_POINT('',#5060);
#1447=VERTEX_POINT('',#5062);
#1448=VERTEX_POINT('',#5067);
#1449=VERTEX_POINT('',#5069);
#1450=VERTEX_POINT('',#5074);
#1451=VERTEX_POINT('',#5076);
#1452=VERTEX_POINT('',#5081);
#1453=VERTEX_POINT('',#5082);
#1454=VERTEX_POINT('',#5084);
#1455=VERTEX_POINT('',#5086);
#1456=VERTEX_POINT('',#5090);
#1457=VERTEX_POINT('',#5092);
#1458=VERTEX_POINT('',#5096);
#1459=VERTEX_POINT('',#5098);
#1460=VERTEX_POINT('',#5102);
#1461=VERTEX_POINT('',#5104);
#1462=VERTEX_POINT('',#5108);
#1463=VERTEX_POINT('',#5110);
#1464=VERTEX_POINT('',#5114);
#1465=VERTEX_POINT('',#5116);
#1466=VERTEX_POINT('',#5120);
#1467=VERTEX_POINT('',#5122);
#1468=VERTEX_POINT('',#5360);
#1469=VERTEX_POINT('',#5361);
#1470=VERTEX_POINT('',#5363);
#1471=VERTEX_POINT('',#5397);
#1472=VERTEX_POINT('',#5839);
#1473=VERTEX_POINT('',#5841);
#1474=VERTEX_POINT('',#5846);
#1475=VERTEX_POINT('',#5847);
#1476=VERTEX_POINT('',#5849);
#1477=VERTEX_POINT('',#5851);
#1478=VERTEX_POINT('',#5853);
#1479=VERTEX_POINT('',#5855);
#1480=VERTEX_POINT('',#5857);
#1481=VERTEX_POINT('',#5865);
#1482=VERTEX_POINT('',#5869);
#1483=VERTEX_POINT('',#5873);
#1484=VERTEX_POINT('',#5875);
#1485=VERTEX_POINT('',#5879);
#1486=VERTEX_POINT('',#5880);
#1487=VERTEX_POINT('',#5882);
#1488=VERTEX_POINT('',#5884);
#1489=VERTEX_POINT('',#5888);
#1490=VERTEX_POINT('',#5890);
#1491=VERTEX_POINT('',#5894);
#1492=VERTEX_POINT('',#5896);
#1493=VERTEX_POINT('',#5900);
#1494=VERTEX_POINT('',#5901);
#1495=VERTEX_POINT('',#5903);
#1496=VERTEX_POINT('',#5905);
#1497=VERTEX_POINT('',#5912);
#1498=VERTEX_POINT('',#5914);
#1499=VERTEX_POINT('',#5918);
#1500=VERTEX_POINT('',#5920);
#1501=VERTEX_POINT('',#5924);
#1502=VERTEX_POINT('',#5926);
#1503=VERTEX_POINT('',#5933);
#1504=VERTEX_POINT('',#5934);
#1505=VERTEX_POINT('',#5936);
#1506=VERTEX_POINT('',#5938);
#1507=VERTEX_POINT('',#5942);
#1508=VERTEX_POINT('',#5943);
#1509=VERTEX_POINT('',#5945);
#1510=VERTEX_POINT('',#5947);
#1511=VERTEX_POINT('',#5951);
#1512=VERTEX_POINT('',#5953);
#1513=VERTEX_POINT('',#5957);
#1514=VERTEX_POINT('',#5959);
#1515=VERTEX_POINT('',#5966);
#1516=VERTEX_POINT('',#5968);
#1517=VERTEX_POINT('',#5972);
#1518=VERTEX_POINT('',#5974);
#1519=VERTEX_POINT('',#5978);
#1520=VERTEX_POINT('',#5980);
#1521=VERTEX_POINT('',#5993);
#1522=VERTEX_POINT('',#5995);
#1523=VERTEX_POINT('',#5999);
#1524=VERTEX_POINT('',#6001);
#1525=VERTEX_POINT('',#6005);
#1526=VERTEX_POINT('',#6007);
#1527=VERTEX_POINT('',#6011);
#1528=VERTEX_POINT('',#6013);
#1529=VERTEX_POINT('',#6017);
#1530=VERTEX_POINT('',#6019);
#1531=VERTEX_POINT('',#6023);
#1532=VERTEX_POINT('',#6025);
#1533=VERTEX_POINT('',#6029);
#1534=VERTEX_POINT('',#6031);
#1535=VERTEX_POINT('',#6035);
#1536=VERTEX_POINT('',#6037);
#1537=VERTEX_POINT('',#6041);
#1538=VERTEX_POINT('',#6043);
#1539=VERTEX_POINT('',#6047);
#1540=VERTEX_POINT('',#6049);
#1541=VERTEX_POINT('',#6053);
#1542=VERTEX_POINT('',#6055);
#1543=VERTEX_POINT('',#6059);
#1544=VERTEX_POINT('',#6061);
#1545=VERTEX_POINT('',#6065);
#1546=VERTEX_POINT('',#6067);
#1547=VERTEX_POINT('',#6071);
#1548=VERTEX_POINT('',#6074);
#1549=VERTEX_POINT('',#6078);
#1550=VERTEX_POINT('',#6080);
#1551=VERTEX_POINT('',#6085);
#1552=VERTEX_POINT('',#6088);
#1553=VERTEX_POINT('',#6089);
#1554=VERTEX_POINT('',#6091);
#1555=VERTEX_POINT('',#6093);
#1556=VERTEX_POINT('',#6097);
#1557=VERTEX_POINT('',#6098);
#1558=VERTEX_POINT('',#6100);
#1559=VERTEX_POINT('',#6102);
#1560=VERTEX_POINT('',#6106);
#1561=VERTEX_POINT('',#6108);
#1562=VERTEX_POINT('',#6112);
#1563=VERTEX_POINT('',#6116);
#1564=VERTEX_POINT('',#6120);
#1565=VERTEX_POINT('',#6122);
#1566=VERTEX_POINT('',#6126);
#1567=VERTEX_POINT('',#6130);
#1568=VERTEX_POINT('',#6134);
#1569=VERTEX_POINT('',#6146);
#1570=VERTEX_POINT('',#6147);
#1571=VERTEX_POINT('',#6149);
#1572=VERTEX_POINT('',#6151);
#1573=VERTEX_POINT('',#6155);
#1574=VERTEX_POINT('',#6157);
#1575=VERTEX_POINT('',#6161);
#1576=VERTEX_POINT('',#6163);
#1577=VERTEX_POINT('',#6170);
#1578=VERTEX_POINT('',#6171);
#1579=VERTEX_POINT('',#6173);
#1580=VERTEX_POINT('',#6175);
#1581=VERTEX_POINT('',#6179);
#1582=VERTEX_POINT('',#6181);
#1583=VERTEX_POINT('',#6185);
#1584=VERTEX_POINT('',#6189);
#1585=VERTEX_POINT('',#6214);
#1586=VERTEX_POINT('',#6215);
#1587=VERTEX_POINT('',#6268);
#1588=VERTEX_POINT('',#6271);
#1589=VERTEX_POINT('',#6340);
#1590=VERTEX_POINT('',#6341);
#1591=VERTEX_POINT('',#6392);
#1592=VERTEX_POINT('',#6395);
#1593=VERTEX_POINT('',#6565);
#1594=VERTEX_POINT('',#6566);
#1595=VERTEX_POINT('',#6620);
#1596=VERTEX_POINT('',#6757);
#1597=VERTEX_POINT('',#6774);
#1598=VERTEX_POINT('',#6775);
#1599=VERTEX_POINT('',#6777);
#1600=VERTEX_POINT('',#6779);
#1601=VERTEX_POINT('',#6783);
#1602=VERTEX_POINT('',#6785);
#1603=VERTEX_POINT('',#6789);
#1604=VERTEX_POINT('',#6791);
#1605=VERTEX_POINT('',#6799);
#1606=VERTEX_POINT('',#6813);
#1607=VERTEX_POINT('',#6815);
#1608=VERTEX_POINT('',#6817);
#1609=VERTEX_POINT('',#6824);
#1610=VERTEX_POINT('',#6826);
#1611=VERTEX_POINT('',#6828);
#1612=VERTEX_POINT('',#6830);
#1613=VERTEX_POINT('',#6832);
#1614=VERTEX_POINT('',#6836);
#1615=VERTEX_POINT('',#6841);
#1616=VERTEX_POINT('',#6846);
#1617=VERTEX_POINT('',#6850);
#1618=VERTEX_POINT('',#6852);
#1619=VERTEX_POINT('',#6854);
#1620=VERTEX_POINT('',#6858);
#1621=VERTEX_POINT('',#6860);
#1622=VERTEX_POINT('',#6862);
#1623=VERTEX_POINT('',#6864);
#1624=VERTEX_POINT('',#6866);
#1625=VERTEX_POINT('',#6868);
#1626=VERTEX_POINT('',#6873);
#1627=VERTEX_POINT('',#6875);
#1628=VERTEX_POINT('',#6894);
#1629=VERTEX_POINT('',#6913);
#1630=VERTEX_POINT('',#6932);
#1631=VERTEX_POINT('',#6943);
#1632=VERTEX_POINT('',#6962);
#1633=VERTEX_POINT('',#6981);
#1634=VERTEX_POINT('',#7002);
#1635=VERTEX_POINT('',#7008);
#1636=VERTEX_POINT('',#7012);
#1637=VERTEX_POINT('',#7031);
#1638=VERTEX_POINT('',#7056);
#1639=VERTEX_POINT('',#7058);
#1640=VERTEX_POINT('',#7062);
#1641=VERTEX_POINT('',#7064);
#1642=VERTEX_POINT('',#7066);
#1643=VERTEX_POINT('',#7099);
#1644=VERTEX_POINT('',#7118);
#1645=VERTEX_POINT('',#7157);
#1646=VERTEX_POINT('',#7207);
#1647=VERTEX_POINT('',#7218);
#1648=VERTEX_POINT('',#7222);
#1649=VERTEX_POINT('',#7224);
#1650=VERTEX_POINT('',#7226);
#1651=VERTEX_POINT('',#7228);
#1652=VERTEX_POINT('',#7234);
#1653=VERTEX_POINT('',#7236);
#1654=VERTEX_POINT('',#7337);
#1655=VERTEX_POINT('',#7339);
#1656=VERTEX_POINT('',#7343);
#1657=VERTEX_POINT('',#7345);
#1658=VERTEX_POINT('',#7361);
#1659=VERTEX_POINT('',#7452);
#1660=VERTEX_POINT('',#7453);
#1661=VERTEX_POINT('',#7455);
#1662=VERTEX_POINT('',#7457);
#1663=VERTEX_POINT('',#7461);
#1664=VERTEX_POINT('',#7463);
#1665=VERTEX_POINT('',#7467);
#1666=VERTEX_POINT('',#7469);
#1667=VERTEX_POINT('',#7477);
#1668=VERTEX_POINT('',#7491);
#1669=VERTEX_POINT('',#7493);
#1670=VERTEX_POINT('',#7495);
#1671=VERTEX_POINT('',#7502);
#1672=VERTEX_POINT('',#7504);
#1673=VERTEX_POINT('',#7506);
#1674=VERTEX_POINT('',#7508);
#1675=VERTEX_POINT('',#7510);
#1676=VERTEX_POINT('',#7514);
#1677=VERTEX_POINT('',#7519);
#1678=VERTEX_POINT('',#7524);
#1679=VERTEX_POINT('',#7528);
#1680=VERTEX_POINT('',#7530);
#1681=VERTEX_POINT('',#7532);
#1682=VERTEX_POINT('',#7536);
#1683=VERTEX_POINT('',#7538);
#1684=VERTEX_POINT('',#7540);
#1685=VERTEX_POINT('',#7542);
#1686=VERTEX_POINT('',#7544);
#1687=VERTEX_POINT('',#7546);
#1688=VERTEX_POINT('',#7551);
#1689=VERTEX_POINT('',#7553);
#1690=VERTEX_POINT('',#7572);
#1691=VERTEX_POINT('',#7591);
#1692=VERTEX_POINT('',#7610);
#1693=VERTEX_POINT('',#7621);
#1694=VERTEX_POINT('',#7640);
#1695=VERTEX_POINT('',#7659);
#1696=VERTEX_POINT('',#7680);
#1697=VERTEX_POINT('',#7686);
#1698=VERTEX_POINT('',#7690);
#1699=VERTEX_POINT('',#7709);
#1700=VERTEX_POINT('',#7734);
#1701=VERTEX_POINT('',#7736);
#1702=VERTEX_POINT('',#7740);
#1703=VERTEX_POINT('',#7742);
#1704=VERTEX_POINT('',#7744);
#1705=VERTEX_POINT('',#7777);
#1706=VERTEX_POINT('',#7796);
#1707=VERTEX_POINT('',#7835);
#1708=VERTEX_POINT('',#7885);
#1709=VERTEX_POINT('',#7896);
#1710=VERTEX_POINT('',#7900);
#1711=VERTEX_POINT('',#7902);
#1712=VERTEX_POINT('',#7904);
#1713=VERTEX_POINT('',#7906);
#1714=VERTEX_POINT('',#7912);
#1715=VERTEX_POINT('',#7914);
#1716=VERTEX_POINT('',#8015);
#1717=VERTEX_POINT('',#8017);
#1718=VERTEX_POINT('',#8021);
#1719=VERTEX_POINT('',#8023);
#1720=VERTEX_POINT('',#8039);
#1721=EDGE_CURVE('',#1440,#1441,#1370,.T.);
#1722=EDGE_CURVE('',#1441,#1442,#1328,.T.);
#1723=EDGE_CURVE('',#1442,#1443,#1371,.T.);
#1724=EDGE_CURVE('',#1443,#1440,#1329,.T.);
#1725=EDGE_CURVE('',#1440,#1443,#1330,.T.);
#1726=EDGE_CURVE('',#1442,#1441,#1331,.T.);
#1727=EDGE_CURVE('',#1440,#1443,#891,.T.);
#1728=EDGE_CURVE('',#1444,#1444,#1372,.T.);
#1729=EDGE_CURVE('',#1444,#1445,#97,.T.);
#1730=EDGE_CURVE('',#1445,#1445,#1373,.T.);
#1731=EDGE_CURVE('',#1446,#1446,#1374,.T.);
#1732=EDGE_CURVE('',#1446,#1447,#98,.T.);
#1733=EDGE_CURVE('',#1447,#1447,#1375,.T.);
#1734=EDGE_CURVE('',#1448,#1448,#1376,.T.);
#1735=EDGE_CURVE('',#1448,#1449,#99,.T.);
#1736=EDGE_CURVE('',#1449,#1449,#1377,.T.);
#1737=EDGE_CURVE('',#1450,#1450,#1378,.T.);
#1738=EDGE_CURVE('',#1450,#1451,#100,.T.);
#1739=EDGE_CURVE('',#1451,#1451,#1379,.T.);
#1740=EDGE_CURVE('',#1452,#1453,#93,.T.);
#1741=EDGE_CURVE('',#1454,#1452,#101,.T.);
#1742=EDGE_CURVE('',#1454,#1455,#1380,.T.);
#1743=EDGE_CURVE('',#1455,#1453,#102,.T.);
#1744=EDGE_CURVE('',#1453,#1456,#103,.T.);
#1745=EDGE_CURVE('',#1455,#1457,#104,.T.);
#1746=EDGE_CURVE('',#1457,#1456,#105,.T.);
#1747=EDGE_CURVE('',#1456,#1458,#94,.T.);
#1748=EDGE_CURVE('',#1457,#1459,#1381,.T.);
#1749=EDGE_CURVE('',#1459,#1458,#106,.T.);
#1750=EDGE_CURVE('',#1458,#1460,#107,.T.);
#1751=EDGE_CURVE('',#1459,#1461,#108,.T.);
#1752=EDGE_CURVE('',#1461,#1460,#109,.T.);
#1753=EDGE_CURVE('',#1460,#1462,#95,.T.);
#1754=EDGE_CURVE('',#1461,#1463,#1382,.T.);
#1755=EDGE_CURVE('',#1463,#1462,#110,.T.);
#1756=EDGE_CURVE('',#1462,#1464,#111,.T.);
#1757=EDGE_CURVE('',#1463,#1465,#112,.T.);
#1758=EDGE_CURVE('',#1465,#1464,#113,.T.);
#1759=EDGE_CURVE('',#1464,#1466,#96,.T.);
#1760=EDGE_CURVE('',#1465,#1467,#1383,.T.);
#1761=EDGE_CURVE('',#1467,#1466,#114,.T.);
#1762=EDGE_CURVE('',#1466,#1452,#115,.T.);
#1763=EDGE_CURVE('',#1467,#1454,#116,.T.);
#1764=EDGE_CURVE('',#1468,#1469,#1384,.T.);
#1765=EDGE_CURVE('',#1470,#1468,#1332,.T.);
#1766=EDGE_CURVE('',#1471,#1470,#1385,.T.);
#1767=EDGE_CURVE('',#1469,#1471,#1333,.T.);
#1768=EDGE_CURVE('',#1471,#1469,#1334,.T.);
#1769=EDGE_CURVE('',#1468,#1470,#1335,.T.);
#1770=EDGE_CURVE('',#1468,#1470,#892,.T.);
#1771=EDGE_CURVE('',#1472,#1472,#1386,.T.);
#1772=EDGE_CURVE('',#1472,#1473,#117,.T.);
#1773=EDGE_CURVE('',#1473,#1473,#1387,.T.);
#1774=EDGE_CURVE('',#1474,#1475,#1388,.T.);
#1775=EDGE_CURVE('',#1476,#1474,#1389,.T.);
#1776=EDGE_CURVE('',#1477,#1476,#1390,.T.);
#1777=EDGE_CURVE('',#1478,#1477,#1391,.T.);
#1778=EDGE_CURVE('',#1478,#1479,#118,.T.);
#1779=EDGE_CURVE('',#1480,#1479,#1392,.T.);
#1780=EDGE_CURVE('',#1475,#1480,#119,.T.);
#1781=EDGE_CURVE('',#1475,#1478,#1393,.T.);
#1782=EDGE_CURVE('',#1479,#1480,#1394,.T.);
#1783=EDGE_CURVE('',#1476,#1481,#120,.T.);
#1784=EDGE_CURVE('',#1481,#1477,#121,.T.);
#1785=EDGE_CURVE('',#1474,#1482,#122,.T.);
#1786=EDGE_CURVE('',#1482,#1476,#123,.T.);
#1787=EDGE_CURVE('',#1477,#1483,#124,.T.);
#1788=EDGE_CURVE('',#1483,#1484,#125,.T.);
#1789=EDGE_CURVE('',#1484,#1474,#126,.T.);
#1790=EDGE_CURVE('',#1485,#1486,#1395,.T.);
#1791=EDGE_CURVE('',#1486,#1487,#127,.T.);
#1792=EDGE_CURVE('',#1488,#1487,#1396,.T.);
#1793=EDGE_CURVE('',#1485,#1488,#128,.T.);
#1794=EDGE_CURVE('',#1489,#1485,#129,.T.);
#1795=EDGE_CURVE('',#1490,#1488,#130,.T.);
#1796=EDGE_CURVE('',#1489,#1490,#131,.T.);
#1797=EDGE_CURVE('',#1491,#1489,#132,.T.);
#1798=EDGE_CURVE('',#1492,#1490,#133,.T.);
#1799=EDGE_CURVE('',#1491,#1492,#134,.T.);
#1800=EDGE_CURVE('',#1493,#1494,#135,.T.);
#1801=EDGE_CURVE('',#1494,#1495,#136,.T.);
#1802=EDGE_CURVE('',#1496,#1495,#137,.T.);
#1803=EDGE_CURVE('',#1493,#1496,#138,.T.);
#1804=EDGE_CURVE('',#1493,#1486,#139,.T.);
#1805=EDGE_CURVE('',#1487,#1496,#140,.T.);
#1806=EDGE_CURVE('',#1497,#1491,#141,.T.);
#1807=EDGE_CURVE('',#1498,#1497,#142,.T.);
#1808=EDGE_CURVE('',#1494,#1498,#143,.T.);
#1809=EDGE_CURVE('',#1495,#1499,#144,.T.);
#1810=EDGE_CURVE('',#1500,#1499,#145,.T.);
#1811=EDGE_CURVE('',#1500,#1492,#146,.T.);
#1812=EDGE_CURVE('',#1501,#1497,#147,.T.);
#1813=EDGE_CURVE('',#1502,#1501,#148,.T.);
#1814=EDGE_CURVE('',#1502,#1498,#149,.T.);
#1815=EDGE_CURVE('',#1499,#1481,#150,.T.);
#1816=EDGE_CURVE('',#1500,#1482,#151,.T.);
#1817=EDGE_CURVE('',#1503,#1504,#152,.T.);
#1818=EDGE_CURVE('',#1503,#1505,#153,.T.);
#1819=EDGE_CURVE('',#1506,#1505,#154,.T.);
#1820=EDGE_CURVE('',#1504,#1506,#155,.T.);
#1821=EDGE_CURVE('',#1507,#1508,#156,.T.);
#1822=EDGE_CURVE('',#1507,#1509,#157,.T.);
#1823=EDGE_CURVE('',#1510,#1509,#158,.T.);
#1824=EDGE_CURVE('',#1508,#1510,#159,.T.);
#1825=EDGE_CURVE('',#1508,#1511,#160,.T.);
#1826=EDGE_CURVE('',#1512,#1510,#161,.T.);
#1827=EDGE_CURVE('',#1511,#1512,#162,.T.);
#1828=EDGE_CURVE('',#1513,#1511,#1397,.T.);
#1829=EDGE_CURVE('',#1514,#1512,#1398,.T.);
#1830=EDGE_CURVE('',#1513,#1514,#163,.T.);
#1831=EDGE_CURVE('',#1503,#1513,#164,.T.);
#1832=EDGE_CURVE('',#1505,#1514,#165,.T.);
#1833=EDGE_CURVE('',#1504,#1515,#166,.T.);
#1834=EDGE_CURVE('',#1516,#1515,#167,.T.);
#1835=EDGE_CURVE('',#1516,#1507,#168,.T.);
#1836=EDGE_CURVE('',#1509,#1517,#169,.T.);
#1837=EDGE_CURVE('',#1518,#1517,#170,.T.);
#1838=EDGE_CURVE('',#1518,#1506,#171,.T.);
#1839=EDGE_CURVE('',#1519,#1515,#172,.T.);
#1840=EDGE_CURVE('',#1520,#1519,#173,.T.);
#1841=EDGE_CURVE('',#1520,#1516,#174,.T.);
#1842=EDGE_CURVE('',#1517,#1484,#175,.T.);
#1843=EDGE_CURVE('',#1518,#1483,#176,.T.);
#1844=EDGE_CURVE('',#1519,#1502,#177,.T.);
#1845=EDGE_CURVE('',#1501,#1520,#178,.T.);
#1846=EDGE_CURVE('',#1521,#1521,#1399,.T.);
#1847=EDGE_CURVE('',#1521,#1522,#179,.T.);
#1848=EDGE_CURVE('',#1522,#1522,#1400,.T.);
#1849=EDGE_CURVE('',#1523,#1523,#1401,.T.);
#1850=EDGE_CURVE('',#1523,#1524,#180,.T.);
#1851=EDGE_CURVE('',#1524,#1524,#1402,.T.);
#1852=EDGE_CURVE('',#1525,#1525,#1403,.T.);
#1853=EDGE_CURVE('',#1525,#1526,#181,.T.);
#1854=EDGE_CURVE('',#1526,#1526,#1404,.T.);
#1855=EDGE_CURVE('',#1527,#1527,#1405,.T.);
#1856=EDGE_CURVE('',#1527,#1528,#182,.T.);
#1857=EDGE_CURVE('',#1528,#1528,#1406,.T.);
#1858=EDGE_CURVE('',#1529,#1529,#1407,.T.);
#1859=EDGE_CURVE('',#1529,#1530,#183,.T.);
#1860=EDGE_CURVE('',#1530,#1530,#1408,.T.);
#1861=EDGE_CURVE('',#1531,#1531,#1409,.T.);
#1862=EDGE_CURVE('',#1531,#1532,#184,.T.);
#1863=EDGE_CURVE('',#1532,#1532,#1410,.T.);
#1864=EDGE_CURVE('',#1533,#1533,#1411,.T.);
#1865=EDGE_CURVE('',#1533,#1534,#185,.T.);
#1866=EDGE_CURVE('',#1534,#1534,#1412,.T.);
#1867=EDGE_CURVE('',#1535,#1535,#1413,.T.);
#1868=EDGE_CURVE('',#1535,#1536,#186,.T.);
#1869=EDGE_CURVE('',#1536,#1536,#1414,.T.);
#1870=EDGE_CURVE('',#1537,#1537,#1415,.T.);
#1871=EDGE_CURVE('',#1537,#1538,#187,.T.);
#1872=EDGE_CURVE('',#1538,#1538,#1416,.T.);
#1873=EDGE_CURVE('',#1539,#1539,#1417,.T.);
#1874=EDGE_CURVE('',#1539,#1540,#188,.T.);
#1875=EDGE_CURVE('',#1540,#1540,#1418,.T.);
#1876=EDGE_CURVE('',#1541,#1541,#1419,.T.);
#1877=EDGE_CURVE('',#1541,#1542,#189,.T.);
#1878=EDGE_CURVE('',#1542,#1542,#1420,.T.);
#1879=EDGE_CURVE('',#1543,#1543,#1421,.T.);
#1880=EDGE_CURVE('',#1543,#1544,#190,.T.);
#1881=EDGE_CURVE('',#1544,#1544,#1422,.T.);
#1882=EDGE_CURVE('',#1545,#1545,#1423,.T.);
#1883=EDGE_CURVE('',#1545,#1546,#191,.T.);
#1884=EDGE_CURVE('',#1546,#1546,#1424,.T.);
#1885=EDGE_CURVE('',#1547,#1547,#1425,.T.);
#1886=EDGE_CURVE('',#1548,#1548,#1426,.T.);
#1887=EDGE_CURVE('',#1548,#1547,#192,.T.);
#1888=EDGE_CURVE('',#1549,#1549,#1427,.T.);
#1889=EDGE_CURVE('',#1549,#1550,#193,.T.);
#1890=EDGE_CURVE('',#1550,#1550,#1428,.T.);
#1891=EDGE_CURVE('',#1551,#1551,#1429,.T.);
#1892=EDGE_CURVE('',#1552,#1553,#1430,.T.);
#1893=EDGE_CURVE('',#1553,#1554,#194,.T.);
#1894=EDGE_CURVE('',#1555,#1554,#1431,.T.);
#1895=EDGE_CURVE('',#1555,#1552,#195,.T.);
#1896=EDGE_CURVE('',#1556,#1557,#1432,.T.);
#1897=EDGE_CURVE('',#1558,#1557,#196,.T.);
#1898=EDGE_CURVE('',#1559,#1558,#1433,.T.);
#1899=EDGE_CURVE('',#1556,#1559,#197,.T.);
#1900=EDGE_CURVE('',#1553,#1560,#198,.T.);
#1901=EDGE_CURVE('',#1561,#1560,#199,.T.);
#1902=EDGE_CURVE('',#1554,#1561,#200,.T.);
#1903=EDGE_CURVE('',#1562,#1561,#1434,.T.);
#1904=EDGE_CURVE('',#1555,#1562,#201,.T.);
#1905=EDGE_CURVE('',#1563,#1562,#202,.T.);
#1906=EDGE_CURVE('',#1552,#1563,#203,.T.);
#1907=EDGE_CURVE('',#1557,#1564,#204,.T.);
#1908=EDGE_CURVE('',#1565,#1564,#205,.T.);
#1909=EDGE_CURVE('',#1558,#1565,#206,.T.);
#1910=EDGE_CURVE('',#1566,#1565,#1435,.T.);
#1911=EDGE_CURVE('',#1559,#1566,#207,.T.);
#1912=EDGE_CURVE('',#1567,#1566,#208,.T.);
#1913=EDGE_CURVE('',#1556,#1567,#209,.T.);
#1914=EDGE_CURVE('',#1568,#1567,#1436,.T.);
#1915=EDGE_CURVE('',#1568,#1551,#210,.T.);
#1916=EDGE_CURVE('',#1560,#1568,#1437,.T.);
#1917=EDGE_CURVE('',#1564,#1563,#1438,.T.);
#1918=EDGE_CURVE('',#1569,#1570,#211,.T.);
#1919=EDGE_CURVE('',#1569,#1571,#212,.T.);
#1920=EDGE_CURVE('',#1572,#1571,#213,.T.);
#1921=EDGE_CURVE('',#1570,#1572,#214,.T.);
#1922=EDGE_CURVE('',#1570,#1573,#215,.T.);
#1923=EDGE_CURVE('',#1574,#1572,#216,.T.);
#1924=EDGE_CURVE('',#1573,#1574,#217,.T.);
#1925=EDGE_CURVE('',#1573,#1575,#218,.T.);
#1926=EDGE_CURVE('',#1576,#1574,#219,.T.);
#1927=EDGE_CURVE('',#1575,#1576,#220,.T.);
#1928=EDGE_CURVE('',#1575,#1569,#221,.T.);
#1929=EDGE_CURVE('',#1571,#1576,#222,.T.);
#1930=EDGE_CURVE('',#1577,#1578,#223,.T.);
#1931=EDGE_CURVE('',#1579,#1577,#224,.T.);
#1932=EDGE_CURVE('',#1580,#1579,#225,.T.);
#1933=EDGE_CURVE('',#1578,#1580,#226,.T.);
#1934=EDGE_CURVE('',#1579,#1581,#227,.T.);
#1935=EDGE_CURVE('',#1582,#1581,#228,.T.);
#1936=EDGE_CURVE('',#1580,#1582,#229,.T.);
#1937=EDGE_CURVE('',#1577,#1583,#230,.T.);
#1938=EDGE_CURVE('',#1581,#1583,#231,.T.);
#1939=EDGE_CURVE('',#1584,#1582,#232,.T.);
#1940=EDGE_CURVE('',#1578,#1584,#233,.T.);
#1941=EDGE_CURVE('',#1583,#1584,#234,.T.);
#1942=EDGE_CURVE('',#1585,#1586,#1336,.T.);
#1943=EDGE_CURVE('',#1586,#1585,#1337,.T.);
#1944=EDGE_CURVE('',#1586,#1587,#1338,.T.);
#1945=EDGE_CURVE('',#1588,#1587,#1339,.T.);
#1946=EDGE_CURVE('',#1587,#1588,#1340,.T.);
#1947=EDGE_CURVE('',#1589,#1590,#1341,.T.);
#1948=EDGE_CURVE('',#1590,#1589,#1342,.T.);
#1949=EDGE_CURVE('',#1590,#1591,#1343,.T.);
#1950=EDGE_CURVE('',#1592,#1591,#1344,.T.);
#1951=EDGE_CURVE('',#1591,#1592,#1345,.T.);
#1952=EDGE_CURVE('',#1593,#1594,#1346,.T.);
#1953=EDGE_CURVE('',#1593,#1593,#1347,.T.);
#1954=EDGE_CURVE('',#1595,#1595,#1439,.T.);
#1955=EDGE_CURVE('',#1595,#1596,#893,.T.);
#1956=EDGE_CURVE('',#1597,#1598,#235,.T.);
#1957=EDGE_CURVE('',#1597,#1599,#236,.T.);
#1958=EDGE_CURVE('',#1600,#1599,#237,.T.);
#1959=EDGE_CURVE('',#1598,#1600,#238,.T.);
#1960=EDGE_CURVE('',#1598,#1601,#239,.T.);
#1961=EDGE_CURVE('',#1602,#1600,#240,.T.);
#1962=EDGE_CURVE('',#1601,#1602,#241,.T.);
#1963=EDGE_CURVE('',#1601,#1603,#242,.T.);
#1964=EDGE_CURVE('',#1604,#1602,#243,.T.);
#1965=EDGE_CURVE('',#1603,#1604,#244,.T.);
#1966=EDGE_CURVE('',#1603,#1597,#245,.T.);
#1967=EDGE_CURVE('',#1599,#1604,#246,.T.);
#1968=EDGE_CURVE('',#1605,#1598,#1348,.T.);
#1969=EDGE_CURVE('',#1597,#1605,#1349,.T.);
#1970=EDGE_CURVE('',#1606,#1601,#247,.T.);
#1971=EDGE_CURVE('',#1607,#1606,#248,.T.);
#1972=EDGE_CURVE('',#1608,#1607,#249,.T.);
#1973=EDGE_CURVE('',#1598,#1608,#1350,.T.);
#1974=EDGE_CURVE('',#1609,#1603,#250,.T.);
#1975=EDGE_CURVE('',#1610,#1609,#251,.T.);
#1976=EDGE_CURVE('',#1611,#1610,#252,.T.);
#1977=EDGE_CURVE('',#1612,#1611,#253,.T.);
#1978=EDGE_CURVE('',#1613,#1612,#254,.T.);
#1979=EDGE_CURVE('',#1601,#1613,#255,.T.);
#1980=EDGE_CURVE('',#1614,#1597,#1351,.T.);
#1981=EDGE_CURVE('',#1615,#1614,#1352,.T.);
#1982=EDGE_CURVE('',#1616,#1615,#256,.T.);
#1983=EDGE_CURVE('',#1603,#1616,#257,.T.);
#1984=EDGE_CURVE('',#1616,#1617,#258,.T.);
#1985=EDGE_CURVE('',#1618,#1617,#259,.T.);
#1986=EDGE_CURVE('',#1619,#1618,#260,.T.);
#1987=EDGE_CURVE('',#1619,#1609,#261,.T.);
#1988=EDGE_CURVE('',#1620,#1615,#262,.T.);
#1989=EDGE_CURVE('',#1621,#1620,#263,.T.);
#1990=EDGE_CURVE('',#1622,#1621,#264,.T.);
#1991=EDGE_CURVE('',#1623,#1622,#265,.T.);
#1992=EDGE_CURVE('',#1624,#1623,#266,.T.);
#1993=EDGE_CURVE('',#1624,#1625,#1353,.T.);
#1994=EDGE_CURVE('',#1626,#1625,#267,.T.);
#1995=EDGE_CURVE('',#1627,#1626,#268,.T.);
#1996=EDGE_CURVE('',#1617,#1627,#269,.T.);
#1997=EDGE_CURVE('',#1628,#1605,#270,.T.);
#1998=EDGE_CURVE('',#1628,#1620,#271,.T.);
#1999=EDGE_CURVE('',#1629,#1607,#272,.T.);
#2000=EDGE_CURVE('',#1628,#1629,#273,.T.);
#2001=EDGE_CURVE('',#1630,#1624,#1354,.T.);
#2002=EDGE_CURVE('',#1631,#1623,#274,.T.);
#2003=EDGE_CURVE('',#1630,#1631,#275,.T.);
#2004=EDGE_CURVE('',#1631,#1632,#276,.T.);
#2005=EDGE_CURVE('',#1632,#1622,#277,.T.);
#2006=EDGE_CURVE('',#1632,#1633,#278,.T.);
#2007=EDGE_CURVE('',#1633,#1621,#279,.T.);
#2008=EDGE_CURVE('',#1633,#1628,#280,.T.);
#2009=EDGE_CURVE('',#1634,#1610,#281,.T.);
#2010=EDGE_CURVE('',#1611,#1634,#282,.T.);
#2011=EDGE_CURVE('',#1634,#1619,#283,.T.);
#2012=EDGE_CURVE('',#1618,#1635,#284,.T.);
#2013=EDGE_CURVE('',#1635,#1627,#285,.T.);
#2014=EDGE_CURVE('',#1635,#1636,#286,.T.);
#2015=EDGE_CURVE('',#1636,#1626,#287,.T.);
#2016=EDGE_CURVE('',#1625,#1637,#1355,.T.);
#2017=EDGE_CURVE('',#1636,#1637,#288,.T.);
#2018=EDGE_CURVE('',#1630,#1631,#289,.T.);
#2019=EDGE_CURVE('',#1631,#1638,#290,.T.);
#2020=EDGE_CURVE('',#1639,#1638,#291,.T.);
#2021=EDGE_CURVE('',#1637,#1639,#292,.T.);
#2022=EDGE_CURVE('',#1638,#1640,#293,.T.);
#2023=EDGE_CURVE('',#1640,#1641,#294,.T.);
#2024=EDGE_CURVE('',#1641,#1642,#894,.T.);
#2025=EDGE_CURVE('',#1642,#1639,#295,.T.);
#2026=EDGE_CURVE('',#1631,#1643,#296,.T.);
#2027=EDGE_CURVE('',#1643,#1640,#297,.T.);
#2028=EDGE_CURVE('',#1643,#1644,#298,.T.);
#2029=EDGE_CURVE('',#1644,#1641,#299,.T.);
#2030=EDGE_CURVE('',#1644,#1645,#895,.T.);
#2031=EDGE_CURVE('',#1645,#1642,#300,.T.);
#2032=EDGE_CURVE('',#1645,#1637,#301,.T.);
#2033=EDGE_CURVE('',#1630,#1646,#1356,.T.);
#2034=EDGE_CURVE('',#1631,#1647,#302,.T.);
#2035=EDGE_CURVE('',#1646,#1647,#303,.T.);
#2036=EDGE_CURVE('',#1606,#1648,#304,.T.);
#2037=EDGE_CURVE('',#1648,#1649,#305,.T.);
#2038=EDGE_CURVE('',#1649,#1650,#306,.T.);
#2039=EDGE_CURVE('',#1650,#1651,#307,.T.);
#2040=EDGE_CURVE('',#1646,#1651,#1357,.T.);
#2041=EDGE_CURVE('',#1647,#1652,#308,.T.);
#2042=EDGE_CURVE('',#1652,#1653,#309,.T.);
#2043=EDGE_CURVE('',#1653,#1629,#310,.T.);
#2044=EDGE_CURVE('',#1632,#1652,#311,.T.);
#2045=EDGE_CURVE('',#1633,#1653,#312,.T.);
#2046=EDGE_CURVE('',#1634,#1612,#313,.T.);
#2047=EDGE_CURVE('',#1619,#1613,#314,.T.);
#2048=EDGE_CURVE('',#1618,#1648,#315,.T.);
#2049=EDGE_CURVE('',#1635,#1649,#316,.T.);
#2050=EDGE_CURVE('',#1636,#1650,#317,.T.);
#2051=EDGE_CURVE('',#1651,#1637,#1358,.T.);
#2052=EDGE_CURVE('',#1637,#1654,#318,.T.);
#2053=EDGE_CURVE('',#1654,#1655,#319,.T.);
#2054=EDGE_CURVE('',#1631,#1655,#320,.T.);
#2055=EDGE_CURVE('',#1656,#1654,#321,.T.);
#2056=EDGE_CURVE('',#1657,#1656,#896,.T.);
#2057=EDGE_CURVE('',#1658,#1657,#322,.T.);
#2058=EDGE_CURVE('',#1655,#1658,#323,.T.);
#2059=EDGE_CURVE('',#1643,#1658,#324,.T.);
#2060=EDGE_CURVE('',#1644,#1657,#325,.T.);
#2061=EDGE_CURVE('',#1645,#1656,#326,.T.);
#2062=EDGE_CURVE('',#1659,#1660,#327,.T.);
#2063=EDGE_CURVE('',#1659,#1661,#328,.T.);
#2064=EDGE_CURVE('',#1662,#1661,#329,.T.);
#2065=EDGE_CURVE('',#1660,#1662,#330,.T.);
#2066=EDGE_CURVE('',#1660,#1663,#331,.T.);
#2067=EDGE_CURVE('',#1664,#1662,#332,.T.);
#2068=EDGE_CURVE('',#1663,#1664,#333,.T.);
#2069=EDGE_CURVE('',#1663,#1665,#334,.T.);
#2070=EDGE_CURVE('',#1666,#1664,#335,.T.);
#2071=EDGE_CURVE('',#1665,#1666,#336,.T.);
#2072=EDGE_CURVE('',#1665,#1659,#337,.T.);
#2073=EDGE_CURVE('',#1661,#1666,#338,.T.);
#2074=EDGE_CURVE('',#1667,#1660,#1359,.T.);
#2075=EDGE_CURVE('',#1659,#1667,#1360,.T.);
#2076=EDGE_CURVE('',#1668,#1663,#339,.T.);
#2077=EDGE_CURVE('',#1669,#1668,#340,.T.);
#2078=EDGE_CURVE('',#1670,#1669,#341,.T.);
#2079=EDGE_CURVE('',#1660,#1670,#1361,.T.);
#2080=EDGE_CURVE('',#1671,#1665,#342,.T.);
#2081=EDGE_CURVE('',#1672,#1671,#343,.T.);
#2082=EDGE_CURVE('',#1673,#1672,#344,.T.);
#2083=EDGE_CURVE('',#1674,#1673,#345,.T.);
#2084=EDGE_CURVE('',#1675,#1674,#346,.T.);
#2085=EDGE_CURVE('',#1663,#1675,#347,.T.);
#2086=EDGE_CURVE('',#1676,#1659,#1362,.T.);
#2087=EDGE_CURVE('',#1677,#1676,#1363,.T.);
#2088=EDGE_CURVE('',#1678,#1677,#348,.T.);
#2089=EDGE_CURVE('',#1665,#1678,#349,.T.);
#2090=EDGE_CURVE('',#1678,#1679,#350,.T.);
#2091=EDGE_CURVE('',#1680,#1679,#351,.T.);
#2092=EDGE_CURVE('',#1681,#1680,#352,.T.);
#2093=EDGE_CURVE('',#1681,#1671,#353,.T.);
#2094=EDGE_CURVE('',#1682,#1677,#354,.T.);
#2095=EDGE_CURVE('',#1683,#1682,#355,.T.);
#2096=EDGE_CURVE('',#1684,#1683,#356,.T.);
#2097=EDGE_CURVE('',#1685,#1684,#357,.T.);
#2098=EDGE_CURVE('',#1686,#1685,#358,.T.);
#2099=EDGE_CURVE('',#1686,#1687,#1364,.T.);
#2100=EDGE_CURVE('',#1688,#1687,#359,.T.);
#2101=EDGE_CURVE('',#1689,#1688,#360,.T.);
#2102=EDGE_CURVE('',#1679,#1689,#361,.T.);
#2103=EDGE_CURVE('',#1690,#1667,#362,.T.);
#2104=EDGE_CURVE('',#1690,#1682,#363,.T.);
#2105=EDGE_CURVE('',#1691,#1669,#364,.T.);
#2106=EDGE_CURVE('',#1690,#1691,#365,.T.);
#2107=EDGE_CURVE('',#1692,#1686,#1365,.T.);
#2108=EDGE_CURVE('',#1693,#1685,#366,.T.);
#2109=EDGE_CURVE('',#1692,#1693,#367,.T.);
#2110=EDGE_CURVE('',#1693,#1694,#368,.T.);
#2111=EDGE_CURVE('',#1694,#1684,#369,.T.);
#2112=EDGE_CURVE('',#1694,#1695,#370,.T.);
#2113=EDGE_CURVE('',#1695,#1683,#371,.T.);
#2114=EDGE_CURVE('',#1695,#1690,#372,.T.);
#2115=EDGE_CURVE('',#1696,#1672,#373,.T.);
#2116=EDGE_CURVE('',#1673,#1696,#374,.T.);
#2117=EDGE_CURVE('',#1696,#1681,#375,.T.);
#2118=EDGE_CURVE('',#1680,#1697,#376,.T.);
#2119=EDGE_CURVE('',#1697,#1689,#377,.T.);
#2120=EDGE_CURVE('',#1697,#1698,#378,.T.);
#2121=EDGE_CURVE('',#1698,#1688,#379,.T.);
#2122=EDGE_CURVE('',#1687,#1699,#1366,.T.);
#2123=EDGE_CURVE('',#1698,#1699,#380,.T.);
#2124=EDGE_CURVE('',#1692,#1693,#381,.T.);
#2125=EDGE_CURVE('',#1693,#1700,#382,.T.);
#2126=EDGE_CURVE('',#1701,#1700,#383,.T.);
#2127=EDGE_CURVE('',#1699,#1701,#384,.T.);
#2128=EDGE_CURVE('',#1700,#1702,#385,.T.);
#2129=EDGE_CURVE('',#1702,#1703,#386,.T.);
#2130=EDGE_CURVE('',#1703,#1704,#897,.T.);
#2131=EDGE_CURVE('',#1704,#1701,#387,.T.);
#2132=EDGE_CURVE('',#1693,#1705,#388,.T.);
#2133=EDGE_CURVE('',#1705,#1702,#389,.T.);
#2134=EDGE_CURVE('',#1705,#1706,#390,.T.);
#2135=EDGE_CURVE('',#1706,#1703,#391,.T.);
#2136=EDGE_CURVE('',#1706,#1707,#898,.T.);
#2137=EDGE_CURVE('',#1707,#1704,#392,.T.);
#2138=EDGE_CURVE('',#1707,#1699,#393,.T.);
#2139=EDGE_CURVE('',#1692,#1708,#1367,.T.);
#2140=EDGE_CURVE('',#1693,#1709,#394,.T.);
#2141=EDGE_CURVE('',#1708,#1709,#395,.T.);
#2142=EDGE_CURVE('',#1668,#1710,#396,.T.);
#2143=EDGE_CURVE('',#1710,#1711,#397,.T.);
#2144=EDGE_CURVE('',#1711,#1712,#398,.T.);
#2145=EDGE_CURVE('',#1712,#1713,#399,.T.);
#2146=EDGE_CURVE('',#1708,#1713,#1368,.T.);
#2147=EDGE_CURVE('',#1709,#1714,#400,.T.);
#2148=EDGE_CURVE('',#1714,#1715,#401,.T.);
#2149=EDGE_CURVE('',#1715,#1691,#402,.T.);
#2150=EDGE_CURVE('',#1694,#1714,#403,.T.);
#2151=EDGE_CURVE('',#1695,#1715,#404,.T.);
#2152=EDGE_CURVE('',#1696,#1674,#405,.T.);
#2153=EDGE_CURVE('',#1681,#1675,#406,.T.);
#2154=EDGE_CURVE('',#1680,#1710,#407,.T.);
#2155=EDGE_CURVE('',#1697,#1711,#408,.T.);
#2156=EDGE_CURVE('',#1698,#1712,#409,.T.);
#2157=EDGE_CURVE('',#1713,#1699,#1369,.T.);
#2158=EDGE_CURVE('',#1699,#1716,#410,.T.);
#2159=EDGE_CURVE('',#1716,#1717,#411,.T.);
#2160=EDGE_CURVE('',#1693,#1717,#412,.T.);
#2161=EDGE_CURVE('',#1718,#1716,#413,.T.);
#2162=EDGE_CURVE('',#1719,#1718,#899,.T.);
#2163=EDGE_CURVE('',#1720,#1719,#414,.T.);
#2164=EDGE_CURVE('',#1717,#1720,#415,.T.);
#2165=EDGE_CURVE('',#1705,#1720,#416,.T.);
#2166=EDGE_CURVE('',#1706,#1719,#417,.T.);
#2167=EDGE_CURVE('',#1707,#1718,#418,.T.);
#2168=ORIENTED_EDGE('',*,*,#1721,.T.);
#2169=ORIENTED_EDGE('',*,*,#1722,.T.);
#2170=ORIENTED_EDGE('',*,*,#1723,.T.);
#2171=ORIENTED_EDGE('',*,*,#1724,.T.);
#2172=ORIENTED_EDGE('',*,*,#1721,.F.);
#2173=ORIENTED_EDGE('',*,*,#1725,.T.);
#2174=ORIENTED_EDGE('',*,*,#1723,.F.);
#2175=ORIENTED_EDGE('',*,*,#1726,.T.);
#2176=ORIENTED_EDGE('',*,*,#1724,.F.);
#2177=ORIENTED_EDGE('',*,*,#1727,.F.);
#2178=ORIENTED_EDGE('',*,*,#1722,.F.);
#2179=ORIENTED_EDGE('',*,*,#1726,.F.);
#2180=ORIENTED_EDGE('',*,*,#1725,.F.);
#2181=ORIENTED_EDGE('',*,*,#1727,.T.);
#2182=ORIENTED_EDGE('',*,*,#1728,.F.);
#2183=ORIENTED_EDGE('',*,*,#1729,.T.);
#2184=ORIENTED_EDGE('',*,*,#1730,.F.);
#2185=ORIENTED_EDGE('',*,*,#1729,.F.);
#2186=ORIENTED_EDGE('',*,*,#1728,.T.);
#2187=ORIENTED_EDGE('',*,*,#1731,.F.);
#2188=ORIENTED_EDGE('',*,*,#1732,.T.);
#2189=ORIENTED_EDGE('',*,*,#1733,.F.);
#2190=ORIENTED_EDGE('',*,*,#1732,.F.);
#2191=ORIENTED_EDGE('',*,*,#1731,.T.);
#2192=ORIENTED_EDGE('',*,*,#1734,.F.);
#2193=ORIENTED_EDGE('',*,*,#1735,.T.);
#2194=ORIENTED_EDGE('',*,*,#1736,.F.);
#2195=ORIENTED_EDGE('',*,*,#1735,.F.);
#2196=ORIENTED_EDGE('',*,*,#1734,.T.);
#2197=ORIENTED_EDGE('',*,*,#1737,.F.);
#2198=ORIENTED_EDGE('',*,*,#1738,.T.);
#2199=ORIENTED_EDGE('',*,*,#1739,.F.);
#2200=ORIENTED_EDGE('',*,*,#1738,.F.);
#2201=ORIENTED_EDGE('',*,*,#1737,.T.);
#2202=ORIENTED_EDGE('',*,*,#1740,.F.);
#2203=ORIENTED_EDGE('',*,*,#1741,.F.);
#2204=ORIENTED_EDGE('',*,*,#1742,.T.);
#2205=ORIENTED_EDGE('',*,*,#1743,.T.);
#2206=ORIENTED_EDGE('',*,*,#1744,.F.);
#2207=ORIENTED_EDGE('',*,*,#1743,.F.);
#2208=ORIENTED_EDGE('',*,*,#1745,.T.);
#2209=ORIENTED_EDGE('',*,*,#1746,.T.);
#2210=ORIENTED_EDGE('',*,*,#1747,.F.);
#2211=ORIENTED_EDGE('',*,*,#1746,.F.);
#2212=ORIENTED_EDGE('',*,*,#1748,.T.);
#2213=ORIENTED_EDGE('',*,*,#1749,.T.);
#2214=ORIENTED_EDGE('',*,*,#1750,.F.);
#2215=ORIENTED_EDGE('',*,*,#1749,.F.);
#2216=ORIENTED_EDGE('',*,*,#1751,.T.);
#2217=ORIENTED_EDGE('',*,*,#1752,.T.);
#2218=ORIENTED_EDGE('',*,*,#1753,.F.);
#2219=ORIENTED_EDGE('',*,*,#1752,.F.);
#2220=ORIENTED_EDGE('',*,*,#1754,.T.);
#2221=ORIENTED_EDGE('',*,*,#1755,.T.);
#2222=ORIENTED_EDGE('',*,*,#1756,.F.);
#2223=ORIENTED_EDGE('',*,*,#1755,.F.);
#2224=ORIENTED_EDGE('',*,*,#1757,.T.);
#2225=ORIENTED_EDGE('',*,*,#1758,.T.);
#2226=ORIENTED_EDGE('',*,*,#1759,.F.);
#2227=ORIENTED_EDGE('',*,*,#1758,.F.);
#2228=ORIENTED_EDGE('',*,*,#1760,.T.);
#2229=ORIENTED_EDGE('',*,*,#1761,.T.);
#2230=ORIENTED_EDGE('',*,*,#1762,.F.);
#2231=ORIENTED_EDGE('',*,*,#1761,.F.);
#2232=ORIENTED_EDGE('',*,*,#1763,.T.);
#2233=ORIENTED_EDGE('',*,*,#1741,.T.);
#2234=ORIENTED_EDGE('',*,*,#1751,.F.);
#2235=ORIENTED_EDGE('',*,*,#1748,.F.);
#2236=ORIENTED_EDGE('',*,*,#1745,.F.);
#2237=ORIENTED_EDGE('',*,*,#1742,.F.);
#2238=ORIENTED_EDGE('',*,*,#1763,.F.);
#2239=ORIENTED_EDGE('',*,*,#1760,.F.);
#2240=ORIENTED_EDGE('',*,*,#1757,.F.);
#2241=ORIENTED_EDGE('',*,*,#1754,.F.);
#2242=ORIENTED_EDGE('',*,*,#1730,.T.);
#2243=ORIENTED_EDGE('',*,*,#1733,.T.);
#2244=ORIENTED_EDGE('',*,*,#1736,.T.);
#2245=ORIENTED_EDGE('',*,*,#1739,.T.);
#2246=ORIENTED_EDGE('',*,*,#1764,.F.);
#2247=ORIENTED_EDGE('',*,*,#1765,.F.);
#2248=ORIENTED_EDGE('',*,*,#1766,.F.);
#2249=ORIENTED_EDGE('',*,*,#1767,.F.);
#2250=ORIENTED_EDGE('',*,*,#1764,.T.);
#2251=ORIENTED_EDGE('',*,*,#1768,.F.);
#2252=ORIENTED_EDGE('',*,*,#1766,.T.);
#2253=ORIENTED_EDGE('',*,*,#1769,.F.);
#2254=ORIENTED_EDGE('',*,*,#1765,.T.);
#2255=ORIENTED_EDGE('',*,*,#1770,.T.);
#2256=ORIENTED_EDGE('',*,*,#1767,.T.);
#2257=ORIENTED_EDGE('',*,*,#1768,.T.);
#2258=ORIENTED_EDGE('',*,*,#1753,.T.);
#2259=ORIENTED_EDGE('',*,*,#1756,.T.);
#2260=ORIENTED_EDGE('',*,*,#1759,.T.);
#2261=ORIENTED_EDGE('',*,*,#1762,.T.);
#2262=ORIENTED_EDGE('',*,*,#1740,.T.);
#2263=ORIENTED_EDGE('',*,*,#1744,.T.);
#2264=ORIENTED_EDGE('',*,*,#1747,.T.);
#2265=ORIENTED_EDGE('',*,*,#1750,.T.);
#2266=ORIENTED_EDGE('',*,*,#1769,.T.);
#2267=ORIENTED_EDGE('',*,*,#1770,.F.);
#2268=ORIENTED_EDGE('',*,*,#1771,.F.);
#2269=ORIENTED_EDGE('',*,*,#1772,.T.);
#2270=ORIENTED_EDGE('',*,*,#1773,.F.);
#2271=ORIENTED_EDGE('',*,*,#1772,.F.);
#2272=ORIENTED_EDGE('',*,*,#1771,.T.);
#2273=ORIENTED_EDGE('',*,*,#1774,.F.);
#2274=ORIENTED_EDGE('',*,*,#1775,.F.);
#2275=ORIENTED_EDGE('',*,*,#1776,.F.);
#2276=ORIENTED_EDGE('',*,*,#1777,.F.);
#2277=ORIENTED_EDGE('',*,*,#1778,.T.);
#2278=ORIENTED_EDGE('',*,*,#1779,.F.);
#2279=ORIENTED_EDGE('',*,*,#1780,.F.);
#2280=ORIENTED_EDGE('',*,*,#1781,.F.);
#2281=ORIENTED_EDGE('',*,*,#1780,.T.);
#2282=ORIENTED_EDGE('',*,*,#1782,.F.);
#2283=ORIENTED_EDGE('',*,*,#1778,.F.);
#2284=ORIENTED_EDGE('',*,*,#1782,.T.);
#2285=ORIENTED_EDGE('',*,*,#1779,.T.);
#2286=ORIENTED_EDGE('',*,*,#1773,.T.);
#2287=ORIENTED_EDGE('',*,*,#1776,.T.);
#2288=ORIENTED_EDGE('',*,*,#1783,.T.);
#2289=ORIENTED_EDGE('',*,*,#1784,.T.);
#2290=ORIENTED_EDGE('',*,*,#1775,.T.);
#2291=ORIENTED_EDGE('',*,*,#1785,.T.);
#2292=ORIENTED_EDGE('',*,*,#1786,.T.);
#2293=ORIENTED_EDGE('',*,*,#1774,.T.);
#2294=ORIENTED_EDGE('',*,*,#1781,.T.);
#2295=ORIENTED_EDGE('',*,*,#1777,.T.);
#2296=ORIENTED_EDGE('',*,*,#1787,.T.);
#2297=ORIENTED_EDGE('',*,*,#1788,.T.);
#2298=ORIENTED_EDGE('',*,*,#1789,.T.);
#2299=ORIENTED_EDGE('',*,*,#1790,.T.);
#2300=ORIENTED_EDGE('',*,*,#1791,.T.);
#2301=ORIENTED_EDGE('',*,*,#1792,.F.);
#2302=ORIENTED_EDGE('',*,*,#1793,.F.);
#2303=ORIENTED_EDGE('',*,*,#1794,.T.);
#2304=ORIENTED_EDGE('',*,*,#1793,.T.);
#2305=ORIENTED_EDGE('',*,*,#1795,.F.);
#2306=ORIENTED_EDGE('',*,*,#1796,.F.);
#2307=ORIENTED_EDGE('',*,*,#1797,.T.);
#2308=ORIENTED_EDGE('',*,*,#1796,.T.);
#2309=ORIENTED_EDGE('',*,*,#1798,.F.);
#2310=ORIENTED_EDGE('',*,*,#1799,.F.);
#2311=ORIENTED_EDGE('',*,*,#1800,.T.);
#2312=ORIENTED_EDGE('',*,*,#1801,.T.);
#2313=ORIENTED_EDGE('',*,*,#1802,.F.);
#2314=ORIENTED_EDGE('',*,*,#1803,.F.);
#2315=ORIENTED_EDGE('',*,*,#1804,.F.);
#2316=ORIENTED_EDGE('',*,*,#1803,.T.);
#2317=ORIENTED_EDGE('',*,*,#1805,.F.);
#2318=ORIENTED_EDGE('',*,*,#1791,.F.);
#2319=ORIENTED_EDGE('',*,*,#1804,.T.);
#2320=ORIENTED_EDGE('',*,*,#1790,.F.);
#2321=ORIENTED_EDGE('',*,*,#1794,.F.);
#2322=ORIENTED_EDGE('',*,*,#1797,.F.);
#2323=ORIENTED_EDGE('',*,*,#1806,.F.);
#2324=ORIENTED_EDGE('',*,*,#1807,.F.);
#2325=ORIENTED_EDGE('',*,*,#1808,.F.);
#2326=ORIENTED_EDGE('',*,*,#1800,.F.);
#2327=ORIENTED_EDGE('',*,*,#1805,.T.);
#2328=ORIENTED_EDGE('',*,*,#1802,.T.);
#2329=ORIENTED_EDGE('',*,*,#1809,.T.);
#2330=ORIENTED_EDGE('',*,*,#1810,.F.);
#2331=ORIENTED_EDGE('',*,*,#1811,.T.);
#2332=ORIENTED_EDGE('',*,*,#1798,.T.);
#2333=ORIENTED_EDGE('',*,*,#1795,.T.);
#2334=ORIENTED_EDGE('',*,*,#1792,.T.);
#2335=ORIENTED_EDGE('',*,*,#1807,.T.);
#2336=ORIENTED_EDGE('',*,*,#1812,.F.);
#2337=ORIENTED_EDGE('',*,*,#1813,.F.);
#2338=ORIENTED_EDGE('',*,*,#1814,.T.);
#2339=ORIENTED_EDGE('',*,*,#1810,.T.);
#2340=ORIENTED_EDGE('',*,*,#1815,.T.);
#2341=ORIENTED_EDGE('',*,*,#1783,.F.);
#2342=ORIENTED_EDGE('',*,*,#1786,.F.);
#2343=ORIENTED_EDGE('',*,*,#1816,.F.);
#2344=ORIENTED_EDGE('',*,*,#1817,.F.);
#2345=ORIENTED_EDGE('',*,*,#1818,.T.);
#2346=ORIENTED_EDGE('',*,*,#1819,.F.);
#2347=ORIENTED_EDGE('',*,*,#1820,.F.);
#2348=ORIENTED_EDGE('',*,*,#1821,.F.);
#2349=ORIENTED_EDGE('',*,*,#1822,.T.);
#2350=ORIENTED_EDGE('',*,*,#1823,.F.);
#2351=ORIENTED_EDGE('',*,*,#1824,.F.);
#2352=ORIENTED_EDGE('',*,*,#1825,.F.);
#2353=ORIENTED_EDGE('',*,*,#1824,.T.);
#2354=ORIENTED_EDGE('',*,*,#1826,.F.);
#2355=ORIENTED_EDGE('',*,*,#1827,.F.);
#2356=ORIENTED_EDGE('',*,*,#1828,.T.);
#2357=ORIENTED_EDGE('',*,*,#1827,.T.);
#2358=ORIENTED_EDGE('',*,*,#1829,.F.);
#2359=ORIENTED_EDGE('',*,*,#1830,.F.);
#2360=ORIENTED_EDGE('',*,*,#1831,.T.);
#2361=ORIENTED_EDGE('',*,*,#1830,.T.);
#2362=ORIENTED_EDGE('',*,*,#1832,.F.);
#2363=ORIENTED_EDGE('',*,*,#1818,.F.);
#2364=ORIENTED_EDGE('',*,*,#1831,.F.);
#2365=ORIENTED_EDGE('',*,*,#1817,.T.);
#2366=ORIENTED_EDGE('',*,*,#1833,.T.);
#2367=ORIENTED_EDGE('',*,*,#1834,.F.);
#2368=ORIENTED_EDGE('',*,*,#1835,.T.);
#2369=ORIENTED_EDGE('',*,*,#1821,.T.);
#2370=ORIENTED_EDGE('',*,*,#1825,.T.);
#2371=ORIENTED_EDGE('',*,*,#1828,.F.);
#2372=ORIENTED_EDGE('',*,*,#1832,.T.);
#2373=ORIENTED_EDGE('',*,*,#1829,.T.);
#2374=ORIENTED_EDGE('',*,*,#1826,.T.);
#2375=ORIENTED_EDGE('',*,*,#1823,.T.);
#2376=ORIENTED_EDGE('',*,*,#1836,.T.);
#2377=ORIENTED_EDGE('',*,*,#1837,.F.);
#2378=ORIENTED_EDGE('',*,*,#1838,.T.);
#2379=ORIENTED_EDGE('',*,*,#1819,.T.);
#2380=ORIENTED_EDGE('',*,*,#1834,.T.);
#2381=ORIENTED_EDGE('',*,*,#1839,.F.);
#2382=ORIENTED_EDGE('',*,*,#1840,.F.);
#2383=ORIENTED_EDGE('',*,*,#1841,.T.);
#2384=ORIENTED_EDGE('',*,*,#1837,.T.);
#2385=ORIENTED_EDGE('',*,*,#1842,.T.);
#2386=ORIENTED_EDGE('',*,*,#1788,.F.);
#2387=ORIENTED_EDGE('',*,*,#1843,.F.);
#2388=ORIENTED_EDGE('',*,*,#1844,.F.);
#2389=ORIENTED_EDGE('',*,*,#1839,.T.);
#2390=ORIENTED_EDGE('',*,*,#1833,.F.);
#2391=ORIENTED_EDGE('',*,*,#1820,.T.);
#2392=ORIENTED_EDGE('',*,*,#1838,.F.);
#2393=ORIENTED_EDGE('',*,*,#1843,.T.);
#2394=ORIENTED_EDGE('',*,*,#1787,.F.);
#2395=ORIENTED_EDGE('',*,*,#1784,.F.);
#2396=ORIENTED_EDGE('',*,*,#1815,.F.);
#2397=ORIENTED_EDGE('',*,*,#1809,.F.);
#2398=ORIENTED_EDGE('',*,*,#1801,.F.);
#2399=ORIENTED_EDGE('',*,*,#1808,.T.);
#2400=ORIENTED_EDGE('',*,*,#1814,.F.);
#2401=ORIENTED_EDGE('',*,*,#1845,.F.);
#2402=ORIENTED_EDGE('',*,*,#1812,.T.);
#2403=ORIENTED_EDGE('',*,*,#1806,.T.);
#2404=ORIENTED_EDGE('',*,*,#1799,.T.);
#2405=ORIENTED_EDGE('',*,*,#1811,.F.);
#2406=ORIENTED_EDGE('',*,*,#1816,.T.);
#2407=ORIENTED_EDGE('',*,*,#1785,.F.);
#2408=ORIENTED_EDGE('',*,*,#1789,.F.);
#2409=ORIENTED_EDGE('',*,*,#1842,.F.);
#2410=ORIENTED_EDGE('',*,*,#1836,.F.);
#2411=ORIENTED_EDGE('',*,*,#1822,.F.);
#2412=ORIENTED_EDGE('',*,*,#1835,.F.);
#2413=ORIENTED_EDGE('',*,*,#1841,.F.);
#2414=ORIENTED_EDGE('',*,*,#1840,.T.);
#2415=ORIENTED_EDGE('',*,*,#1844,.T.);
#2416=ORIENTED_EDGE('',*,*,#1813,.T.);
#2417=ORIENTED_EDGE('',*,*,#1845,.T.);
#2418=ORIENTED_EDGE('',*,*,#1846,.F.);
#2419=ORIENTED_EDGE('',*,*,#1847,.T.);
#2420=ORIENTED_EDGE('',*,*,#1848,.F.);
#2421=ORIENTED_EDGE('',*,*,#1847,.F.);
#2422=ORIENTED_EDGE('',*,*,#1849,.F.);
#2423=ORIENTED_EDGE('',*,*,#1850,.T.);
#2424=ORIENTED_EDGE('',*,*,#1851,.F.);
#2425=ORIENTED_EDGE('',*,*,#1850,.F.);
#2426=ORIENTED_EDGE('',*,*,#1852,.F.);
#2427=ORIENTED_EDGE('',*,*,#1853,.T.);
#2428=ORIENTED_EDGE('',*,*,#1854,.F.);
#2429=ORIENTED_EDGE('',*,*,#1853,.F.);
#2430=ORIENTED_EDGE('',*,*,#1855,.F.);
#2431=ORIENTED_EDGE('',*,*,#1856,.T.);
#2432=ORIENTED_EDGE('',*,*,#1857,.F.);
#2433=ORIENTED_EDGE('',*,*,#1856,.F.);
#2434=ORIENTED_EDGE('',*,*,#1858,.F.);
#2435=ORIENTED_EDGE('',*,*,#1859,.T.);
#2436=ORIENTED_EDGE('',*,*,#1860,.F.);
#2437=ORIENTED_EDGE('',*,*,#1859,.F.);
#2438=ORIENTED_EDGE('',*,*,#1861,.F.);
#2439=ORIENTED_EDGE('',*,*,#1862,.T.);
#2440=ORIENTED_EDGE('',*,*,#1863,.F.);
#2441=ORIENTED_EDGE('',*,*,#1862,.F.);
#2442=ORIENTED_EDGE('',*,*,#1864,.F.);
#2443=ORIENTED_EDGE('',*,*,#1865,.T.);
#2444=ORIENTED_EDGE('',*,*,#1866,.F.);
#2445=ORIENTED_EDGE('',*,*,#1865,.F.);
#2446=ORIENTED_EDGE('',*,*,#1867,.F.);
#2447=ORIENTED_EDGE('',*,*,#1868,.T.);
#2448=ORIENTED_EDGE('',*,*,#1869,.F.);
#2449=ORIENTED_EDGE('',*,*,#1868,.F.);
#2450=ORIENTED_EDGE('',*,*,#1870,.F.);
#2451=ORIENTED_EDGE('',*,*,#1871,.T.);
#2452=ORIENTED_EDGE('',*,*,#1872,.F.);
#2453=ORIENTED_EDGE('',*,*,#1871,.F.);
#2454=ORIENTED_EDGE('',*,*,#1873,.F.);
#2455=ORIENTED_EDGE('',*,*,#1874,.T.);
#2456=ORIENTED_EDGE('',*,*,#1875,.F.);
#2457=ORIENTED_EDGE('',*,*,#1874,.F.);
#2458=ORIENTED_EDGE('',*,*,#1876,.F.);
#2459=ORIENTED_EDGE('',*,*,#1877,.T.);
#2460=ORIENTED_EDGE('',*,*,#1878,.F.);
#2461=ORIENTED_EDGE('',*,*,#1877,.F.);
#2462=ORIENTED_EDGE('',*,*,#1879,.F.);
#2463=ORIENTED_EDGE('',*,*,#1880,.T.);
#2464=ORIENTED_EDGE('',*,*,#1881,.F.);
#2465=ORIENTED_EDGE('',*,*,#1880,.F.);
#2466=ORIENTED_EDGE('',*,*,#1882,.F.);
#2467=ORIENTED_EDGE('',*,*,#1883,.T.);
#2468=ORIENTED_EDGE('',*,*,#1884,.T.);
#2469=ORIENTED_EDGE('',*,*,#1883,.F.);
#2470=ORIENTED_EDGE('',*,*,#1884,.F.);
#2471=ORIENTED_EDGE('',*,*,#1885,.F.);
#2472=ORIENTED_EDGE('',*,*,#1886,.F.);
#2473=ORIENTED_EDGE('',*,*,#1887,.T.);
#2474=ORIENTED_EDGE('',*,*,#1885,.T.);
#2475=ORIENTED_EDGE('',*,*,#1887,.F.);
#2476=ORIENTED_EDGE('',*,*,#1888,.F.);
#2477=ORIENTED_EDGE('',*,*,#1889,.T.);
#2478=ORIENTED_EDGE('',*,*,#1890,.T.);
#2479=ORIENTED_EDGE('',*,*,#1889,.F.);
#2480=ORIENTED_EDGE('',*,*,#1890,.F.);
#2481=ORIENTED_EDGE('',*,*,#1886,.T.);
#2482=ORIENTED_EDGE('',*,*,#1891,.T.);
#2483=ORIENTED_EDGE('',*,*,#1882,.T.);
#2484=ORIENTED_EDGE('',*,*,#1892,.T.);
#2485=ORIENTED_EDGE('',*,*,#1893,.T.);
#2486=ORIENTED_EDGE('',*,*,#1894,.F.);
#2487=ORIENTED_EDGE('',*,*,#1895,.T.);
#2488=ORIENTED_EDGE('',*,*,#1875,.T.);
#2489=ORIENTED_EDGE('',*,*,#1872,.T.);
#2490=ORIENTED_EDGE('',*,*,#1869,.T.);
#2491=ORIENTED_EDGE('',*,*,#1857,.T.);
#2492=ORIENTED_EDGE('',*,*,#1854,.T.);
#2493=ORIENTED_EDGE('',*,*,#1851,.T.);
#2494=ORIENTED_EDGE('',*,*,#1896,.T.);
#2495=ORIENTED_EDGE('',*,*,#1897,.F.);
#2496=ORIENTED_EDGE('',*,*,#1898,.F.);
#2497=ORIENTED_EDGE('',*,*,#1899,.F.);
#2498=ORIENTED_EDGE('',*,*,#1881,.T.);
#2499=ORIENTED_EDGE('',*,*,#1878,.T.);
#2500=ORIENTED_EDGE('',*,*,#1866,.T.);
#2501=ORIENTED_EDGE('',*,*,#1863,.T.);
#2502=ORIENTED_EDGE('',*,*,#1860,.T.);
#2503=ORIENTED_EDGE('',*,*,#1848,.T.);
#2504=ORIENTED_EDGE('',*,*,#1893,.F.);
#2505=ORIENTED_EDGE('',*,*,#1900,.T.);
#2506=ORIENTED_EDGE('',*,*,#1901,.F.);
#2507=ORIENTED_EDGE('',*,*,#1902,.F.);
#2508=ORIENTED_EDGE('',*,*,#1894,.T.);
#2509=ORIENTED_EDGE('',*,*,#1902,.T.);
#2510=ORIENTED_EDGE('',*,*,#1903,.F.);
#2511=ORIENTED_EDGE('',*,*,#1904,.F.);
#2512=ORIENTED_EDGE('',*,*,#1895,.F.);
#2513=ORIENTED_EDGE('',*,*,#1904,.T.);
#2514=ORIENTED_EDGE('',*,*,#1905,.F.);
#2515=ORIENTED_EDGE('',*,*,#1906,.F.);
#2516=ORIENTED_EDGE('',*,*,#1897,.T.);
#2517=ORIENTED_EDGE('',*,*,#1907,.T.);
#2518=ORIENTED_EDGE('',*,*,#1908,.F.);
#2519=ORIENTED_EDGE('',*,*,#1909,.F.);
#2520=ORIENTED_EDGE('',*,*,#1898,.T.);
#2521=ORIENTED_EDGE('',*,*,#1909,.T.);
#2522=ORIENTED_EDGE('',*,*,#1910,.F.);
#2523=ORIENTED_EDGE('',*,*,#1911,.F.);
#2524=ORIENTED_EDGE('',*,*,#1899,.T.);
#2525=ORIENTED_EDGE('',*,*,#1911,.T.);
#2526=ORIENTED_EDGE('',*,*,#1912,.F.);
#2527=ORIENTED_EDGE('',*,*,#1913,.F.);
#2528=ORIENTED_EDGE('',*,*,#1913,.T.);
#2529=ORIENTED_EDGE('',*,*,#1914,.F.);
#2530=ORIENTED_EDGE('',*,*,#1915,.T.);
#2531=ORIENTED_EDGE('',*,*,#1891,.F.);
#2532=ORIENTED_EDGE('',*,*,#1915,.F.);
#2533=ORIENTED_EDGE('',*,*,#1916,.F.);
#2534=ORIENTED_EDGE('',*,*,#1900,.F.);
#2535=ORIENTED_EDGE('',*,*,#1892,.F.);
#2536=ORIENTED_EDGE('',*,*,#1906,.T.);
#2537=ORIENTED_EDGE('',*,*,#1917,.F.);
#2538=ORIENTED_EDGE('',*,*,#1907,.F.);
#2539=ORIENTED_EDGE('',*,*,#1896,.F.);
#2540=ORIENTED_EDGE('',*,*,#1916,.T.);
#2541=ORIENTED_EDGE('',*,*,#1914,.T.);
#2542=ORIENTED_EDGE('',*,*,#1912,.T.);
#2543=ORIENTED_EDGE('',*,*,#1910,.T.);
#2544=ORIENTED_EDGE('',*,*,#1908,.T.);
#2545=ORIENTED_EDGE('',*,*,#1917,.T.);
#2546=ORIENTED_EDGE('',*,*,#1905,.T.);
#2547=ORIENTED_EDGE('',*,*,#1903,.T.);
#2548=ORIENTED_EDGE('',*,*,#1901,.T.);
#2549=ORIENTED_EDGE('',*,*,#1888,.T.);
#2550=ORIENTED_EDGE('',*,*,#1879,.T.);
#2551=ORIENTED_EDGE('',*,*,#1876,.T.);
#2552=ORIENTED_EDGE('',*,*,#1873,.T.);
#2553=ORIENTED_EDGE('',*,*,#1870,.T.);
#2554=ORIENTED_EDGE('',*,*,#1867,.T.);
#2555=ORIENTED_EDGE('',*,*,#1864,.T.);
#2556=ORIENTED_EDGE('',*,*,#1861,.T.);
#2557=ORIENTED_EDGE('',*,*,#1858,.T.);
#2558=ORIENTED_EDGE('',*,*,#1855,.T.);
#2559=ORIENTED_EDGE('',*,*,#1852,.T.);
#2560=ORIENTED_EDGE('',*,*,#1849,.T.);
#2561=ORIENTED_EDGE('',*,*,#1846,.T.);
#2562=ORIENTED_EDGE('',*,*,#1918,.F.);
#2563=ORIENTED_EDGE('',*,*,#1919,.T.);
#2564=ORIENTED_EDGE('',*,*,#1920,.F.);
#2565=ORIENTED_EDGE('',*,*,#1921,.F.);
#2566=ORIENTED_EDGE('',*,*,#1922,.F.);
#2567=ORIENTED_EDGE('',*,*,#1921,.T.);
#2568=ORIENTED_EDGE('',*,*,#1923,.F.);
#2569=ORIENTED_EDGE('',*,*,#1924,.F.);
#2570=ORIENTED_EDGE('',*,*,#1925,.F.);
#2571=ORIENTED_EDGE('',*,*,#1924,.T.);
#2572=ORIENTED_EDGE('',*,*,#1926,.F.);
#2573=ORIENTED_EDGE('',*,*,#1927,.F.);
#2574=ORIENTED_EDGE('',*,*,#1928,.F.);
#2575=ORIENTED_EDGE('',*,*,#1927,.T.);
#2576=ORIENTED_EDGE('',*,*,#1929,.F.);
#2577=ORIENTED_EDGE('',*,*,#1919,.F.);
#2578=ORIENTED_EDGE('',*,*,#1929,.T.);
#2579=ORIENTED_EDGE('',*,*,#1926,.T.);
#2580=ORIENTED_EDGE('',*,*,#1923,.T.);
#2581=ORIENTED_EDGE('',*,*,#1920,.T.);
#2582=ORIENTED_EDGE('',*,*,#1930,.F.);
#2583=ORIENTED_EDGE('',*,*,#1931,.F.);
#2584=ORIENTED_EDGE('',*,*,#1932,.F.);
#2585=ORIENTED_EDGE('',*,*,#1933,.F.);
#2586=ORIENTED_EDGE('',*,*,#1932,.T.);
#2587=ORIENTED_EDGE('',*,*,#1934,.T.);
#2588=ORIENTED_EDGE('',*,*,#1935,.F.);
#2589=ORIENTED_EDGE('',*,*,#1936,.F.);
#2590=ORIENTED_EDGE('',*,*,#1931,.T.);
#2591=ORIENTED_EDGE('',*,*,#1937,.T.);
#2592=ORIENTED_EDGE('',*,*,#1938,.F.);
#2593=ORIENTED_EDGE('',*,*,#1934,.F.);
#2594=ORIENTED_EDGE('',*,*,#1933,.T.);
#2595=ORIENTED_EDGE('',*,*,#1936,.T.);
#2596=ORIENTED_EDGE('',*,*,#1939,.F.);
#2597=ORIENTED_EDGE('',*,*,#1940,.F.);
#2598=ORIENTED_EDGE('',*,*,#1930,.T.);
#2599=ORIENTED_EDGE('',*,*,#1940,.T.);
#2600=ORIENTED_EDGE('',*,*,#1941,.F.);
#2601=ORIENTED_EDGE('',*,*,#1937,.F.);
#2602=ORIENTED_EDGE('',*,*,#1928,.T.);
#2603=ORIENTED_EDGE('',*,*,#1918,.T.);
#2604=ORIENTED_EDGE('',*,*,#1922,.T.);
#2605=ORIENTED_EDGE('',*,*,#1925,.T.);
#2606=ORIENTED_EDGE('',*,*,#1941,.T.);
#2607=ORIENTED_EDGE('',*,*,#1939,.T.);
#2608=ORIENTED_EDGE('',*,*,#1935,.T.);
#2609=ORIENTED_EDGE('',*,*,#1938,.T.);
#2610=ORIENTED_EDGE('',*,*,#1942,.F.);
#2611=ORIENTED_EDGE('',*,*,#1943,.F.);
#2612=ORIENTED_EDGE('',*,*,#1944,.T.);
#2613=ORIENTED_EDGE('',*,*,#1945,.F.);
#2614=ORIENTED_EDGE('',*,*,#1946,.F.);
#2615=ORIENTED_EDGE('',*,*,#1944,.F.);
#2616=ORIENTED_EDGE('',*,*,#1947,.F.);
#2617=ORIENTED_EDGE('',*,*,#1948,.F.);
#2618=ORIENTED_EDGE('',*,*,#1949,.T.);
#2619=ORIENTED_EDGE('',*,*,#1950,.F.);
#2620=ORIENTED_EDGE('',*,*,#1951,.F.);
#2621=ORIENTED_EDGE('',*,*,#1949,.F.);
#2622=ORIENTED_EDGE('',*,*,#1952,.T.);
#2623=ORIENTED_EDGE('',*,*,#1952,.F.);
#2624=ORIENTED_EDGE('',*,*,#1953,.F.);
#2625=ORIENTED_EDGE('',*,*,#1942,.T.);
#2626=ORIENTED_EDGE('',*,*,#1943,.T.);
#2627=ORIENTED_EDGE('',*,*,#1947,.T.);
#2628=ORIENTED_EDGE('',*,*,#1948,.T.);
#2629=ORIENTED_EDGE('',*,*,#1954,.F.);
#2630=ORIENTED_EDGE('',*,*,#1953,.T.);
#2631=ORIENTED_EDGE('',*,*,#1955,.F.);
#2632=ORIENTED_EDGE('',*,*,#1954,.T.);
#2633=ORIENTED_EDGE('',*,*,#1955,.T.);
#2634=ORIENTED_EDGE('',*,*,#1945,.T.);
#2635=ORIENTED_EDGE('',*,*,#1946,.T.);
#2636=ORIENTED_EDGE('',*,*,#1950,.T.);
#2637=ORIENTED_EDGE('',*,*,#1951,.T.);
#2638=ORIENTED_EDGE('',*,*,#1956,.F.);
#2639=ORIENTED_EDGE('',*,*,#1957,.T.);
#2640=ORIENTED_EDGE('',*,*,#1958,.F.);
#2641=ORIENTED_EDGE('',*,*,#1959,.F.);
#2642=ORIENTED_EDGE('',*,*,#1960,.F.);
#2643=ORIENTED_EDGE('',*,*,#1959,.T.);
#2644=ORIENTED_EDGE('',*,*,#1961,.F.);
#2645=ORIENTED_EDGE('',*,*,#1962,.F.);
#2646=ORIENTED_EDGE('',*,*,#1963,.F.);
#2647=ORIENTED_EDGE('',*,*,#1962,.T.);
#2648=ORIENTED_EDGE('',*,*,#1964,.F.);
#2649=ORIENTED_EDGE('',*,*,#1965,.F.);
#2650=ORIENTED_EDGE('',*,*,#1966,.F.);
#2651=ORIENTED_EDGE('',*,*,#1965,.T.);
#2652=ORIENTED_EDGE('',*,*,#1967,.F.);
#2653=ORIENTED_EDGE('',*,*,#1957,.F.);
#2654=ORIENTED_EDGE('',*,*,#1967,.T.);
#2655=ORIENTED_EDGE('',*,*,#1964,.T.);
#2656=ORIENTED_EDGE('',*,*,#1961,.T.);
#2657=ORIENTED_EDGE('',*,*,#1958,.T.);
#2658=ORIENTED_EDGE('',*,*,#1956,.T.);
#2659=ORIENTED_EDGE('',*,*,#1968,.F.);
#2660=ORIENTED_EDGE('',*,*,#1969,.F.);
#2661=ORIENTED_EDGE('',*,*,#1960,.T.);
#2662=ORIENTED_EDGE('',*,*,#1970,.F.);
#2663=ORIENTED_EDGE('',*,*,#1971,.F.);
#2664=ORIENTED_EDGE('',*,*,#1972,.F.);
#2665=ORIENTED_EDGE('',*,*,#1973,.F.);
#2666=ORIENTED_EDGE('',*,*,#1963,.T.);
#2667=ORIENTED_EDGE('',*,*,#1974,.F.);
#2668=ORIENTED_EDGE('',*,*,#1975,.F.);
#2669=ORIENTED_EDGE('',*,*,#1976,.F.);
#2670=ORIENTED_EDGE('',*,*,#1977,.F.);
#2671=ORIENTED_EDGE('',*,*,#1978,.F.);
#2672=ORIENTED_EDGE('',*,*,#1979,.F.);
#2673=ORIENTED_EDGE('',*,*,#1966,.T.);
#2674=ORIENTED_EDGE('',*,*,#1980,.F.);
#2675=ORIENTED_EDGE('',*,*,#1981,.F.);
#2676=ORIENTED_EDGE('',*,*,#1982,.F.);
#2677=ORIENTED_EDGE('',*,*,#1983,.F.);
#2678=ORIENTED_EDGE('',*,*,#1974,.T.);
#2679=ORIENTED_EDGE('',*,*,#1983,.T.);
#2680=ORIENTED_EDGE('',*,*,#1984,.T.);
#2681=ORIENTED_EDGE('',*,*,#1985,.F.);
#2682=ORIENTED_EDGE('',*,*,#1986,.F.);
#2683=ORIENTED_EDGE('',*,*,#1987,.T.);
#2684=ORIENTED_EDGE('',*,*,#1988,.F.);
#2685=ORIENTED_EDGE('',*,*,#1989,.F.);
#2686=ORIENTED_EDGE('',*,*,#1990,.F.);
#2687=ORIENTED_EDGE('',*,*,#1991,.F.);
#2688=ORIENTED_EDGE('',*,*,#1992,.F.);
#2689=ORIENTED_EDGE('',*,*,#1993,.T.);
#2690=ORIENTED_EDGE('',*,*,#1994,.F.);
#2691=ORIENTED_EDGE('',*,*,#1995,.F.);
#2692=ORIENTED_EDGE('',*,*,#1996,.F.);
#2693=ORIENTED_EDGE('',*,*,#1984,.F.);
#2694=ORIENTED_EDGE('',*,*,#1982,.T.);
#2695=ORIENTED_EDGE('',*,*,#1980,.T.);
#2696=ORIENTED_EDGE('',*,*,#1969,.T.);
#2697=ORIENTED_EDGE('',*,*,#1997,.F.);
#2698=ORIENTED_EDGE('',*,*,#1998,.T.);
#2699=ORIENTED_EDGE('',*,*,#1988,.T.);
#2700=ORIENTED_EDGE('',*,*,#1981,.T.);
#2701=ORIENTED_EDGE('',*,*,#1968,.T.);
#2702=ORIENTED_EDGE('',*,*,#1973,.T.);
#2703=ORIENTED_EDGE('',*,*,#1972,.T.);
#2704=ORIENTED_EDGE('',*,*,#1999,.F.);
#2705=ORIENTED_EDGE('',*,*,#2000,.F.);
#2706=ORIENTED_EDGE('',*,*,#1997,.T.);
#2707=ORIENTED_EDGE('',*,*,#2001,.T.);
#2708=ORIENTED_EDGE('',*,*,#1992,.T.);
#2709=ORIENTED_EDGE('',*,*,#2002,.F.);
#2710=ORIENTED_EDGE('',*,*,#2003,.F.);
#2711=ORIENTED_EDGE('',*,*,#2004,.F.);
#2712=ORIENTED_EDGE('',*,*,#2002,.T.);
#2713=ORIENTED_EDGE('',*,*,#1991,.T.);
#2714=ORIENTED_EDGE('',*,*,#2005,.F.);
#2715=ORIENTED_EDGE('',*,*,#2006,.F.);
#2716=ORIENTED_EDGE('',*,*,#2005,.T.);
#2717=ORIENTED_EDGE('',*,*,#1990,.T.);
#2718=ORIENTED_EDGE('',*,*,#2007,.F.);
#2719=ORIENTED_EDGE('',*,*,#2008,.F.);
#2720=ORIENTED_EDGE('',*,*,#2007,.T.);
#2721=ORIENTED_EDGE('',*,*,#1989,.T.);
#2722=ORIENTED_EDGE('',*,*,#1998,.F.);
#2723=ORIENTED_EDGE('',*,*,#1976,.T.);
#2724=ORIENTED_EDGE('',*,*,#2009,.F.);
#2725=ORIENTED_EDGE('',*,*,#2010,.F.);
#2726=ORIENTED_EDGE('',*,*,#1975,.T.);
#2727=ORIENTED_EDGE('',*,*,#1987,.F.);
#2728=ORIENTED_EDGE('',*,*,#2011,.F.);
#2729=ORIENTED_EDGE('',*,*,#2009,.T.);
#2730=ORIENTED_EDGE('',*,*,#2012,.F.);
#2731=ORIENTED_EDGE('',*,*,#1985,.T.);
#2732=ORIENTED_EDGE('',*,*,#1996,.T.);
#2733=ORIENTED_EDGE('',*,*,#2013,.F.);
#2734=ORIENTED_EDGE('',*,*,#2014,.F.);
#2735=ORIENTED_EDGE('',*,*,#2013,.T.);
#2736=ORIENTED_EDGE('',*,*,#1995,.T.);
#2737=ORIENTED_EDGE('',*,*,#2015,.F.);
#2738=ORIENTED_EDGE('',*,*,#2016,.T.);
#2739=ORIENTED_EDGE('',*,*,#2017,.F.);
#2740=ORIENTED_EDGE('',*,*,#2015,.T.);
#2741=ORIENTED_EDGE('',*,*,#1994,.T.);
#2742=ORIENTED_EDGE('',*,*,#2001,.F.);
#2743=ORIENTED_EDGE('',*,*,#2018,.T.);
#2744=ORIENTED_EDGE('',*,*,#2019,.T.);
#2745=ORIENTED_EDGE('',*,*,#2020,.F.);
#2746=ORIENTED_EDGE('',*,*,#2021,.F.);
#2747=ORIENTED_EDGE('',*,*,#2016,.F.);
#2748=ORIENTED_EDGE('',*,*,#1993,.F.);
#2749=ORIENTED_EDGE('',*,*,#2020,.T.);
#2750=ORIENTED_EDGE('',*,*,#2022,.T.);
#2751=ORIENTED_EDGE('',*,*,#2023,.T.);
#2752=ORIENTED_EDGE('',*,*,#2024,.T.);
#2753=ORIENTED_EDGE('',*,*,#2025,.T.);
#2754=ORIENTED_EDGE('',*,*,#2026,.T.);
#2755=ORIENTED_EDGE('',*,*,#2027,.T.);
#2756=ORIENTED_EDGE('',*,*,#2022,.F.);
#2757=ORIENTED_EDGE('',*,*,#2019,.F.);
#2758=ORIENTED_EDGE('',*,*,#2028,.T.);
#2759=ORIENTED_EDGE('',*,*,#2029,.T.);
#2760=ORIENTED_EDGE('',*,*,#2023,.F.);
#2761=ORIENTED_EDGE('',*,*,#2027,.F.);
#2762=ORIENTED_EDGE('',*,*,#2030,.T.);
#2763=ORIENTED_EDGE('',*,*,#2031,.T.);
#2764=ORIENTED_EDGE('',*,*,#2024,.F.);
#2765=ORIENTED_EDGE('',*,*,#2029,.F.);
#2766=ORIENTED_EDGE('',*,*,#2032,.T.);
#2767=ORIENTED_EDGE('',*,*,#2021,.T.);
#2768=ORIENTED_EDGE('',*,*,#2025,.F.);
#2769=ORIENTED_EDGE('',*,*,#2031,.F.);
#2770=ORIENTED_EDGE('',*,*,#2033,.F.);
#2771=ORIENTED_EDGE('',*,*,#2003,.T.);
#2772=ORIENTED_EDGE('',*,*,#2034,.T.);
#2773=ORIENTED_EDGE('',*,*,#2035,.F.);
#2774=ORIENTED_EDGE('',*,*,#1971,.T.);
#2775=ORIENTED_EDGE('',*,*,#2036,.T.);
#2776=ORIENTED_EDGE('',*,*,#2037,.T.);
#2777=ORIENTED_EDGE('',*,*,#2038,.T.);
#2778=ORIENTED_EDGE('',*,*,#2039,.T.);
#2779=ORIENTED_EDGE('',*,*,#2040,.F.);
#2780=ORIENTED_EDGE('',*,*,#2035,.T.);
#2781=ORIENTED_EDGE('',*,*,#2041,.T.);
#2782=ORIENTED_EDGE('',*,*,#2042,.T.);
#2783=ORIENTED_EDGE('',*,*,#2043,.T.);
#2784=ORIENTED_EDGE('',*,*,#1999,.T.);
#2785=ORIENTED_EDGE('',*,*,#2004,.T.);
#2786=ORIENTED_EDGE('',*,*,#2044,.T.);
#2787=ORIENTED_EDGE('',*,*,#2041,.F.);
#2788=ORIENTED_EDGE('',*,*,#2034,.F.);
#2789=ORIENTED_EDGE('',*,*,#2006,.T.);
#2790=ORIENTED_EDGE('',*,*,#2045,.T.);
#2791=ORIENTED_EDGE('',*,*,#2042,.F.);
#2792=ORIENTED_EDGE('',*,*,#2044,.F.);
#2793=ORIENTED_EDGE('',*,*,#2008,.T.);
#2794=ORIENTED_EDGE('',*,*,#2000,.T.);
#2795=ORIENTED_EDGE('',*,*,#2043,.F.);
#2796=ORIENTED_EDGE('',*,*,#2045,.F.);
#2797=ORIENTED_EDGE('',*,*,#1977,.T.);
#2798=ORIENTED_EDGE('',*,*,#2010,.T.);
#2799=ORIENTED_EDGE('',*,*,#2046,.T.);
#2800=ORIENTED_EDGE('',*,*,#1978,.T.);
#2801=ORIENTED_EDGE('',*,*,#2046,.F.);
#2802=ORIENTED_EDGE('',*,*,#2011,.T.);
#2803=ORIENTED_EDGE('',*,*,#2047,.T.);
#2804=ORIENTED_EDGE('',*,*,#1970,.T.);
#2805=ORIENTED_EDGE('',*,*,#1979,.T.);
#2806=ORIENTED_EDGE('',*,*,#2047,.F.);
#2807=ORIENTED_EDGE('',*,*,#1986,.T.);
#2808=ORIENTED_EDGE('',*,*,#2048,.T.);
#2809=ORIENTED_EDGE('',*,*,#2036,.F.);
#2810=ORIENTED_EDGE('',*,*,#2012,.T.);
#2811=ORIENTED_EDGE('',*,*,#2049,.T.);
#2812=ORIENTED_EDGE('',*,*,#2037,.F.);
#2813=ORIENTED_EDGE('',*,*,#2048,.F.);
#2814=ORIENTED_EDGE('',*,*,#2014,.T.);
#2815=ORIENTED_EDGE('',*,*,#2050,.T.);
#2816=ORIENTED_EDGE('',*,*,#2038,.F.);
#2817=ORIENTED_EDGE('',*,*,#2049,.F.);
#2818=ORIENTED_EDGE('',*,*,#2051,.F.);
#2819=ORIENTED_EDGE('',*,*,#2039,.F.);
#2820=ORIENTED_EDGE('',*,*,#2050,.F.);
#2821=ORIENTED_EDGE('',*,*,#2017,.T.);
#2822=ORIENTED_EDGE('',*,*,#2033,.T.);
#2823=ORIENTED_EDGE('',*,*,#2040,.T.);
#2824=ORIENTED_EDGE('',*,*,#2051,.T.);
#2825=ORIENTED_EDGE('',*,*,#2052,.T.);
#2826=ORIENTED_EDGE('',*,*,#2053,.T.);
#2827=ORIENTED_EDGE('',*,*,#2054,.F.);
#2828=ORIENTED_EDGE('',*,*,#2018,.F.);
#2829=ORIENTED_EDGE('',*,*,#2053,.F.);
#2830=ORIENTED_EDGE('',*,*,#2055,.F.);
#2831=ORIENTED_EDGE('',*,*,#2056,.F.);
#2832=ORIENTED_EDGE('',*,*,#2057,.F.);
#2833=ORIENTED_EDGE('',*,*,#2058,.F.);
#2834=ORIENTED_EDGE('',*,*,#2026,.F.);
#2835=ORIENTED_EDGE('',*,*,#2054,.T.);
#2836=ORIENTED_EDGE('',*,*,#2058,.T.);
#2837=ORIENTED_EDGE('',*,*,#2059,.F.);
#2838=ORIENTED_EDGE('',*,*,#2028,.F.);
#2839=ORIENTED_EDGE('',*,*,#2059,.T.);
#2840=ORIENTED_EDGE('',*,*,#2057,.T.);
#2841=ORIENTED_EDGE('',*,*,#2060,.F.);
#2842=ORIENTED_EDGE('',*,*,#2030,.F.);
#2843=ORIENTED_EDGE('',*,*,#2060,.T.);
#2844=ORIENTED_EDGE('',*,*,#2056,.T.);
#2845=ORIENTED_EDGE('',*,*,#2061,.F.);
#2846=ORIENTED_EDGE('',*,*,#2032,.F.);
#2847=ORIENTED_EDGE('',*,*,#2061,.T.);
#2848=ORIENTED_EDGE('',*,*,#2055,.T.);
#2849=ORIENTED_EDGE('',*,*,#2052,.F.);
#2850=ORIENTED_EDGE('',*,*,#2062,.F.);
#2851=ORIENTED_EDGE('',*,*,#2063,.T.);
#2852=ORIENTED_EDGE('',*,*,#2064,.F.);
#2853=ORIENTED_EDGE('',*,*,#2065,.F.);
#2854=ORIENTED_EDGE('',*,*,#2066,.F.);
#2855=ORIENTED_EDGE('',*,*,#2065,.T.);
#2856=ORIENTED_EDGE('',*,*,#2067,.F.);
#2857=ORIENTED_EDGE('',*,*,#2068,.F.);
#2858=ORIENTED_EDGE('',*,*,#2069,.F.);
#2859=ORIENTED_EDGE('',*,*,#2068,.T.);
#2860=ORIENTED_EDGE('',*,*,#2070,.F.);
#2861=ORIENTED_EDGE('',*,*,#2071,.F.);
#2862=ORIENTED_EDGE('',*,*,#2072,.F.);
#2863=ORIENTED_EDGE('',*,*,#2071,.T.);
#2864=ORIENTED_EDGE('',*,*,#2073,.F.);
#2865=ORIENTED_EDGE('',*,*,#2063,.F.);
#2866=ORIENTED_EDGE('',*,*,#2073,.T.);
#2867=ORIENTED_EDGE('',*,*,#2070,.T.);
#2868=ORIENTED_EDGE('',*,*,#2067,.T.);
#2869=ORIENTED_EDGE('',*,*,#2064,.T.);
#2870=ORIENTED_EDGE('',*,*,#2062,.T.);
#2871=ORIENTED_EDGE('',*,*,#2074,.F.);
#2872=ORIENTED_EDGE('',*,*,#2075,.F.);
#2873=ORIENTED_EDGE('',*,*,#2066,.T.);
#2874=ORIENTED_EDGE('',*,*,#2076,.F.);
#2875=ORIENTED_EDGE('',*,*,#2077,.F.);
#2876=ORIENTED_EDGE('',*,*,#2078,.F.);
#2877=ORIENTED_EDGE('',*,*,#2079,.F.);
#2878=ORIENTED_EDGE('',*,*,#2069,.T.);
#2879=ORIENTED_EDGE('',*,*,#2080,.F.);
#2880=ORIENTED_EDGE('',*,*,#2081,.F.);
#2881=ORIENTED_EDGE('',*,*,#2082,.F.);
#2882=ORIENTED_EDGE('',*,*,#2083,.F.);
#2883=ORIENTED_EDGE('',*,*,#2084,.F.);
#2884=ORIENTED_EDGE('',*,*,#2085,.F.);
#2885=ORIENTED_EDGE('',*,*,#2072,.T.);
#2886=ORIENTED_EDGE('',*,*,#2086,.F.);
#2887=ORIENTED_EDGE('',*,*,#2087,.F.);
#2888=ORIENTED_EDGE('',*,*,#2088,.F.);
#2889=ORIENTED_EDGE('',*,*,#2089,.F.);
#2890=ORIENTED_EDGE('',*,*,#2080,.T.);
#2891=ORIENTED_EDGE('',*,*,#2089,.T.);
#2892=ORIENTED_EDGE('',*,*,#2090,.T.);
#2893=ORIENTED_EDGE('',*,*,#2091,.F.);
#2894=ORIENTED_EDGE('',*,*,#2092,.F.);
#2895=ORIENTED_EDGE('',*,*,#2093,.T.);
#2896=ORIENTED_EDGE('',*,*,#2094,.F.);
#2897=ORIENTED_EDGE('',*,*,#2095,.F.);
#2898=ORIENTED_EDGE('',*,*,#2096,.F.);
#2899=ORIENTED_EDGE('',*,*,#2097,.F.);
#2900=ORIENTED_EDGE('',*,*,#2098,.F.);
#2901=ORIENTED_EDGE('',*,*,#2099,.T.);
#2902=ORIENTED_EDGE('',*,*,#2100,.F.);
#2903=ORIENTED_EDGE('',*,*,#2101,.F.);
#2904=ORIENTED_EDGE('',*,*,#2102,.F.);
#2905=ORIENTED_EDGE('',*,*,#2090,.F.);
#2906=ORIENTED_EDGE('',*,*,#2088,.T.);
#2907=ORIENTED_EDGE('',*,*,#2086,.T.);
#2908=ORIENTED_EDGE('',*,*,#2075,.T.);
#2909=ORIENTED_EDGE('',*,*,#2103,.F.);
#2910=ORIENTED_EDGE('',*,*,#2104,.T.);
#2911=ORIENTED_EDGE('',*,*,#2094,.T.);
#2912=ORIENTED_EDGE('',*,*,#2087,.T.);
#2913=ORIENTED_EDGE('',*,*,#2074,.T.);
#2914=ORIENTED_EDGE('',*,*,#2079,.T.);
#2915=ORIENTED_EDGE('',*,*,#2078,.T.);
#2916=ORIENTED_EDGE('',*,*,#2105,.F.);
#2917=ORIENTED_EDGE('',*,*,#2106,.F.);
#2918=ORIENTED_EDGE('',*,*,#2103,.T.);
#2919=ORIENTED_EDGE('',*,*,#2107,.T.);
#2920=ORIENTED_EDGE('',*,*,#2098,.T.);
#2921=ORIENTED_EDGE('',*,*,#2108,.F.);
#2922=ORIENTED_EDGE('',*,*,#2109,.F.);
#2923=ORIENTED_EDGE('',*,*,#2110,.F.);
#2924=ORIENTED_EDGE('',*,*,#2108,.T.);
#2925=ORIENTED_EDGE('',*,*,#2097,.T.);
#2926=ORIENTED_EDGE('',*,*,#2111,.F.);
#2927=ORIENTED_EDGE('',*,*,#2112,.F.);
#2928=ORIENTED_EDGE('',*,*,#2111,.T.);
#2929=ORIENTED_EDGE('',*,*,#2096,.T.);
#2930=ORIENTED_EDGE('',*,*,#2113,.F.);
#2931=ORIENTED_EDGE('',*,*,#2114,.F.);
#2932=ORIENTED_EDGE('',*,*,#2113,.T.);
#2933=ORIENTED_EDGE('',*,*,#2095,.T.);
#2934=ORIENTED_EDGE('',*,*,#2104,.F.);
#2935=ORIENTED_EDGE('',*,*,#2082,.T.);
#2936=ORIENTED_EDGE('',*,*,#2115,.F.);
#2937=ORIENTED_EDGE('',*,*,#2116,.F.);
#2938=ORIENTED_EDGE('',*,*,#2081,.T.);
#2939=ORIENTED_EDGE('',*,*,#2093,.F.);
#2940=ORIENTED_EDGE('',*,*,#2117,.F.);
#2941=ORIENTED_EDGE('',*,*,#2115,.T.);
#2942=ORIENTED_EDGE('',*,*,#2118,.F.);
#2943=ORIENTED_EDGE('',*,*,#2091,.T.);
#2944=ORIENTED_EDGE('',*,*,#2102,.T.);
#2945=ORIENTED_EDGE('',*,*,#2119,.F.);
#2946=ORIENTED_EDGE('',*,*,#2120,.F.);
#2947=ORIENTED_EDGE('',*,*,#2119,.T.);
#2948=ORIENTED_EDGE('',*,*,#2101,.T.);
#2949=ORIENTED_EDGE('',*,*,#2121,.F.);
#2950=ORIENTED_EDGE('',*,*,#2122,.T.);
#2951=ORIENTED_EDGE('',*,*,#2123,.F.);
#2952=ORIENTED_EDGE('',*,*,#2121,.T.);
#2953=ORIENTED_EDGE('',*,*,#2100,.T.);
#2954=ORIENTED_EDGE('',*,*,#2107,.F.);
#2955=ORIENTED_EDGE('',*,*,#2124,.T.);
#2956=ORIENTED_EDGE('',*,*,#2125,.T.);
#2957=ORIENTED_EDGE('',*,*,#2126,.F.);
#2958=ORIENTED_EDGE('',*,*,#2127,.F.);
#2959=ORIENTED_EDGE('',*,*,#2122,.F.);
#2960=ORIENTED_EDGE('',*,*,#2099,.F.);
#2961=ORIENTED_EDGE('',*,*,#2126,.T.);
#2962=ORIENTED_EDGE('',*,*,#2128,.T.);
#2963=ORIENTED_EDGE('',*,*,#2129,.T.);
#2964=ORIENTED_EDGE('',*,*,#2130,.T.);
#2965=ORIENTED_EDGE('',*,*,#2131,.T.);
#2966=ORIENTED_EDGE('',*,*,#2132,.T.);
#2967=ORIENTED_EDGE('',*,*,#2133,.T.);
#2968=ORIENTED_EDGE('',*,*,#2128,.F.);
#2969=ORIENTED_EDGE('',*,*,#2125,.F.);
#2970=ORIENTED_EDGE('',*,*,#2134,.T.);
#2971=ORIENTED_EDGE('',*,*,#2135,.T.);
#2972=ORIENTED_EDGE('',*,*,#2129,.F.);
#2973=ORIENTED_EDGE('',*,*,#2133,.F.);
#2974=ORIENTED_EDGE('',*,*,#2136,.T.);
#2975=ORIENTED_EDGE('',*,*,#2137,.T.);
#2976=ORIENTED_EDGE('',*,*,#2130,.F.);
#2977=ORIENTED_EDGE('',*,*,#2135,.F.);
#2978=ORIENTED_EDGE('',*,*,#2138,.T.);
#2979=ORIENTED_EDGE('',*,*,#2127,.T.);
#2980=ORIENTED_EDGE('',*,*,#2131,.F.);
#2981=ORIENTED_EDGE('',*,*,#2137,.F.);
#2982=ORIENTED_EDGE('',*,*,#2139,.F.);
#2983=ORIENTED_EDGE('',*,*,#2109,.T.);
#2984=ORIENTED_EDGE('',*,*,#2140,.T.);
#2985=ORIENTED_EDGE('',*,*,#2141,.F.);
#2986=ORIENTED_EDGE('',*,*,#2077,.T.);
#2987=ORIENTED_EDGE('',*,*,#2142,.T.);
#2988=ORIENTED_EDGE('',*,*,#2143,.T.);
#2989=ORIENTED_EDGE('',*,*,#2144,.T.);
#2990=ORIENTED_EDGE('',*,*,#2145,.T.);
#2991=ORIENTED_EDGE('',*,*,#2146,.F.);
#2992=ORIENTED_EDGE('',*,*,#2141,.T.);
#2993=ORIENTED_EDGE('',*,*,#2147,.T.);
#2994=ORIENTED_EDGE('',*,*,#2148,.T.);
#2995=ORIENTED_EDGE('',*,*,#2149,.T.);
#2996=ORIENTED_EDGE('',*,*,#2105,.T.);
#2997=ORIENTED_EDGE('',*,*,#2110,.T.);
#2998=ORIENTED_EDGE('',*,*,#2150,.T.);
#2999=ORIENTED_EDGE('',*,*,#2147,.F.);
#3000=ORIENTED_EDGE('',*,*,#2140,.F.);
#3001=ORIENTED_EDGE('',*,*,#2112,.T.);
#3002=ORIENTED_EDGE('',*,*,#2151,.T.);
#3003=ORIENTED_EDGE('',*,*,#2148,.F.);
#3004=ORIENTED_EDGE('',*,*,#2150,.F.);
#3005=ORIENTED_EDGE('',*,*,#2114,.T.);
#3006=ORIENTED_EDGE('',*,*,#2106,.T.);
#3007=ORIENTED_EDGE('',*,*,#2149,.F.);
#3008=ORIENTED_EDGE('',*,*,#2151,.F.);
#3009=ORIENTED_EDGE('',*,*,#2083,.T.);
#3010=ORIENTED_EDGE('',*,*,#2116,.T.);
#3011=ORIENTED_EDGE('',*,*,#2152,.T.);
#3012=ORIENTED_EDGE('',*,*,#2084,.T.);
#3013=ORIENTED_EDGE('',*,*,#2152,.F.);
#3014=ORIENTED_EDGE('',*,*,#2117,.T.);
#3015=ORIENTED_EDGE('',*,*,#2153,.T.);
#3016=ORIENTED_EDGE('',*,*,#2076,.T.);
#3017=ORIENTED_EDGE('',*,*,#2085,.T.);
#3018=ORIENTED_EDGE('',*,*,#2153,.F.);
#3019=ORIENTED_EDGE('',*,*,#2092,.T.);
#3020=ORIENTED_EDGE('',*,*,#2154,.T.);
#3021=ORIENTED_EDGE('',*,*,#2142,.F.);
#3022=ORIENTED_EDGE('',*,*,#2118,.T.);
#3023=ORIENTED_EDGE('',*,*,#2155,.T.);
#3024=ORIENTED_EDGE('',*,*,#2143,.F.);
#3025=ORIENTED_EDGE('',*,*,#2154,.F.);
#3026=ORIENTED_EDGE('',*,*,#2120,.T.);
#3027=ORIENTED_EDGE('',*,*,#2156,.T.);
#3028=ORIENTED_EDGE('',*,*,#2144,.F.);
#3029=ORIENTED_EDGE('',*,*,#2155,.F.);
#3030=ORIENTED_EDGE('',*,*,#2157,.F.);
#3031=ORIENTED_EDGE('',*,*,#2145,.F.);
#3032=ORIENTED_EDGE('',*,*,#2156,.F.);
#3033=ORIENTED_EDGE('',*,*,#2123,.T.);
#3034=ORIENTED_EDGE('',*,*,#2139,.T.);
#3035=ORIENTED_EDGE('',*,*,#2146,.T.);
#3036=ORIENTED_EDGE('',*,*,#2157,.T.);
#3037=ORIENTED_EDGE('',*,*,#2158,.T.);
#3038=ORIENTED_EDGE('',*,*,#2159,.T.);
#3039=ORIENTED_EDGE('',*,*,#2160,.F.);
#3040=ORIENTED_EDGE('',*,*,#2124,.F.);
#3041=ORIENTED_EDGE('',*,*,#2159,.F.);
#3042=ORIENTED_EDGE('',*,*,#2161,.F.);
#3043=ORIENTED_EDGE('',*,*,#2162,.F.);
#3044=ORIENTED_EDGE('',*,*,#2163,.F.);
#3045=ORIENTED_EDGE('',*,*,#2164,.F.);
#3046=ORIENTED_EDGE('',*,*,#2132,.F.);
#3047=ORIENTED_EDGE('',*,*,#2160,.T.);
#3048=ORIENTED_EDGE('',*,*,#2164,.T.);
#3049=ORIENTED_EDGE('',*,*,#2165,.F.);
#3050=ORIENTED_EDGE('',*,*,#2134,.F.);
#3051=ORIENTED_EDGE('',*,*,#2165,.T.);
#3052=ORIENTED_EDGE('',*,*,#2163,.T.);
#3053=ORIENTED_EDGE('',*,*,#2166,.F.);
#3054=ORIENTED_EDGE('',*,*,#2136,.F.);
#3055=ORIENTED_EDGE('',*,*,#2166,.T.);
#3056=ORIENTED_EDGE('',*,*,#2162,.T.);
#3057=ORIENTED_EDGE('',*,*,#2167,.F.);
#3058=ORIENTED_EDGE('',*,*,#2138,.F.);
#3059=ORIENTED_EDGE('',*,*,#2167,.T.);
#3060=ORIENTED_EDGE('',*,*,#2161,.T.);
#3061=ORIENTED_EDGE('',*,*,#2158,.F.);
#3062=B_SPLINE_SURFACE_WITH_KNOTS('',3,3,((#4346,#4347,#4348,#4349,#4350,
#4351,#4352,#4353,#4354,#4355,#4356,#4357,#4358,#4359,#4360,#4361,#4362,
#4363,#4364,#4365,#4366,#4367,#4368,#4369,#4370,#4371,#4372,#4373,#4374,
#4375,#4376,#4377,#4378),(#4379,#4380,#4381,#4382,#4383,#4384,#4385,#4386,
#4387,#4388,#4389,#4390,#4391,#4392,#4393,#4394,#4395,#4396,#4397,#4398,
#4399,#4400,#4401,#4402,#4403,#4404,#4405,#4406,#4407,#4408,#4409,#4410,
#4411),(#4412,#4413,#4414,#4415,#4416,#4417,#4418,#4419,#4420,#4421,#4422,
#4423,#4424,#4425,#4426,#4427,#4428,#4429,#4430,#4431,#4432,#4433,#4434,
#4435,#4436,#4437,#4438,#4439,#4440,#4441,#4442,#4443,#4444),(#4445,#4446,
#4447,#4448,#4449,#4450,#4451,#4452,#4453,#4454,#4455,#4456,#4457,#4458,
#4459,#4460,#4461,#4462,#4463,#4464,#4465,#4466,#4467,#4468,#4469,#4470,
#4471,#4472,#4473,#4474,#4475,#4476,#4477),(#4478,#4479,#4480,#4481,#4482,
#4483,#4484,#4485,#4486,#4487,#4488,#4489,#4490,#4491,#4492,#4493,#4494,
#4495,#4496,#4497,#4498,#4499,#4500,#4501,#4502,#4503,#4504,#4505,#4506,
#4507,#4508,#4509,#4510),(#4511,#4512,#4513,#4514,#4515,#4516,#4517,#4518,
#4519,#4520,#4521,#4522,#4523,#4524,#4525,#4526,#4527,#4528,#4529,#4530,
#4531,#4532,#4533,#4534,#4535,#4536,#4537,#4538,#4539,#4540,#4541,#4542,
#4543),(#4544,#4545,#4546,#4547,#4548,#4549,#4550,#4551,#4552,#4553,#4554,
#4555,#4556,#4557,#4558,#4559,#4560,#4561,#4562,#4563,#4564,#4565,#4566,
#4567,#4568,#4569,#4570,#4571,#4572,#4573,#4574,#4575,#4576)),
 .UNSPECIFIED.,.F.,.F.,.F.,(4,1,1,1,4),(4,1,1,1,1,1,1,1,1,1,1,1,1,1,1,1,
1,1,1,1,1,1,1,1,1,1,1,1,1,1,4),(0.,0.285714285714286,0.571428571428571,
0.785714285714286,1.),(0.,0.0334659768604704,0.0669319537209409,0.133863907441882,
0.267727814883764,0.535455629767527,0.803183444651291,1.07091125953505,
1.60636688930258,2.14182251907011,2.67727814883764,3.21273377860516,3.9266746182952,
4.28364503814022,4.64061545798524,5.35455629767527,6.06849713736531,6.42546755721033,
6.69319537209409,6.96092318697785,7.22865100186162,7.3625149093035,7.42944686302444,
7.44617985145467,7.46291283988491,7.46709608699247,7.47127933410003,7.47964582831515,
7.48801232253026,7.49219556963782,7.49637881674538),.UNSPECIFIED.);
#3063=B_SPLINE_SURFACE_WITH_KNOTS('',3,3,((#4649,#4650,#4651,#4652,#4653,
#4654,#4655,#4656,#4657,#4658,#4659,#4660,#4661,#4662,#4663,#4664,#4665,
#4666,#4667,#4668,#4669,#4670,#4671,#4672,#4673,#4674,#4675,#4676,#4677,
#4678,#4679,#4680,#4681),(#4682,#4683,#4684,#4685,#4686,#4687,#4688,#4689,
#4690,#4691,#4692,#4693,#4694,#4695,#4696,#4697,#4698,#4699,#4700,#4701,
#4702,#4703,#4704,#4705,#4706,#4707,#4708,#4709,#4710,#4711,#4712,#4713,
#4714),(#4715,#4716,#4717,#4718,#4719,#4720,#4721,#4722,#4723,#4724,#4725,
#4726,#4727,#4728,#4729,#4730,#4731,#4732,#4733,#4734,#4735,#4736,#4737,
#4738,#4739,#4740,#4741,#4742,#4743,#4744,#4745,#4746,#4747),(#4748,#4749,
#4750,#4751,#4752,#4753,#4754,#4755,#4756,#4757,#4758,#4759,#4760,#4761,
#4762,#4763,#4764,#4765,#4766,#4767,#4768,#4769,#4770,#4771,#4772,#4773,
#4774,#4775,#4776,#4777,#4778,#4779,#4780),(#4781,#4782,#4783,#4784,#4785,
#4786,#4787,#4788,#4789,#4790,#4791,#4792,#4793,#4794,#4795,#4796,#4797,
#4798,#4799,#4800,#4801,#4802,#4803,#4804,#4805,#4806,#4807,#4808,#4809,
#4810,#4811,#4812,#4813),(#4814,#4815,#4816,#4817,#4818,#4819,#4820,#4821,
#4822,#4823,#4824,#4825,#4826,#4827,#4828,#4829,#4830,#4831,#4832,#4833,
#4834,#4835,#4836,#4837,#4838,#4839,#4840,#4841,#4842,#4843,#4844,#4845,
#4846),(#4847,#4848,#4849,#4850,#4851,#4852,#4853,#4854,#4855,#4856,#4857,
#4858,#4859,#4860,#4861,#4862,#4863,#4864,#4865,#4866,#4867,#4868,#4869,
#4870,#4871,#4872,#4873,#4874,#4875,#4876,#4877,#4878,#4879)),
 .UNSPECIFIED.,.F.,.F.,.F.,(4,1,1,1,4),(4,1,1,1,1,1,1,1,1,1,1,1,1,1,1,1,
1,1,1,1,1,1,1,1,1,1,1,1,1,1,4),(0.,0.285714285714286,0.571428571428571,
0.785714285714286,1.),(-1.83805822064917E-15,0.00418337568560064,0.00836675137120312,
0.0167335027424081,0.0251002541136131,0.0292836297992155,0.033467005484818,
0.0669340109696379,0.133868021939278,0.200802032908917,0.267736043878557,
0.535472087757116,1.07094417551423,1.60641626327135,2.14188835102847,2.49886974286655,
2.85585113470463,3.2128325265427,3.92679531021886,4.28377670205694,4.81924878981406,
5.35472087757117,5.89019296532829,6.42566505308541,6.69340109696397,6.96113714084253,
7.22887318472109,7.36274120666037,7.42967521763,7.46314222311482,7.49660922859964),
 .UNSPECIFIED.);
#3064=B_SPLINE_SURFACE_WITH_KNOTS('',3,3,((#5129,#5130,#5131,#5132,#5133,
#5134,#5135,#5136,#5137,#5138,#5139,#5140,#5141,#5142,#5143,#5144,#5145,
#5146,#5147,#5148,#5149,#5150,#5151,#5152,#5153,#5154,#5155,#5156,#5157,
#5158,#5159,#5160,#5161),(#5162,#5163,#5164,#5165,#5166,#5167,#5168,#5169,
#5170,#5171,#5172,#5173,#5174,#5175,#5176,#5177,#5178,#5179,#5180,#5181,
#5182,#5183,#5184,#5185,#5186,#5187,#5188,#5189,#5190,#5191,#5192,#5193,
#5194),(#5195,#5196,#5197,#5198,#5199,#5200,#5201,#5202,#5203,#5204,#5205,
#5206,#5207,#5208,#5209,#5210,#5211,#5212,#5213,#5214,#5215,#5216,#5217,
#5218,#5219,#5220,#5221,#5222,#5223,#5224,#5225,#5226,#5227),(#5228,#5229,
#5230,#5231,#5232,#5233,#5234,#5235,#5236,#5237,#5238,#5239,#5240,#5241,
#5242,#5243,#5244,#5245,#5246,#5247,#5248,#5249,#5250,#5251,#5252,#5253,
#5254,#5255,#5256,#5257,#5258,#5259,#5260),(#5261,#5262,#5263,#5264,#5265,
#5266,#5267,#5268,#5269,#5270,#5271,#5272,#5273,#5274,#5275,#5276,#5277,
#5278,#5279,#5280,#5281,#5282,#5283,#5284,#5285,#5286,#5287,#5288,#5289,
#5290,#5291,#5292,#5293),(#5294,#5295,#5296,#5297,#5298,#5299,#5300,#5301,
#5302,#5303,#5304,#5305,#5306,#5307,#5308,#5309,#5310,#5311,#5312,#5313,
#5314,#5315,#5316,#5317,#5318,#5319,#5320,#5321,#5322,#5323,#5324,#5325,
#5326),(#5327,#5328,#5329,#5330,#5331,#5332,#5333,#5334,#5335,#5336,#5337,
#5338,#5339,#5340,#5341,#5342,#5343,#5344,#5345,#5346,#5347,#5348,#5349,
#5350,#5351,#5352,#5353,#5354,#5355,#5356,#5357,#5358,#5359)),
 .UNSPECIFIED.,.F.,.F.,.F.,(4,1,1,1,4),(4,1,1,1,1,1,1,1,1,1,1,1,1,1,1,1,
1,1,1,1,1,1,1,1,1,1,1,1,1,1,4),(0.,0.285714285714286,0.571428571428571,
0.785714285714286,1.),(0.,0.0334659768604704,0.0669319537209409,0.133863907441882,
0.267727814883764,0.535455629767527,0.803183444651291,1.07091125953505,
1.60636688930258,2.14182251907011,2.67727814883764,3.21273377860516,3.9266746182952,
4.28364503814022,4.64061545798524,5.35455629767527,6.06849713736531,6.42546755721033,
6.69319537209409,6.96092318697785,7.22865100186162,7.3625149093035,7.42944686302444,
7.44617985145467,7.46291283988491,7.46709608699247,7.47127933410003,7.47964582831515,
7.48801232253026,7.49219556963782,7.49637881674538),.UNSPECIFIED.);
#3065=B_SPLINE_SURFACE_WITH_KNOTS('',3,3,((#5432,#5433,#5434,#5435,#5436,
#5437,#5438,#5439,#5440,#5441,#5442,#5443,#5444,#5445,#5446,#5447,#5448,
#5449,#5450,#5451,#5452,#5453,#5454,#5455,#5456,#5457,#5458,#5459,#5460,
#5461,#5462,#5463,#5464),(#5465,#5466,#5467,#5468,#5469,#5470,#5471,#5472,
#5473,#5474,#5475,#5476,#5477,#5478,#5479,#5480,#5481,#5482,#5483,#5484,
#5485,#5486,#5487,#5488,#5489,#5490,#5491,#5492,#5493,#5494,#5495,#5496,
#5497),(#5498,#5499,#5500,#5501,#5502,#5503,#5504,#5505,#5506,#5507,#5508,
#5509,#5510,#5511,#5512,#5513,#5514,#5515,#5516,#5517,#5518,#5519,#5520,
#5521,#5522,#5523,#5524,#5525,#5526,#5527,#5528,#5529,#5530),(#5531,#5532,
#5533,#5534,#5535,#5536,#5537,#5538,#5539,#5540,#5541,#5542,#5543,#5544,
#5545,#5546,#5547,#5548,#5549,#5550,#5551,#5552,#5553,#5554,#5555,#5556,
#5557,#5558,#5559,#5560,#5561,#5562,#5563),(#5564,#5565,#5566,#5567,#5568,
#5569,#5570,#5571,#5572,#5573,#5574,#5575,#5576,#5577,#5578,#5579,#5580,
#5581,#5582,#5583,#5584,#5585,#5586,#5587,#5588,#5589,#5590,#5591,#5592,
#5593,#5594,#5595,#5596),(#5597,#5598,#5599,#5600,#5601,#5602,#5603,#5604,
#5605,#5606,#5607,#5608,#5609,#5610,#5611,#5612,#5613,#5614,#5615,#5616,
#5617,#5618,#5619,#5620,#5621,#5622,#5623,#5624,#5625,#5626,#5627,#5628,
#5629),(#5630,#5631,#5632,#5633,#5634,#5635,#5636,#5637,#5638,#5639,#5640,
#5641,#5642,#5643,#5644,#5645,#5646,#5647,#5648,#5649,#5650,#5651,#5652,
#5653,#5654,#5655,#5656,#5657,#5658,#5659,#5660,#5661,#5662)),
 .UNSPECIFIED.,.F.,.F.,.F.,(4,1,1,1,4),(4,1,1,1,1,1,1,1,1,1,1,1,1,1,1,1,
1,1,1,1,1,1,1,1,1,1,1,1,1,1,4),(0.,0.285714285714286,0.571428571428571,
0.785714285714286,1.),(-1.83805822064917E-15,0.00418337568560064,0.00836675137120312,
0.0167335027424081,0.0251002541136131,0.0292836297992155,0.033467005484818,
0.0669340109696379,0.133868021939278,0.200802032908917,0.267736043878557,
0.535472087757116,1.07094417551423,1.60641626327135,2.14188835102847,2.49886974286655,
2.85585113470463,3.2128325265427,3.92679531021886,4.28377670205694,4.81924878981406,
5.35472087757117,5.89019296532829,6.42566505308541,6.69340109696397,6.96113714084253,
7.22887318472109,7.36274120666037,7.42967521763,7.46314222311482,7.49660922859964),
 .UNSPECIFIED.);
#3066=B_SPLINE_SURFACE_WITH_KNOTS('',3,3,((#6878,#6879,#6880,#6881),(#6882,
#6883,#6884,#6885),(#6886,#6887,#6888,#6889),(#6890,#6891,#6892,#6893)),
 .UNSPECIFIED.,.F.,.F.,.F.,(4,4),(4,4),(0.,1.),(0.,1.),.UNSPECIFIED.);
#3067=B_SPLINE_SURFACE_WITH_KNOTS('',3,3,((#6897,#6898,#6899,#6900),(#6901,
#6902,#6903,#6904),(#6905,#6906,#6907,#6908),(#6909,#6910,#6911,#6912)),
 .UNSPECIFIED.,.F.,.F.,.F.,(4,4),(4,4),(0.,1.),(0.,1.),.UNSPECIFIED.);
#3068=B_SPLINE_SURFACE_WITH_KNOTS('',3,3,((#6916,#6917,#6918,#6919),(#6920,
#6921,#6922,#6923),(#6924,#6925,#6926,#6927),(#6928,#6929,#6930,#6931)),
 .UNSPECIFIED.,.F.,.F.,.F.,(4,4),(4,4),(0.413640411392085,1.),(0.,1.),
 .UNSPECIFIED.);
#3069=B_SPLINE_SURFACE_WITH_KNOTS('',3,3,((#6946,#6947,#6948,#6949),(#6950,
#6951,#6952,#6953),(#6954,#6955,#6956,#6957),(#6958,#6959,#6960,#6961)),
 .UNSPECIFIED.,.F.,.F.,.F.,(4,4),(4,4),(0.,1.),(0.,1.),.UNSPECIFIED.);
#3070=B_SPLINE_SURFACE_WITH_KNOTS('',3,3,((#6965,#6966,#6967,#6968),(#6969,
#6970,#6971,#6972),(#6973,#6974,#6975,#6976),(#6977,#6978,#6979,#6980)),
 .UNSPECIFIED.,.F.,.F.,.F.,(4,4),(4,4),(0.,1.),(0.,1.),.UNSPECIFIED.);
#3071=B_SPLINE_SURFACE_WITH_KNOTS('',3,3,((#6984,#6985,#6986,#6987),(#6988,
#6989,#6990,#6991),(#6992,#6993,#6994,#6995),(#6996,#6997,#6998,#6999)),
 .UNSPECIFIED.,.F.,.F.,.F.,(4,4),(4,4),(0.,1.),(0.,1.),.UNSPECIFIED.);
#3072=B_SPLINE_SURFACE_WITH_KNOTS('',3,3,((#7015,#7016,#7017,#7018),(#7019,
#7020,#7021,#7022),(#7023,#7024,#7025,#7026),(#7027,#7028,#7029,#7030)),
 .UNSPECIFIED.,.F.,.F.,.F.,(4,4),(4,4),(0.,1.),(0.,1.),.UNSPECIFIED.);
#3073=B_SPLINE_SURFACE_WITH_KNOTS('',3,3,((#7039,#7040,#7041,#7042),(#7043,
#7044,#7045,#7046),(#7047,#7048,#7049,#7050),(#7051,#7052,#7053,#7054)),
 .UNSPECIFIED.,.F.,.F.,.F.,(4,4),(4,4),(0.,1.),(0.,1.),.UNSPECIFIED.);
#3074=B_SPLINE_SURFACE_WITH_KNOTS('',3,3,((#7083,#7084,#7085,#7086),(#7087,
#7088,#7089,#7090),(#7091,#7092,#7093,#7094),(#7095,#7096,#7097,#7098)),
 .UNSPECIFIED.,.F.,.F.,.F.,(4,4),(4,4),(0.,1.),(0.,1.),.UNSPECIFIED.);
#3075=B_SPLINE_SURFACE_WITH_KNOTS('',3,3,((#7102,#7103,#7104,#7105),(#7106,
#7107,#7108,#7109),(#7110,#7111,#7112,#7113),(#7114,#7115,#7116,#7117)),
 .UNSPECIFIED.,.F.,.F.,.F.,(4,4),(4,4),(0.,1.),(0.,1.),.UNSPECIFIED.);
#3076=B_SPLINE_SURFACE_WITH_KNOTS('',3,3,((#7121,#7122,#7123,#7124),(#7125,
#7126,#7127,#7128),(#7129,#7130,#7131,#7132),(#7133,#7134,#7135,#7136),
(#7137,#7138,#7139,#7140),(#7141,#7142,#7143,#7144),(#7145,#7146,#7147,
#7148),(#7149,#7150,#7151,#7152),(#7153,#7154,#7155,#7156)),
 .UNSPECIFIED.,.F.,.F.,.F.,(4,1,1,1,1,1,4),(4,4),(0.,0.142857142857143,
0.285714285714286,0.428571428571429,0.571428571428571,0.857142857142857,
1.),(0.,1.),.UNSPECIFIED.);
#3077=B_SPLINE_SURFACE_WITH_KNOTS('',3,3,((#7174,#7175,#7176,#7177),(#7178,
#7179,#7180,#7181),(#7182,#7183,#7184,#7185),(#7186,#7187,#7188,#7189)),
 .UNSPECIFIED.,.F.,.F.,.F.,(4,4),(4,4),(0.,1.),(0.,1.),.UNSPECIFIED.);
#3078=B_SPLINE_SURFACE_WITH_KNOTS('',3,3,((#7191,#7192,#7193,#7194),(#7195,
#7196,#7197,#7198),(#7199,#7200,#7201,#7202),(#7203,#7204,#7205,#7206)),
 .UNSPECIFIED.,.F.,.F.,.F.,(4,4),(4,4),(0.413640411392085,1.),(0.,1.),
 .UNSPECIFIED.);
#3079=B_SPLINE_SURFACE_WITH_KNOTS('',3,3,((#7239,#7240,#7241,#7242),(#7243,
#7244,#7245,#7246),(#7247,#7248,#7249,#7250),(#7251,#7252,#7253,#7254)),
 .UNSPECIFIED.,.F.,.F.,.F.,(4,4),(4,4),(0.,1.),(0.,1.),.UNSPECIFIED.);
#3080=B_SPLINE_SURFACE_WITH_KNOTS('',3,3,((#7256,#7257,#7258,#7259),(#7260,
#7261,#7262,#7263),(#7264,#7265,#7266,#7267),(#7268,#7269,#7270,#7271)),
 .UNSPECIFIED.,.F.,.F.,.F.,(4,4),(4,4),(0.,1.),(0.,1.),.UNSPECIFIED.);
#3081=B_SPLINE_SURFACE_WITH_KNOTS('',3,3,((#7273,#7274,#7275,#7276),(#7277,
#7278,#7279,#7280),(#7281,#7282,#7283,#7284),(#7285,#7286,#7287,#7288)),
 .UNSPECIFIED.,.F.,.F.,.F.,(4,4),(4,4),(0.,1.),(0.,1.),.UNSPECIFIED.);
#3082=B_SPLINE_SURFACE_WITH_KNOTS('',3,3,((#7299,#7300,#7301,#7302),(#7303,
#7304,#7305,#7306),(#7307,#7308,#7309,#7310),(#7311,#7312,#7313,#7314)),
 .UNSPECIFIED.,.F.,.F.,.F.,(4,4),(4,4),(0.,1.),(0.,1.),.UNSPECIFIED.);
#3083=B_SPLINE_SURFACE_WITH_KNOTS('',3,3,((#7321,#7322,#7323,#7324),(#7325,
#7326,#7327,#7328),(#7329,#7330,#7331,#7332),(#7333,#7334,#7335,#7336)),
 .UNSPECIFIED.,.F.,.F.,.F.,(4,4),(4,4),(0.,1.),(0.,1.),.UNSPECIFIED.);
#3084=B_SPLINE_SURFACE_WITH_KNOTS('',3,3,((#7364,#7365,#7366,#7367),(#7368,
#7369,#7370,#7371),(#7372,#7373,#7374,#7375),(#7376,#7377,#7378,#7379)),
 .UNSPECIFIED.,.F.,.F.,.F.,(4,4),(4,4),(0.,1.),(0.,1.),.UNSPECIFIED.);
#3085=B_SPLINE_SURFACE_WITH_KNOTS('',3,3,((#7381,#7382,#7383,#7384),(#7385,
#7386,#7387,#7388),(#7389,#7390,#7391,#7392),(#7393,#7394,#7395,#7396)),
 .UNSPECIFIED.,.F.,.F.,.F.,(4,4),(4,4),(0.,1.),(0.,1.),.UNSPECIFIED.);
#3086=B_SPLINE_SURFACE_WITH_KNOTS('',3,3,((#7398,#7399,#7400,#7401),(#7402,
#7403,#7404,#7405),(#7406,#7407,#7408,#7409),(#7410,#7411,#7412,#7413),
(#7414,#7415,#7416,#7417),(#7418,#7419,#7420,#7421),(#7422,#7423,#7424,
#7425),(#7426,#7427,#7428,#7429),(#7430,#7431,#7432,#7433)),
 .UNSPECIFIED.,.F.,.F.,.F.,(4,1,1,1,1,1,4),(4,4),(0.,0.142857142857143,
0.285714285714286,0.428571428571429,0.571428571428571,0.857142857142857,
1.),(0.,1.),.UNSPECIFIED.);
#3087=B_SPLINE_SURFACE_WITH_KNOTS('',3,3,((#7435,#7436,#7437,#7438),(#7439,
#7440,#7441,#7442),(#7443,#7444,#7445,#7446),(#7447,#7448,#7449,#7450)),
 .UNSPECIFIED.,.F.,.F.,.F.,(4,4),(4,4),(0.,1.),(0.,1.),.UNSPECIFIED.);
#3088=B_SPLINE_SURFACE_WITH_KNOTS('',3,3,((#7556,#7557,#7558,#7559),(#7560,
#7561,#7562,#7563),(#7564,#7565,#7566,#7567),(#7568,#7569,#7570,#7571)),
 .UNSPECIFIED.,.F.,.F.,.F.,(4,4),(4,4),(0.,1.),(0.,1.),.UNSPECIFIED.);
#3089=B_SPLINE_SURFACE_WITH_KNOTS('',3,3,((#7575,#7576,#7577,#7578),(#7579,
#7580,#7581,#7582),(#7583,#7584,#7585,#7586),(#7587,#7588,#7589,#7590)),
 .UNSPECIFIED.,.F.,.F.,.F.,(4,4),(4,4),(0.,1.),(0.,1.),.UNSPECIFIED.);
#3090=B_SPLINE_SURFACE_WITH_KNOTS('',3,3,((#7594,#7595,#7596,#7597),(#7598,
#7599,#7600,#7601),(#7602,#7603,#7604,#7605),(#7606,#7607,#7608,#7609)),
 .UNSPECIFIED.,.F.,.F.,.F.,(4,4),(4,4),(0.413640411392085,1.),(0.,1.),
 .UNSPECIFIED.);
#3091=B_SPLINE_SURFACE_WITH_KNOTS('',3,3,((#7624,#7625,#7626,#7627),(#7628,
#7629,#7630,#7631),(#7632,#7633,#7634,#7635),(#7636,#7637,#7638,#7639)),
 .UNSPECIFIED.,.F.,.F.,.F.,(4,4),(4,4),(0.,1.),(0.,1.),.UNSPECIFIED.);
#3092=B_SPLINE_SURFACE_WITH_KNOTS('',3,3,((#7643,#7644,#7645,#7646),(#7647,
#7648,#7649,#7650),(#7651,#7652,#7653,#7654),(#7655,#7656,#7657,#7658)),
 .UNSPECIFIED.,.F.,.F.,.F.,(4,4),(4,4),(0.,1.),(0.,1.),.UNSPECIFIED.);
#3093=B_SPLINE_SURFACE_WITH_KNOTS('',3,3,((#7662,#7663,#7664,#7665),(#7666,
#7667,#7668,#7669),(#7670,#7671,#7672,#7673),(#7674,#7675,#7676,#7677)),
 .UNSPECIFIED.,.F.,.F.,.F.,(4,4),(4,4),(0.,1.),(0.,1.),.UNSPECIFIED.);
#3094=B_SPLINE_SURFACE_WITH_KNOTS('',3,3,((#7693,#7694,#7695,#7696),(#7697,
#7698,#7699,#7700),(#7701,#7702,#7703,#7704),(#7705,#7706,#7707,#7708)),
 .UNSPECIFIED.,.F.,.F.,.F.,(4,4),(4,4),(0.,1.),(0.,1.),.UNSPECIFIED.);
#3095=B_SPLINE_SURFACE_WITH_KNOTS('',3,3,((#7717,#7718,#7719,#7720),(#7721,
#7722,#7723,#7724),(#7725,#7726,#7727,#7728),(#7729,#7730,#7731,#7732)),
 .UNSPECIFIED.,.F.,.F.,.F.,(4,4),(4,4),(0.,1.),(0.,1.),.UNSPECIFIED.);
#3096=B_SPLINE_SURFACE_WITH_KNOTS('',3,3,((#7761,#7762,#7763,#7764),(#7765,
#7766,#7767,#7768),(#7769,#7770,#7771,#7772),(#7773,#7774,#7775,#7776)),
 .UNSPECIFIED.,.F.,.F.,.F.,(4,4),(4,4),(0.,1.),(0.,1.),.UNSPECIFIED.);
#3097=B_SPLINE_SURFACE_WITH_KNOTS('',3,3,((#7780,#7781,#7782,#7783),(#7784,
#7785,#7786,#7787),(#7788,#7789,#7790,#7791),(#7792,#7793,#7794,#7795)),
 .UNSPECIFIED.,.F.,.F.,.F.,(4,4),(4,4),(0.,1.),(0.,1.),.UNSPECIFIED.);
#3098=B_SPLINE_SURFACE_WITH_KNOTS('',3,3,((#7799,#7800,#7801,#7802),(#7803,
#7804,#7805,#7806),(#7807,#7808,#7809,#7810),(#7811,#7812,#7813,#7814),
(#7815,#7816,#7817,#7818),(#7819,#7820,#7821,#7822),(#7823,#7824,#7825,
#7826),(#7827,#7828,#7829,#7830),(#7831,#7832,#7833,#7834)),
 .UNSPECIFIED.,.F.,.F.,.F.,(4,1,1,1,1,1,4),(4,4),(0.,0.142857142857143,
0.285714285714286,0.428571428571429,0.571428571428571,0.857142857142857,
1.),(0.,1.),.UNSPECIFIED.);
#3099=B_SPLINE_SURFACE_WITH_KNOTS('',3,3,((#7852,#7853,#7854,#7855),(#7856,
#7857,#7858,#7859),(#7860,#7861,#7862,#7863),(#7864,#7865,#7866,#7867)),
 .UNSPECIFIED.,.F.,.F.,.F.,(4,4),(4,4),(0.,1.),(0.,1.),.UNSPECIFIED.);
#3100=B_SPLINE_SURFACE_WITH_KNOTS('',3,3,((#7869,#7870,#7871,#7872),(#7873,
#7874,#7875,#7876),(#7877,#7878,#7879,#7880),(#7881,#7882,#7883,#7884)),
 .UNSPECIFIED.,.F.,.F.,.F.,(4,4),(4,4),(0.413640411392085,1.),(0.,1.),
 .UNSPECIFIED.);
#3101=B_SPLINE_SURFACE_WITH_KNOTS('',3,3,((#7917,#7918,#7919,#7920),(#7921,
#7922,#7923,#7924),(#7925,#7926,#7927,#7928),(#7929,#7930,#7931,#7932)),
 .UNSPECIFIED.,.F.,.F.,.F.,(4,4),(4,4),(0.,1.),(0.,1.),.UNSPECIFIED.);
#3102=B_SPLINE_SURFACE_WITH_KNOTS('',3,3,((#7934,#7935,#7936,#7937),(#7938,
#7939,#7940,#7941),(#7942,#7943,#7944,#7945),(#7946,#7947,#7948,#7949)),
 .UNSPECIFIED.,.F.,.F.,.F.,(4,4),(4,4),(0.,1.),(0.,1.),.UNSPECIFIED.);
#3103=B_SPLINE_SURFACE_WITH_KNOTS('',3,3,((#7951,#7952,#7953,#7954),(#7955,
#7956,#7957,#7958),(#7959,#7960,#7961,#7962),(#7963,#7964,#7965,#7966)),
 .UNSPECIFIED.,.F.,.F.,.F.,(4,4),(4,4),(0.,1.),(0.,1.),.UNSPECIFIED.);
#3104=B_SPLINE_SURFACE_WITH_KNOTS('',3,3,((#7977,#7978,#7979,#7980),(#7981,
#7982,#7983,#7984),(#7985,#7986,#7987,#7988),(#7989,#7990,#7991,#7992)),
 .UNSPECIFIED.,.F.,.F.,.F.,(4,4),(4,4),(0.,1.),(0.,1.),.UNSPECIFIED.);
#3105=B_SPLINE_SURFACE_WITH_KNOTS('',3,3,((#7999,#8000,#8001,#8002),(#8003,
#8004,#8005,#8006),(#8007,#8008,#8009,#8010),(#8011,#8012,#8013,#8014)),
 .UNSPECIFIED.,.F.,.F.,.F.,(4,4),(4,4),(0.,1.),(0.,1.),.UNSPECIFIED.);
#3106=B_SPLINE_SURFACE_WITH_KNOTS('',3,3,((#8042,#8043,#8044,#8045),(#8046,
#8047,#8048,#8049),(#8050,#8051,#8052,#8053),(#8054,#8055,#8056,#8057)),
 .UNSPECIFIED.,.F.,.F.,.F.,(4,4),(4,4),(0.,1.),(0.,1.),.UNSPECIFIED.);
#3107=B_SPLINE_SURFACE_WITH_KNOTS('',3,3,((#8059,#8060,#8061,#8062),(#8063,
#8064,#8065,#8066),(#8067,#8068,#8069,#8070),(#8071,#8072,#8073,#8074)),
 .UNSPECIFIED.,.F.,.F.,.F.,(4,4),(4,4),(0.,1.),(0.,1.),.UNSPECIFIED.);
#3108=B_SPLINE_SURFACE_WITH_KNOTS('',3,3,((#8076,#8077,#8078,#8079),(#8080,
#8081,#8082,#8083),(#8084,#8085,#8086,#8087),(#8088,#8089,#8090,#8091),
(#8092,#8093,#8094,#8095),(#8096,#8097,#8098,#8099),(#8100,#8101,#8102,
#8103),(#8104,#8105,#8106,#8107),(#8108,#8109,#8110,#8111)),
 .UNSPECIFIED.,.F.,.F.,.F.,(4,1,1,1,1,1,4),(4,4),(0.,0.142857142857143,
0.285714285714286,0.428571428571429,0.571428571428571,0.857142857142857,
1.),(0.,1.),.UNSPECIFIED.);
#3109=B_SPLINE_SURFACE_WITH_KNOTS('',3,3,((#8113,#8114,#8115,#8116),(#8117,
#8118,#8119,#8120),(#8121,#8122,#8123,#8124),(#8125,#8126,#8127,#8128)),
 .UNSPECIFIED.,.F.,.F.,.F.,(4,4),(4,4),(0.,1.),(0.,1.),.UNSPECIFIED.);
#3110=ADVANCED_FACE('',(#908),#3062,.F.);
#3111=ADVANCED_FACE('',(#909),#3063,.F.);
#3112=ADVANCED_FACE('',(#910),#900,.T.);
#3113=ADVANCED_FACE('',(#911),#788,.T.);
#3114=ADVANCED_FACE('',(#912),#901,.T.);
#3115=ADVANCED_FACE('',(#913),#741,.T.);
#3116=ADVANCED_FACE('',(#914),#789,.F.);
#3117=ADVANCED_FACE('',(#915),#742,.T.);
#3118=ADVANCED_FACE('',(#916),#790,.F.);
#3119=ADVANCED_FACE('',(#917),#743,.T.);
#3120=ADVANCED_FACE('',(#918),#791,.F.);
#3121=ADVANCED_FACE('',(#919),#744,.T.);
#3122=ADVANCED_FACE('',(#920),#792,.F.);
#3123=ADVANCED_FACE('',(#921),#745,.F.);
#3124=ADVANCED_FACE('',(#922),#793,.F.);
#3125=ADVANCED_FACE('',(#923),#746,.F.);
#3126=ADVANCED_FACE('',(#924),#794,.F.);
#3127=ADVANCED_FACE('',(#925),#747,.F.);
#3128=ADVANCED_FACE('',(#926),#795,.F.);
#3129=ADVANCED_FACE('',(#927),#748,.F.);
#3130=ADVANCED_FACE('',(#928),#796,.F.);
#3131=ADVANCED_FACE('',(#929,#53,#54,#55,#56),#797,.F.);
#3132=ADVANCED_FACE('',(#930),#3064,.T.);
#3133=ADVANCED_FACE('',(#931),#3065,.T.);
#3134=ADVANCED_FACE('',(#932),#902,.F.);
#3135=ADVANCED_FACE('',(#933,#57),#798,.F.);
#3136=ADVANCED_FACE('',(#934),#903,.F.);
#3137=ADVANCED_FACE('',(#935),#749,.T.);
#3138=ADVANCED_FACE('',(#936),#799,.T.);
#3139=ADVANCED_FACE('',(#937),#750,.T.);
#3140=ADVANCED_FACE('',(#938),#751,.T.);
#3141=ADVANCED_FACE('',(#939,#58),#800,.T.);
#3142=ADVANCED_FACE('',(#940),#801,.T.);
#3143=ADVANCED_FACE('',(#941),#802,.T.);
#3144=ADVANCED_FACE('',(#942),#803,.T.);
#3145=ADVANCED_FACE('',(#943),#752,.F.);
#3146=ADVANCED_FACE('',(#944),#804,.T.);
#3147=ADVANCED_FACE('',(#945),#805,.T.);
#3148=ADVANCED_FACE('',(#946),#806,.T.);
#3149=ADVANCED_FACE('',(#947),#807,.T.);
#3150=ADVANCED_FACE('',(#948),#808,.T.);
#3151=ADVANCED_FACE('',(#949),#809,.F.);
#3152=ADVANCED_FACE('',(#950),#810,.T.);
#3153=ADVANCED_FACE('',(#951),#811,.T.);
#3154=ADVANCED_FACE('',(#952),#812,.T.);
#3155=ADVANCED_FACE('',(#953),#813,.T.);
#3156=ADVANCED_FACE('',(#954),#814,.T.);
#3157=ADVANCED_FACE('',(#955),#753,.F.);
#3158=ADVANCED_FACE('',(#956),#815,.T.);
#3159=ADVANCED_FACE('',(#957),#816,.T.);
#3160=ADVANCED_FACE('',(#958),#817,.F.);
#3161=ADVANCED_FACE('',(#959),#818,.T.);
#3162=ADVANCED_FACE('',(#960),#819,.T.);
#3163=ADVANCED_FACE('',(#961),#820,.T.);
#3164=ADVANCED_FACE('',(#962),#821,.T.);
#3165=ADVANCED_FACE('',(#963),#822,.F.);
#3166=ADVANCED_FACE('',(#964),#754,.F.);
#3167=ADVANCED_FACE('',(#965),#755,.F.);
#3168=ADVANCED_FACE('',(#966),#756,.F.);
#3169=ADVANCED_FACE('',(#967),#757,.F.);
#3170=ADVANCED_FACE('',(#968),#758,.F.);
#3171=ADVANCED_FACE('',(#969),#759,.F.);
#3172=ADVANCED_FACE('',(#970),#760,.F.);
#3173=ADVANCED_FACE('',(#971),#761,.F.);
#3174=ADVANCED_FACE('',(#972),#762,.F.);
#3175=ADVANCED_FACE('',(#973),#763,.F.);
#3176=ADVANCED_FACE('',(#974),#764,.F.);
#3177=ADVANCED_FACE('',(#975),#765,.F.);
#3178=ADVANCED_FACE('',(#976),#766,.F.);
#3179=ADVANCED_FACE('',(#977,#59),#823,.T.);
#3180=ADVANCED_FACE('',(#978),#767,.F.);
#3181=ADVANCED_FACE('',(#979),#768,.F.);
#3182=ADVANCED_FACE('',(#980,#60),#824,.T.);
#3183=ADVANCED_FACE('',(#981,#61),#825,.T.);
#3184=ADVANCED_FACE('',(#982,#62,#63,#64,#65,#66,#67),#826,.F.);
#3185=ADVANCED_FACE('',(#983,#68,#69,#70,#71,#72,#73),#827,.F.);
#3186=ADVANCED_FACE('',(#984),#828,.T.);
#3187=ADVANCED_FACE('',(#985),#769,.T.);
#3188=ADVANCED_FACE('',(#986),#829,.T.);
#3189=ADVANCED_FACE('',(#987),#830,.T.);
#3190=ADVANCED_FACE('',(#988),#770,.T.);
#3191=ADVANCED_FACE('',(#989),#831,.T.);
#3192=ADVANCED_FACE('',(#990),#771,.T.);
#3193=ADVANCED_FACE('',(#991,#74,#75,#76,#77,#78,#79,#80,#81,#82,#83,#84,
#85,#86),#832,.T.);
#3194=ADVANCED_FACE('',(#992),#833,.T.);
#3195=ADVANCED_FACE('',(#993),#834,.T.);
#3196=ADVANCED_FACE('',(#994),#835,.T.);
#3197=ADVANCED_FACE('',(#995),#836,.T.);
#3198=ADVANCED_FACE('',(#996,#87),#837,.T.);
#3199=ADVANCED_FACE('',(#997),#838,.T.);
#3200=ADVANCED_FACE('',(#998),#839,.T.);
#3201=ADVANCED_FACE('',(#999),#840,.T.);
#3202=ADVANCED_FACE('',(#1000),#841,.T.);
#3203=ADVANCED_FACE('',(#1001),#842,.T.);
#3204=ADVANCED_FACE('',(#1002),#843,.T.);
#3205=ADVANCED_FACE('',(#1003),#904,.T.);
#3206=ADVANCED_FACE('',(#1004),#905,.T.);
#3207=ADVANCED_FACE('',(#1005,#88,#89),#906,.F.);
#3208=ADVANCED_FACE('',(#1006,#90),#844,.T.);
#3209=ADVANCED_FACE('',(#1007,#91,#92),#907,.T.);
#3210=ADVANCED_FACE('',(#1008),#845,.T.);
#3211=ADVANCED_FACE('',(#1009),#846,.T.);
#3212=ADVANCED_FACE('',(#1010),#847,.T.);
#3213=ADVANCED_FACE('',(#1011),#848,.T.);
#3214=ADVANCED_FACE('',(#1012),#849,.T.);
#3215=ADVANCED_FACE('',(#1013),#850,.F.);
#3216=ADVANCED_FACE('',(#1014),#851,.F.);
#3217=ADVANCED_FACE('',(#1015),#852,.F.);
#3218=ADVANCED_FACE('',(#1016),#853,.F.);
#3219=ADVANCED_FACE('',(#1017),#854,.F.);
#3220=ADVANCED_FACE('',(#1018),#855,.T.);
#3221=ADVANCED_FACE('',(#1019),#3066,.F.);
#3222=ADVANCED_FACE('',(#1020),#3067,.T.);
#3223=ADVANCED_FACE('',(#1021),#3068,.F.);
#3224=ADVANCED_FACE('',(#1022),#3069,.F.);
#3225=ADVANCED_FACE('',(#1023),#3070,.F.);
#3226=ADVANCED_FACE('',(#1024),#3071,.F.);
#3227=ADVANCED_FACE('',(#1025),#856,.F.);
#3228=ADVANCED_FACE('',(#1026),#857,.F.);
#3229=ADVANCED_FACE('',(#1027),#858,.F.);
#3230=ADVANCED_FACE('',(#1028),#859,.F.);
#3231=ADVANCED_FACE('',(#1029),#3072,.F.);
#3232=ADVANCED_FACE('',(#1030),#3073,.T.);
#3233=ADVANCED_FACE('',(#1031),#860,.T.);
#3234=ADVANCED_FACE('',(#1032),#3074,.T.);
#3235=ADVANCED_FACE('',(#1033),#3075,.T.);
#3236=ADVANCED_FACE('',(#1034),#3076,.T.);
#3237=ADVANCED_FACE('',(#1035),#3077,.T.);
#3238=ADVANCED_FACE('',(#1036),#3078,.T.);
#3239=ADVANCED_FACE('',(#1037),#861,.F.);
#3240=ADVANCED_FACE('',(#1038),#3079,.T.);
#3241=ADVANCED_FACE('',(#1039),#3080,.T.);
#3242=ADVANCED_FACE('',(#1040),#3081,.T.);
#3243=ADVANCED_FACE('',(#1041),#862,.T.);
#3244=ADVANCED_FACE('',(#1042),#863,.T.);
#3245=ADVANCED_FACE('',(#1043),#864,.T.);
#3246=ADVANCED_FACE('',(#1044),#865,.T.);
#3247=ADVANCED_FACE('',(#1045),#866,.T.);
#3248=ADVANCED_FACE('',(#1046),#3082,.T.);
#3249=ADVANCED_FACE('',(#1047),#3083,.F.);
#3250=ADVANCED_FACE('',(#1048),#867,.F.);
#3251=ADVANCED_FACE('',(#1049),#3084,.F.);
#3252=ADVANCED_FACE('',(#1050),#3085,.F.);
#3253=ADVANCED_FACE('',(#1051),#3086,.F.);
#3254=ADVANCED_FACE('',(#1052),#3087,.F.);
#3255=ADVANCED_FACE('',(#1053),#868,.T.);
#3256=ADVANCED_FACE('',(#1054),#869,.T.);
#3257=ADVANCED_FACE('',(#1055),#870,.T.);
#3258=ADVANCED_FACE('',(#1056),#871,.T.);
#3259=ADVANCED_FACE('',(#1057),#872,.T.);
#3260=ADVANCED_FACE('',(#1058),#873,.F.);
#3261=ADVANCED_FACE('',(#1059),#874,.F.);
#3262=ADVANCED_FACE('',(#1060),#875,.F.);
#3263=ADVANCED_FACE('',(#1061),#876,.F.);
#3264=ADVANCED_FACE('',(#1062),#877,.F.);
#3265=ADVANCED_FACE('',(#1063),#878,.T.);
#3266=ADVANCED_FACE('',(#1064),#3088,.F.);
#3267=ADVANCED_FACE('',(#1065),#3089,.T.);
#3268=ADVANCED_FACE('',(#1066),#3090,.F.);
#3269=ADVANCED_FACE('',(#1067),#3091,.F.);
#3270=ADVANCED_FACE('',(#1068),#3092,.F.);
#3271=ADVANCED_FACE('',(#1069),#3093,.F.);
#3272=ADVANCED_FACE('',(#1070),#879,.F.);
#3273=ADVANCED_FACE('',(#1071),#880,.F.);
#3274=ADVANCED_FACE('',(#1072),#881,.F.);
#3275=ADVANCED_FACE('',(#1073),#882,.F.);
#3276=ADVANCED_FACE('',(#1074),#3094,.F.);
#3277=ADVANCED_FACE('',(#1075),#3095,.T.);
#3278=ADVANCED_FACE('',(#1076),#883,.T.);
#3279=ADVANCED_FACE('',(#1077),#3096,.T.);
#3280=ADVANCED_FACE('',(#1078),#3097,.T.);
#3281=ADVANCED_FACE('',(#1079),#3098,.T.);
#3282=ADVANCED_FACE('',(#1080),#3099,.T.);
#3283=ADVANCED_FACE('',(#1081),#3100,.T.);
#3284=ADVANCED_FACE('',(#1082),#884,.F.);
#3285=ADVANCED_FACE('',(#1083),#3101,.T.);
#3286=ADVANCED_FACE('',(#1084),#3102,.T.);
#3287=ADVANCED_FACE('',(#1085),#3103,.T.);
#3288=ADVANCED_FACE('',(#1086),#885,.T.);
#3289=ADVANCED_FACE('',(#1087),#886,.T.);
#3290=ADVANCED_FACE('',(#1088),#887,.T.);
#3291=ADVANCED_FACE('',(#1089),#888,.T.);
#3292=ADVANCED_FACE('',(#1090),#889,.T.);
#3293=ADVANCED_FACE('',(#1091),#3104,.T.);
#3294=ADVANCED_FACE('',(#1092),#3105,.F.);
#3295=ADVANCED_FACE('',(#1093),#890,.F.);
#3296=ADVANCED_FACE('',(#1094),#3106,.F.);
#3297=ADVANCED_FACE('',(#1095),#3107,.F.);
#3298=ADVANCED_FACE('',(#1096),#3108,.F.);
#3299=ADVANCED_FACE('',(#1097),#3109,.F.);
#3300=CLOSED_SHELL('',(#3110,#3111,#3112,#3113,#3114));
#3301=CLOSED_SHELL('',(#3115,#3116,#3117,#3118,#3119,#3120,#3121,#3122,
#3123,#3124,#3125,#3126,#3127,#3128,#3129,#3130,#3131,#3132,#3133,#3134,
#3135,#3136));
#3302=CLOSED_SHELL('',(#3137,#3138,#3139,#3140,#3141,#3142,#3143,#3144,
#3145,#3146,#3147,#3148,#3149,#3150,#3151,#3152,#3153,#3154,#3155,#3156,
#3157,#3158,#3159,#3160,#3161,#3162,#3163,#3164,#3165));
#3303=CLOSED_SHELL('',(#3166,#3167,#3168,#3169,#3170,#3171,#3172,#3173,
#3174,#3175,#3176,#3177,#3178,#3179,#3180,#3181,#3182,#3183,#3184,#3185,
#3186,#3187,#3188,#3189,#3190,#3191,#3192,#3193));
#3304=CLOSED_SHELL('',(#3194,#3195,#3196,#3197,#3198,#3199,#3200,#3201,
#3202,#3203,#3204));
#3305=CLOSED_SHELL('',(#3205,#3206,#3207,#3208,#3209));
#3306=CLOSED_SHELL('',(#3210,#3211,#3212,#3213,#3214,#3215,#3216,#3217,
#3218,#3219,#3220,#3221,#3222,#3223,#3224,#3225,#3226,#3227,#3228,#3229,
#3230,#3231,#3232,#3233,#3234,#3235,#3236,#3237,#3238,#3239,#3240,#3241,
#3242,#3243,#3244,#3245,#3246,#3247,#3248,#3249,#3250,#3251,#3252,#3253,
#3254));
#3307=CLOSED_SHELL('',(#3255,#3256,#3257,#3258,#3259,#3260,#3261,#3262,
#3263,#3264,#3265,#3266,#3267,#3268,#3269,#3270,#3271,#3272,#3273,#3274,
#3275,#3276,#3277,#3278,#3279,#3280,#3281,#3282,#3283,#3284,#3285,#3286,
#3287,#3288,#3289,#3290,#3291,#3292,#3293,#3294,#3295,#3296,#3297,#3298,
#3299));
#3308=DERIVED_UNIT_ELEMENT(#3316,1.);
#3309=DERIVED_UNIT_ELEMENT(#8150,-3.);
#3310=DERIVED_UNIT_ELEMENT(#3316,1.);
#3311=DERIVED_UNIT_ELEMENT(#8150,-3.);
#3312=DERIVED_UNIT_ELEMENT(#3316,1.);
#3313=DERIVED_UNIT_ELEMENT(#8150,-3.);
#3314=DERIVED_UNIT_ELEMENT(#3316,1.);
#3315=DERIVED_UNIT_ELEMENT(#8150,-3.);
#3316=(
MASS_UNIT()
NAMED_UNIT(*)
SI_UNIT(.KILO.,.GRAM.)
);
#3317=DERIVED_UNIT((#3308,#3309));
#3318=DERIVED_UNIT((#3310,#3311));
#3319=DERIVED_UNIT((#3312,#3313));
#3320=DERIVED_UNIT((#3314,#3315));
#3321=MEASURE_REPRESENTATION_ITEM('density measure',
POSITIVE_RATIO_MEASURE(7850.),#3317);
#3322=MEASURE_REPRESENTATION_ITEM('density measure',
POSITIVE_RATIO_MEASURE(7850.),#3318);
#3323=MEASURE_REPRESENTATION_ITEM('density measure',
POSITIVE_RATIO_MEASURE(7850.),#3319);
#3324=MEASURE_REPRESENTATION_ITEM('density measure',
POSITIVE_RATIO_MEASURE(7850.),#3320);
#3325=PROPERTY_DEFINITION_REPRESENTATION(#3345,#3333);
#3326=PROPERTY_DEFINITION_REPRESENTATION(#3346,#3334);
#3327=PROPERTY_DEFINITION_REPRESENTATION(#3347,#3335);
#3328=PROPERTY_DEFINITION_REPRESENTATION(#3348,#3336);
#3329=PROPERTY_DEFINITION_REPRESENTATION(#3349,#3337);
#3330=PROPERTY_DEFINITION_REPRESENTATION(#3350,#3338);
#3331=PROPERTY_DEFINITION_REPRESENTATION(#3351,#3339);
#3332=PROPERTY_DEFINITION_REPRESENTATION(#3352,#3340);
#3333=REPRESENTATION('material name',(#3341),#8142);
#3334=REPRESENTATION('density',(#3321),#8142);
#3335=REPRESENTATION('material name',(#3342),#8145);
#3336=REPRESENTATION('density',(#3322),#8145);
#3337=REPRESENTATION('material name',(#3343),#8146);
#3338=REPRESENTATION('density',(#3323),#8146);
#3339=REPRESENTATION('material name',(#3344),#8147);
#3340=REPRESENTATION('density',(#3324),#8147);
#3341=DESCRIPTIVE_REPRESENTATION_ITEM('Steel','Steel');
#3342=DESCRIPTIVE_REPRESENTATION_ITEM('Steel','Steel');
#3343=DESCRIPTIVE_REPRESENTATION_ITEM('Steel','Steel');
#3344=DESCRIPTIVE_REPRESENTATION_ITEM('Steel','Steel');
#3345=PROPERTY_DEFINITION('material property','material name',#8184);
#3346=PROPERTY_DEFINITION('material property','density of part',#8184);
#3347=PROPERTY_DEFINITION('material property','material name',#8187);
#3348=PROPERTY_DEFINITION('material property','density of part',#8187);
#3349=PROPERTY_DEFINITION('material property','material name',#8188);
#3350=PROPERTY_DEFINITION('material property','density of part',#8188);
#3351=PROPERTY_DEFINITION('material property','material name',#8189);
#3352=PROPERTY_DEFINITION('material property','density of part',#8189);
#3353=AXIS2_PLACEMENT_3D('',#4344,#3576,#3577);
#3354=AXIS2_PLACEMENT_3D('',#4345,#3578,#3579);
#3355=AXIS2_PLACEMENT_3D('',#4579,#3580,#3581);
#3356=AXIS2_PLACEMENT_3D('',#4615,#3582,#3583);
#3357=AXIS2_PLACEMENT_3D('',#5006,#3584,#3585);
#3358=AXIS2_PLACEMENT_3D('',#5052,#3586,#3587);
#3359=AXIS2_PLACEMENT_3D('',#5054,#3588,#3589);
#3360=AXIS2_PLACEMENT_3D('',#5057,#3591,#3592);
#3361=AXIS2_PLACEMENT_3D('',#5058,#3593,#3594);
#3362=AXIS2_PLACEMENT_3D('',#5059,#3595,#3596);
#3363=AXIS2_PLACEMENT_3D('',#5061,#3597,#3598);
#3364=AXIS2_PLACEMENT_3D('',#5064,#3600,#3601);
#3365=AXIS2_PLACEMENT_3D('',#5065,#3602,#3603);
#3366=AXIS2_PLACEMENT_3D('',#5066,#3604,#3605);
#3367=AXIS2_PLACEMENT_3D('',#5068,#3606,#3607);
#3368=AXIS2_PLACEMENT_3D('',#5071,#3609,#3610);
#3369=AXIS2_PLACEMENT_3D('',#5072,#3611,#3612);
#3370=AXIS2_PLACEMENT_3D('',#5073,#3613,#3614);
#3371=AXIS2_PLACEMENT_3D('',#5075,#3615,#3616);
#3372=AXIS2_PLACEMENT_3D('',#5078,#3618,#3619);
#3373=AXIS2_PLACEMENT_3D('',#5079,#3620,#3621);
#3374=AXIS2_PLACEMENT_3D('',#5080,#3622,#3623);
#3375=AXIS2_PLACEMENT_3D('',#5083,#3624,#3625);
#3376=AXIS2_PLACEMENT_3D('',#5087,#3627,#3628);
#3377=AXIS2_PLACEMENT_3D('',#5089,#3630,#3631);
#3378=AXIS2_PLACEMENT_3D('',#5095,#3635,#3636);
#3379=AXIS2_PLACEMENT_3D('',#5097,#3637,#3638);
#3380=AXIS2_PLACEMENT_3D('',#5099,#3639,#3640);
#3381=AXIS2_PLACEMENT_3D('',#5101,#3642,#3643);
#3382=AXIS2_PLACEMENT_3D('',#5107,#3647,#3648);
#3383=AXIS2_PLACEMENT_3D('',#5109,#3649,#3650);
#3384=AXIS2_PLACEMENT_3D('',#5111,#3651,#3652);
#3385=AXIS2_PLACEMENT_3D('',#5113,#3654,#3655);
#3386=AXIS2_PLACEMENT_3D('',#5119,#3659,#3660);
#3387=AXIS2_PLACEMENT_3D('',#5121,#3661,#3662);
#3388=AXIS2_PLACEMENT_3D('',#5123,#3663,#3664);
#3389=AXIS2_PLACEMENT_3D('',#5125,#3666,#3667);
#3390=AXIS2_PLACEMENT_3D('',#5128,#3670,#3671);
#3391=AXIS2_PLACEMENT_3D('',#5362,#3672,#3673);
#3392=AXIS2_PLACEMENT_3D('',#5398,#3674,#3675);
#3393=AXIS2_PLACEMENT_3D('',#5789,#3676,#3677);
#3394=AXIS2_PLACEMENT_3D('',#5835,#3678,#3679);
#3395=AXIS2_PLACEMENT_3D('',#5836,#3680,#3681);
#3396=AXIS2_PLACEMENT_3D('',#5837,#3682,#3683);
#3397=AXIS2_PLACEMENT_3D('',#5838,#3684,#3685);
#3398=AXIS2_PLACEMENT_3D('',#5840,#3686,#3687);
#3399=AXIS2_PLACEMENT_3D('',#5843,#3689,#3690);
#3400=AXIS2_PLACEMENT_3D('',#5844,#3691,#3692);
#3401=AXIS2_PLACEMENT_3D('',#5845,#3693,#3694);
#3402=AXIS2_PLACEMENT_3D('',#5848,#3695,#3696);
#3403=AXIS2_PLACEMENT_3D('',#5850,#3697,#3698);
#3404=AXIS2_PLACEMENT_3D('',#5852,#3699,#3700);
#3405=AXIS2_PLACEMENT_3D('',#5854,#3701,#3702);
#3406=AXIS2_PLACEMENT_3D('',#5858,#3704,#3705);
#3407=AXIS2_PLACEMENT_3D('',#5860,#3707,#3708);
#3408=AXIS2_PLACEMENT_3D('',#5861,#3709,#3710);
#3409=AXIS2_PLACEMENT_3D('',#5862,#3711,#3712);
#3410=AXIS2_PLACEMENT_3D('',#5863,#3713,#3714);
#3411=AXIS2_PLACEMENT_3D('',#5864,#3715,#3716);
#3412=AXIS2_PLACEMENT_3D('',#5868,#3719,#3720);
#3413=AXIS2_PLACEMENT_3D('',#5872,#3723,#3724);
#3414=AXIS2_PLACEMENT_3D('',#5878,#3728,#3729);
#3415=AXIS2_PLACEMENT_3D('',#5881,#3730,#3731);
#3416=AXIS2_PLACEMENT_3D('',#5885,#3733,#3734);
#3417=AXIS2_PLACEMENT_3D('',#5887,#3736,#3737);
#3418=AXIS2_PLACEMENT_3D('',#5893,#3741,#3742);
#3419=AXIS2_PLACEMENT_3D('',#5899,#3746,#3747);
#3420=AXIS2_PLACEMENT_3D('',#5908,#3752,#3753);
#3421=AXIS2_PLACEMENT_3D('',#5911,#3756,#3757);
#3422=AXIS2_PLACEMENT_3D('',#5917,#3761,#3762);
#3423=AXIS2_PLACEMENT_3D('',#5923,#3766,#3767);
#3424=AXIS2_PLACEMENT_3D('',#5929,#3771,#3772);
#3425=AXIS2_PLACEMENT_3D('',#5932,#3775,#3776);
#3426=AXIS2_PLACEMENT_3D('',#5941,#3781,#3782);
#3427=AXIS2_PLACEMENT_3D('',#5950,#3787,#3788);
#3428=AXIS2_PLACEMENT_3D('',#5956,#3792,#3793);
#3429=AXIS2_PLACEMENT_3D('',#5958,#3794,#3795);
#3430=AXIS2_PLACEMENT_3D('',#5960,#3796,#3797);
#3431=AXIS2_PLACEMENT_3D('',#5962,#3799,#3800);
#3432=AXIS2_PLACEMENT_3D('',#5965,#3803,#3804);
#3433=AXIS2_PLACEMENT_3D('',#5971,#3808,#3809);
#3434=AXIS2_PLACEMENT_3D('',#5977,#3813,#3814);
#3435=AXIS2_PLACEMENT_3D('',#5983,#3818,#3819);
#3436=AXIS2_PLACEMENT_3D('',#5986,#3822,#3823);
#3437=AXIS2_PLACEMENT_3D('',#5988,#3825,#3826);
#3438=AXIS2_PLACEMENT_3D('',#5990,#3828,#3829);
#3439=AXIS2_PLACEMENT_3D('',#5991,#3830,#3831);
#3440=AXIS2_PLACEMENT_3D('',#5992,#3832,#3833);
#3441=AXIS2_PLACEMENT_3D('',#5994,#3834,#3835);
#3442=AXIS2_PLACEMENT_3D('',#5997,#3837,#3838);
#3443=AXIS2_PLACEMENT_3D('',#5998,#3839,#3840);
#3444=AXIS2_PLACEMENT_3D('',#6000,#3841,#3842);
#3445=AXIS2_PLACEMENT_3D('',#6003,#3844,#3845);
#3446=AXIS2_PLACEMENT_3D('',#6004,#3846,#3847);
#3447=AXIS2_PLACEMENT_3D('',#6006,#3848,#3849);
#3448=AXIS2_PLACEMENT_3D('',#6009,#3851,#3852);
#3449=AXIS2_PLACEMENT_3D('',#6010,#3853,#3854);
#3450=AXIS2_PLACEMENT_3D('',#6012,#3855,#3856);
#3451=AXIS2_PLACEMENT_3D('',#6015,#3858,#3859);
#3452=AXIS2_PLACEMENT_3D('',#6016,#3860,#3861);
#3453=AXIS2_PLACEMENT_3D('',#6018,#3862,#3863);
#3454=AXIS2_PLACEMENT_3D('',#6021,#3865,#3866);
#3455=AXIS2_PLACEMENT_3D('',#6022,#3867,#3868);
#3456=AXIS2_PLACEMENT_3D('',#6024,#3869,#3870);
#3457=AXIS2_PLACEMENT_3D('',#6027,#3872,#3873);
#3458=AXIS2_PLACEMENT_3D('',#6028,#3874,#3875);
#3459=AXIS2_PLACEMENT_3D('',#6030,#3876,#3877);
#3460=AXIS2_PLACEMENT_3D('',#6033,#3879,#3880);
#3461=AXIS2_PLACEMENT_3D('',#6034,#3881,#3882);
#3462=AXIS2_PLACEMENT_3D('',#6036,#3883,#3884);
#3463=AXIS2_PLACEMENT_3D('',#6039,#3886,#3887);
#3464=AXIS2_PLACEMENT_3D('',#6040,#3888,#3889);
#3465=AXIS2_PLACEMENT_3D('',#6042,#3890,#3891);
#3466=AXIS2_PLACEMENT_3D('',#6045,#3893,#3894);
#3467=AXIS2_PLACEMENT_3D('',#6046,#3895,#3896);
#3468=AXIS2_PLACEMENT_3D('',#6048,#3897,#3898);
#3469=AXIS2_PLACEMENT_3D('',#6051,#3900,#3901);
#3470=AXIS2_PLACEMENT_3D('',#6052,#3902,#3903);
#3471=AXIS2_PLACEMENT_3D('',#6054,#3904,#3905);
#3472=AXIS2_PLACEMENT_3D('',#6057,#3907,#3908);
#3473=AXIS2_PLACEMENT_3D('',#6058,#3909,#3910);
#3474=AXIS2_PLACEMENT_3D('',#6060,#3911,#3912);
#3475=AXIS2_PLACEMENT_3D('',#6063,#3914,#3915);
#3476=AXIS2_PLACEMENT_3D('',#6064,#3916,#3917);
#3477=AXIS2_PLACEMENT_3D('',#6066,#3918,#3919);
#3478=AXIS2_PLACEMENT_3D('',#6069,#3921,#3922);
#3479=AXIS2_PLACEMENT_3D('',#6070,#3923,#3924);
#3480=AXIS2_PLACEMENT_3D('',#6072,#3925,#3926);
#3481=AXIS2_PLACEMENT_3D('',#6073,#3927,#3928);
#3482=AXIS2_PLACEMENT_3D('',#6075,#3929,#3930);
#3483=AXIS2_PLACEMENT_3D('',#6077,#3932,#3933);
#3484=AXIS2_PLACEMENT_3D('',#6079,#3934,#3935);
#3485=AXIS2_PLACEMENT_3D('',#6082,#3937,#3938);
#3486=AXIS2_PLACEMENT_3D('',#6083,#3939,#3940);
#3487=AXIS2_PLACEMENT_3D('',#6084,#3941,#3942);
#3488=AXIS2_PLACEMENT_3D('',#6086,#3943,#3944);
#3489=AXIS2_PLACEMENT_3D('',#6087,#3945,#3946);
#3490=AXIS2_PLACEMENT_3D('',#6090,#3947,#3948);
#3491=AXIS2_PLACEMENT_3D('',#6094,#3950,#3951);
#3492=AXIS2_PLACEMENT_3D('',#6096,#3953,#3954);
#3493=AXIS2_PLACEMENT_3D('',#6099,#3955,#3956);
#3494=AXIS2_PLACEMENT_3D('',#6103,#3958,#3959);
#3495=AXIS2_PLACEMENT_3D('',#6105,#3961,#3962);
#3496=AXIS2_PLACEMENT_3D('',#6111,#3966,#3967);
#3497=AXIS2_PLACEMENT_3D('',#6113,#3968,#3969);
#3498=AXIS2_PLACEMENT_3D('',#6115,#3971,#3972);
#3499=AXIS2_PLACEMENT_3D('',#6119,#3975,#3976);
#3500=AXIS2_PLACEMENT_3D('',#6125,#3980,#3981);
#3501=AXIS2_PLACEMENT_3D('',#6127,#3982,#3983);
#3502=AXIS2_PLACEMENT_3D('',#6129,#3985,#3986);
#3503=AXIS2_PLACEMENT_3D('',#6133,#3989,#3990);
#3504=AXIS2_PLACEMENT_3D('',#6135,#3991,#3992);
#3505=AXIS2_PLACEMENT_3D('',#6137,#3994,#3995);
#3506=AXIS2_PLACEMENT_3D('',#6138,#3996,#3997);
#3507=AXIS2_PLACEMENT_3D('',#6139,#3998,#3999);
#3508=AXIS2_PLACEMENT_3D('',#6140,#4000,#4001);
#3509=AXIS2_PLACEMENT_3D('',#6141,#4002,#4003);
#3510=AXIS2_PLACEMENT_3D('',#6142,#4004,#4005);
#3511=AXIS2_PLACEMENT_3D('',#6143,#4006,#4007);
#3512=AXIS2_PLACEMENT_3D('',#6144,#4008,#4009);
#3513=AXIS2_PLACEMENT_3D('',#6145,#4010,#4011);
#3514=AXIS2_PLACEMENT_3D('',#6154,#4016,#4017);
#3515=AXIS2_PLACEMENT_3D('',#6160,#4021,#4022);
#3516=AXIS2_PLACEMENT_3D('',#6166,#4026,#4027);
#3517=AXIS2_PLACEMENT_3D('',#6169,#4030,#4031);
#3518=AXIS2_PLACEMENT_3D('',#6178,#4036,#4037);
#3519=AXIS2_PLACEMENT_3D('',#6184,#4041,#4042);
#3520=AXIS2_PLACEMENT_3D('',#6188,#4045,#4046);
#3521=AXIS2_PLACEMENT_3D('',#6192,#4049,#4050);
#3522=AXIS2_PLACEMENT_3D('',#6194,#4052,#4053);
#3523=AXIS2_PLACEMENT_3D('',#6195,#4054,#4055);
#3524=AXIS2_PLACEMENT_3D('',#6619,#4056,#4057);
#3525=AXIS2_PLACEMENT_3D('',#6621,#4058,#4059);
#3526=AXIS2_PLACEMENT_3D('',#6773,#4060,#4061);
#3527=AXIS2_PLACEMENT_3D('',#6782,#4066,#4067);
#3528=AXIS2_PLACEMENT_3D('',#6788,#4071,#4072);
#3529=AXIS2_PLACEMENT_3D('',#6794,#4076,#4077);
#3530=AXIS2_PLACEMENT_3D('',#6797,#4080,#4081);
#3531=AXIS2_PLACEMENT_3D('',#6798,#4082,#4083);
#3532=AXIS2_PLACEMENT_3D('',#6812,#4084,#4085);
#3533=AXIS2_PLACEMENT_3D('',#6823,#4089,#4090);
#3534=AXIS2_PLACEMENT_3D('',#6835,#4097,#4098);
#3535=AXIS2_PLACEMENT_3D('',#6849,#4101,#4102);
#3536=AXIS2_PLACEMENT_3D('',#6857,#4107,#4108);
#3537=AXIS2_PLACEMENT_3D('',#7001,#4128,#4129);
#3538=AXIS2_PLACEMENT_3D('',#7005,#4132,#4133);
#3539=AXIS2_PLACEMENT_3D('',#7007,#4135,#4136);
#3540=AXIS2_PLACEMENT_3D('',#7011,#4139,#4140);
#3541=AXIS2_PLACEMENT_3D('',#7061,#4148,#4149);
#3542=AXIS2_PLACEMENT_3D('',#7221,#4161,#4162);
#3543=AXIS2_PLACEMENT_3D('',#7289,#4172,#4173);
#3544=AXIS2_PLACEMENT_3D('',#7291,#4175,#4176);
#3545=AXIS2_PLACEMENT_3D('',#7293,#4178,#4179);
#3546=AXIS2_PLACEMENT_3D('',#7295,#4181,#4182);
#3547=AXIS2_PLACEMENT_3D('',#7297,#4184,#4185);
#3548=AXIS2_PLACEMENT_3D('',#7342,#4190,#4191);
#3549=AXIS2_PLACEMENT_3D('',#7451,#4198,#4199);
#3550=AXIS2_PLACEMENT_3D('',#7460,#4204,#4205);
#3551=AXIS2_PLACEMENT_3D('',#7466,#4209,#4210);
#3552=AXIS2_PLACEMENT_3D('',#7472,#4214,#4215);
#3553=AXIS2_PLACEMENT_3D('',#7475,#4218,#4219);
#3554=AXIS2_PLACEMENT_3D('',#7476,#4220,#4221);
#3555=AXIS2_PLACEMENT_3D('',#7490,#4222,#4223);
#3556=AXIS2_PLACEMENT_3D('',#7501,#4227,#4228);
#3557=AXIS2_PLACEMENT_3D('',#7513,#4235,#4236);
#3558=AXIS2_PLACEMENT_3D('',#7527,#4239,#4240);
#3559=AXIS2_PLACEMENT_3D('',#7535,#4245,#4246);
#3560=AXIS2_PLACEMENT_3D('',#7679,#4266,#4267);
#3561=AXIS2_PLACEMENT_3D('',#7683,#4270,#4271);
#3562=AXIS2_PLACEMENT_3D('',#7685,#4273,#4274);
#3563=AXIS2_PLACEMENT_3D('',#7689,#4277,#4278);
#3564=AXIS2_PLACEMENT_3D('',#7739,#4286,#4287);
#3565=AXIS2_PLACEMENT_3D('',#7899,#4299,#4300);
#3566=AXIS2_PLACEMENT_3D('',#7967,#4310,#4311);
#3567=AXIS2_PLACEMENT_3D('',#7969,#4313,#4314);
#3568=AXIS2_PLACEMENT_3D('',#7971,#4316,#4317);
#3569=AXIS2_PLACEMENT_3D('',#7973,#4319,#4320);
#3570=AXIS2_PLACEMENT_3D('',#7975,#4322,#4323);
#3571=AXIS2_PLACEMENT_3D('',#8020,#4328,#4329);
#3572=AXIS2_PLACEMENT_3D('',#8129,#4336,#4337);
#3573=AXIS2_PLACEMENT_3D('',#8130,#4338,#4339);
#3574=AXIS2_PLACEMENT_3D('',#8131,#4340,#4341);
#3575=AXIS2_PLACEMENT_3D('',#8132,#4342,#4343);
#3576=DIRECTION('axis',(0.,0.,1.));
#3577=DIRECTION('refdir',(1.,0.,0.));
#3578=DIRECTION('axis',(0.,0.,1.));
#3579=DIRECTION('refdir',(1.,0.,0.));
#3580=DIRECTION('center_axis',(-2.58399759936107E-14,1.,-6.34896666284755E-14));
#3581=DIRECTION('ref_axis',(-0.870915397187224,8.69648292800547E-15,0.491432977060168));
#3582=DIRECTION('center_axis',(2.89861341840266E-15,1.,-7.0919944215824E-16));
#3583=DIRECTION('ref_axis',(0.975052421214651,-2.98372437868011E-15,-0.221974719018734));
#3584=DIRECTION('center_axis',(0.975052421214654,6.12323399573677E-17,-0.221974719018722));
#3585=DIRECTION('ref_axis',(0.0492727758834408,-0.975052421214654,0.216436987227648));
#3586=DIRECTION('center_axis',(-0.982287250728696,-1.76941794549635E-15,
-0.187381314585684));
#3587=DIRECTION('ref_axis',(-1.80096811078209E-15,1.,-1.86748239507894E-18));
#3588=DIRECTION('center_axis',(-0.982287250728696,-1.75945173088626E-15,
-0.187381314585686));
#3589=DIRECTION('ref_axis',(-1.79117842523258E-15,1.,1.14631350289928E-30));
#3590=DIRECTION('',(0.982287250728696,1.76941794549635E-15,0.187381314585684));
#3591=DIRECTION('center_axis',(0.982287250728696,1.75864414850511E-15,0.187381314585686));
#3592=DIRECTION('ref_axis',(-1.80096811078209E-15,1.,-1.86748239507894E-18));
#3593=DIRECTION('center_axis',(0.982287250728696,1.75945173088626E-15,0.187381314585686));
#3594=DIRECTION('ref_axis',(-1.79117842523258E-15,1.,1.14631350289928E-30));
#3595=DIRECTION('center_axis',(-0.982287250728696,-1.76941794549635E-15,
-0.187381314585684));
#3596=DIRECTION('ref_axis',(-1.80096811078209E-15,1.,-1.86748239507897E-18));
#3597=DIRECTION('center_axis',(-0.982287250728696,-1.75945173088626E-15,
-0.187381314585685));
#3598=DIRECTION('ref_axis',(-1.79117842523258E-15,1.,1.1956173094756E-30));
#3599=DIRECTION('',(0.982287250728696,1.76941794549635E-15,0.187381314585684));
#3600=DIRECTION('center_axis',(0.982287250728696,1.75864414850511E-15,0.187381314585686));
#3601=DIRECTION('ref_axis',(-1.80096811078209E-15,1.,-1.86748239507897E-18));
#3602=DIRECTION('center_axis',(0.982287250728696,1.75945173088626E-15,0.187381314585685));
#3603=DIRECTION('ref_axis',(-1.79117842523258E-15,1.,1.34343510292116E-30));
#3604=DIRECTION('center_axis',(-0.982287250728696,-1.76941794549635E-15,
-0.187381314585684));
#3605=DIRECTION('ref_axis',(-1.80096811078209E-15,1.,-1.86748239507897E-18));
#3606=DIRECTION('center_axis',(-0.982287250728696,-1.75945173088626E-15,
-0.187381314585685));
#3607=DIRECTION('ref_axis',(-1.79117842523258E-15,1.,1.1956173094756E-30));
#3608=DIRECTION('',(0.982287250728696,1.76941794549635E-15,0.187381314585684));
#3609=DIRECTION('center_axis',(0.982287250728696,1.75864414850511E-15,0.187381314585686));
#3610=DIRECTION('ref_axis',(-1.80096811078209E-15,1.,-1.86748239507897E-18));
#3611=DIRECTION('center_axis',(0.982287250728696,1.75945173088626E-15,0.187381314585685));
#3612=DIRECTION('ref_axis',(-1.79117842523258E-15,1.,1.30648065455977E-30));
#3613=DIRECTION('center_axis',(-0.982287250728696,-1.76941794549635E-15,
-0.187381314585684));
#3614=DIRECTION('ref_axis',(-1.80096811078209E-15,1.,-1.86748239507895E-18));
#3615=DIRECTION('center_axis',(-0.982287250728696,-1.75945173088626E-15,
-0.187381314585685));
#3616=DIRECTION('ref_axis',(-1.79117842523258E-15,1.,1.31172892040362E-30));
#3617=DIRECTION('',(0.982287250728696,1.76941794549635E-15,0.187381314585684));
#3618=DIRECTION('center_axis',(0.982287250728696,1.75864414850511E-15,0.187381314585686));
#3619=DIRECTION('ref_axis',(-1.80096811078209E-15,1.,-1.86748239507895E-18));
#3620=DIRECTION('center_axis',(0.982287250728696,1.75945173088626E-15,0.187381314585685));
#3621=DIRECTION('ref_axis',(-1.79117842523258E-15,1.,1.31172892040362E-30));
#3622=DIRECTION('center_axis',(-0.982287250728696,-1.76941794549634E-15,
-0.187381314585686));
#3623=DIRECTION('ref_axis',(0.0208432712328238,0.993794184321446,-0.10926425423343));
#3624=DIRECTION('center_axis',(0.975052421214654,-6.12323399573677E-17,
0.221974719018722));
#3625=DIRECTION('ref_axis',(0.221974719018722,4.53264562701366E-14,-0.975052421214654));
#3626=DIRECTION('',(-0.982287250728696,-1.76941794549634E-15,-0.187381314585686));
#3627=DIRECTION('center_axis',(0.982287250728696,1.44214247554624E-15,0.187381314585686));
#3628=DIRECTION('ref_axis',(0.020843271232824,0.993794184321446,-0.10926425423343));
#3629=DIRECTION('',(-0.982287250728696,-1.76941794549634E-15,-0.187381314585686));
#3630=DIRECTION('center_axis',(-0.0211346304249759,0.993618913856214,0.110791612606718));
#3631=DIRECTION('ref_axis',(0.186185618275577,0.112789423383566,-0.976019191163854));
#3632=DIRECTION('',(-0.220560030989538,-0.11271987903827,0.968838222614845));
#3633=DIRECTION('',(-0.186185618275577,-0.112789423383566,0.976019191163854));
#3634=DIRECTION('',(-0.982287250728696,-1.76941794549634E-15,-0.187381314585686));
#3635=DIRECTION('center_axis',(-0.982287250728696,-1.76941794549634E-15,
-0.187381314585686));
#3636=DIRECTION('ref_axis',(-0.0211346151258454,0.993618923124274,0.110791532405867));
#3637=DIRECTION('center_axis',(0.975052421214654,-6.12323399573677E-17,
0.221974719018722));
#3638=DIRECTION('ref_axis',(-0.221974719018722,-4.52826794363066E-14,0.975052421214654));
#3639=DIRECTION('center_axis',(0.982287250728696,1.21729807496547E-15,0.187381314585685));
#3640=DIRECTION('ref_axis',(-0.0211346151258448,0.993618923124274,0.110791532405867));
#3641=DIRECTION('',(-0.982287250728696,-1.76941794549634E-15,-0.187381314585686));
#3642=DIRECTION('center_axis',(-0.0211600090547031,-0.993603530381202,0.110924652042804));
#3643=DIRECTION('ref_axis',(-0.186182735699807,0.112924861806478,0.976004080172478));
#3644=DIRECTION('',(0.220556620429474,-0.112855236105772,-0.968823241292363));
#3645=DIRECTION('',(0.186182735699807,-0.112924861806478,-0.976004080172478));
#3646=DIRECTION('',(-0.982287250728696,-1.76941794549634E-15,-0.187381314585686));
#3647=DIRECTION('center_axis',(-0.982287250728696,-1.76941794549634E-15,
-0.187381314585686));
#3648=DIRECTION('ref_axis',(-0.0211600090547039,-0.993603530381201,0.110924652042808));
#3649=DIRECTION('center_axis',(0.975052421214654,-6.12323399573677E-17,
0.221974719018722));
#3650=DIRECTION('ref_axis',(-0.221974719018722,-7.19218513380521E-14,0.975052421214654));
#3651=DIRECTION('center_axis',(0.982287250728696,1.75864414850511E-15,0.187381314585686));
#3652=DIRECTION('ref_axis',(-0.0211600090547038,-0.993603530381201,0.110924652042808));
#3653=DIRECTION('',(-0.982287250728696,-1.76941794549634E-15,-0.187381314585686));
#3654=DIRECTION('center_axis',(0.0214513119585465,-0.993425615198138,-0.112451715342444));
#3655=DIRECTION('ref_axis',(-0.186149397718921,-0.114479461337835,0.975829316356443));
#3656=DIRECTION('',(0.220517176114324,0.114408902375015,-0.968649977079393));
#3657=DIRECTION('',(0.186149397718921,0.114479461337835,-0.975829316356443));
#3658=DIRECTION('',(-0.982287250728696,-1.76941794549634E-15,-0.187381314585686));
#3659=DIRECTION('center_axis',(-0.982287250728696,-1.76941794549634E-15,
-0.187381314585686));
#3660=DIRECTION('ref_axis',(0.0214513119585479,-0.993425615198137,-0.112451715342451));
#3661=DIRECTION('center_axis',(0.975052421214654,-6.12323399573677E-17,
0.221974719018722));
#3662=DIRECTION('ref_axis',(0.221974719018722,2.4270961413028E-14,-0.975052421214654));
#3663=DIRECTION('center_axis',(0.982287250728696,1.21444997060039E-15,0.187381314585685));
#3664=DIRECTION('ref_axis',(0.0214513119585472,-0.993425615198137,-0.112451715342451));
#3665=DIRECTION('',(-0.982287250728696,-1.76941794549634E-15,-0.187381314585686));
#3666=DIRECTION('center_axis',(0.0208432712328252,0.993794184321445,-0.109264254233437));
#3667=DIRECTION('ref_axis',(0.186218460685762,-0.111234523457757,-0.976191357107279));
#3668=DIRECTION('',(-0.220598888935262,0.111165913665301,0.969008911124911));
#3669=DIRECTION('',(-0.186218460685762,0.111234523457757,0.976191357107279));
#3670=DIRECTION('center_axis',(0.982287250728696,1.75864414850511E-15,0.187381314585686));
#3671=DIRECTION('ref_axis',(-1.79038514735566E-15,1.,1.51325848217749E-19));
#3672=DIRECTION('center_axis',(-2.58399759936107E-14,-1.,6.34896666284755E-14));
#3673=DIRECTION('ref_axis',(0.870915397187224,8.69648292800547E-15,0.491432977060168));
#3674=DIRECTION('center_axis',(2.89861341840266E-15,-1.,7.0919944215824E-16));
#3675=DIRECTION('ref_axis',(-0.975052421214651,-2.98372437868011E-15,-0.221974719018734));
#3676=DIRECTION('center_axis',(0.975052421214654,-6.12323399573677E-17,
0.221974719018722));
#3677=DIRECTION('ref_axis',(-0.0492727758834408,-0.975052421214654,0.216436987227648));
#3678=DIRECTION('axis',(0.,0.,1.));
#3679=DIRECTION('refdir',(1.,0.,0.));
#3680=DIRECTION('axis',(0.,0.,1.));
#3681=DIRECTION('refdir',(1.,0.,0.));
#3682=DIRECTION('axis',(0.,0.,1.));
#3683=DIRECTION('refdir',(1.,0.,0.));
#3684=DIRECTION('center_axis',(0.,0.,1.));
#3685=DIRECTION('ref_axis',(-1.,0.,0.));
#3686=DIRECTION('center_axis',(0.,0.,1.));
#3687=DIRECTION('ref_axis',(-1.,0.,0.));
#3688=DIRECTION('',(0.,0.,-1.));
#3689=DIRECTION('center_axis',(0.,0.,-1.));
#3690=DIRECTION('ref_axis',(-1.,0.,0.));
#3691=DIRECTION('center_axis',(0.,0.,1.));
#3692=DIRECTION('ref_axis',(-1.,0.,0.));
#3693=DIRECTION('center_axis',(0.,0.,1.));
#3694=DIRECTION('ref_axis',(-1.41130045503198E-16,1.,0.));
#3695=DIRECTION('center_axis',(0.,0.,-1.));
#3696=DIRECTION('ref_axis',(0.410491539070389,-0.911864406779661,0.));
#3697=DIRECTION('center_axis',(0.,0.,-1.));
#3698=DIRECTION('ref_axis',(0.410491539070389,-0.911864406779661,0.));
#3699=DIRECTION('center_axis',(0.,0.,-1.));
#3700=DIRECTION('ref_axis',(0.410491539070389,-0.911864406779661,0.));
#3701=DIRECTION('center_axis',(0.,0.,-1.));
#3702=DIRECTION('ref_axis',(0.410491539070389,-0.911864406779661,0.));
#3703=DIRECTION('',(0.,0.,1.));
#3704=DIRECTION('center_axis',(0.,0.,1.));
#3705=DIRECTION('ref_axis',(0.410491539070389,-0.911864406779661,0.));
#3706=DIRECTION('',(0.,0.,1.));
#3707=DIRECTION('center_axis',(0.,0.,1.));
#3708=DIRECTION('ref_axis',(-5.55111512312578E-17,-1.,0.));
#3709=DIRECTION('center_axis',(0.,0.,-1.));
#3710=DIRECTION('ref_axis',(-0.968760032206119,0.247999999999999,0.));
#3711=DIRECTION('center_axis',(0.,0.,1.));
#3712=DIRECTION('ref_axis',(-0.968760032206119,0.247999999999999,0.));
#3713=DIRECTION('center_axis',(0.,0.,1.));
#3714=DIRECTION('ref_axis',(-1.,0.,0.));
#3715=DIRECTION('center_axis',(0.,0.,1.));
#3716=DIRECTION('ref_axis',(1.,0.,0.));
#3717=DIRECTION('',(-1.,0.,0.));
#3718=DIRECTION('',(0.,-1.,0.));
#3719=DIRECTION('center_axis',(0.,0.,1.));
#3720=DIRECTION('ref_axis',(1.,0.,0.));
#3721=DIRECTION('',(0.,1.,0.));
#3722=DIRECTION('',(-1.,0.,0.));
#3723=DIRECTION('center_axis',(0.,0.,1.));
#3724=DIRECTION('ref_axis',(1.,0.,0.));
#3725=DIRECTION('',(0.,-1.,0.));
#3726=DIRECTION('',(1.,0.,0.));
#3727=DIRECTION('',(0.,1.,0.));
#3728=DIRECTION('center_axis',(0.,0.,1.));
#3729=DIRECTION('ref_axis',(-6.93889445786351E-17,-1.,0.));
#3730=DIRECTION('center_axis',(0.,0.,-1.));
#3731=DIRECTION('ref_axis',(0.650000051891784,0.759934163293557,0.));
#3732=DIRECTION('',(0.,0.,1.));
#3733=DIRECTION('center_axis',(0.,0.,-1.));
#3734=DIRECTION('ref_axis',(0.650000051891784,0.759934163293557,0.));
#3735=DIRECTION('',(0.,0.,1.));
#3736=DIRECTION('center_axis',(-1.,0.,0.));
#3737=DIRECTION('ref_axis',(0.,-1.,0.));
#3738=DIRECTION('',(0.,-1.,0.));
#3739=DIRECTION('',(0.,-1.,0.));
#3740=DIRECTION('',(0.,0.,1.));
#3741=DIRECTION('center_axis',(0.,1.,0.));
#3742=DIRECTION('ref_axis',(-1.,0.,0.));
#3743=DIRECTION('',(-1.,0.,0.));
#3744=DIRECTION('',(-1.,0.,0.));
#3745=DIRECTION('',(0.,0.,1.));
#3746=DIRECTION('center_axis',(1.96361101567648E-8,1.,0.));
#3747=DIRECTION('ref_axis',(-1.,1.96361101567648E-8,0.));
#3748=DIRECTION('',(-1.,1.96361101567648E-8,0.));
#3749=DIRECTION('',(0.,0.,1.));
#3750=DIRECTION('',(-1.,1.96361101567648E-8,0.));
#3751=DIRECTION('',(0.,0.,1.));
#3752=DIRECTION('center_axis',(1.,0.,0.));
#3753=DIRECTION('ref_axis',(0.,1.,0.));
#3754=DIRECTION('',(0.,-1.,0.));
#3755=DIRECTION('',(0.,1.,0.));
#3756=DIRECTION('center_axis',(0.,0.,-1.));
#3757=DIRECTION('ref_axis',(-1.,0.,0.));
#3758=DIRECTION('',(0.,1.,0.));
#3759=DIRECTION('',(1.,0.,0.));
#3760=DIRECTION('',(0.,-1.,0.));
#3761=DIRECTION('center_axis',(0.,0.,-1.));
#3762=DIRECTION('ref_axis',(-1.,0.,0.));
#3763=DIRECTION('',(0.,-1.,0.));
#3764=DIRECTION('',(-1.,0.,0.));
#3765=DIRECTION('',(0.,1.,0.));
#3766=DIRECTION('center_axis',(0.,1.,0.));
#3767=DIRECTION('ref_axis',(-1.,0.,0.));
#3768=DIRECTION('',(0.,0.,1.));
#3769=DIRECTION('',(1.,0.,0.));
#3770=DIRECTION('',(0.,0.,1.));
#3771=DIRECTION('center_axis',(0.,1.,0.));
#3772=DIRECTION('ref_axis',(-1.,0.,0.));
#3773=DIRECTION('',(0.,0.,1.));
#3774=DIRECTION('',(0.,0.,1.));
#3775=DIRECTION('center_axis',(1.9636109637969E-8,-1.,0.));
#3776=DIRECTION('ref_axis',(1.,1.9636109637969E-8,0.));
#3777=DIRECTION('',(-1.,-1.9636109637969E-8,0.));
#3778=DIRECTION('',(0.,0.,1.));
#3779=DIRECTION('',(1.,1.9636109637969E-8,0.));
#3780=DIRECTION('',(0.,0.,1.));
#3781=DIRECTION('center_axis',(-2.03986759600098E-8,-1.,0.));
#3782=DIRECTION('ref_axis',(1.,-2.03986759600098E-8,0.));
#3783=DIRECTION('',(-1.,2.03986759600098E-8,0.));
#3784=DIRECTION('',(0.,0.,1.));
#3785=DIRECTION('',(1.,-2.03986759600098E-8,0.));
#3786=DIRECTION('',(0.,0.,1.));
#3787=DIRECTION('center_axis',(-1.,0.,0.));
#3788=DIRECTION('ref_axis',(0.,-1.,0.));
#3789=DIRECTION('',(0.,1.,0.));
#3790=DIRECTION('',(0.,-1.,0.));
#3791=DIRECTION('',(0.,0.,1.));
#3792=DIRECTION('center_axis',(0.,0.,1.));
#3793=DIRECTION('ref_axis',(2.08166833735906E-16,1.,0.));
#3794=DIRECTION('center_axis',(0.,0.,-1.));
#3795=DIRECTION('ref_axis',(-0.650000051891784,-0.759934163293556,0.));
#3796=DIRECTION('center_axis',(0.,0.,-1.));
#3797=DIRECTION('ref_axis',(-0.650000051891784,-0.759934163293556,0.));
#3798=DIRECTION('',(0.,0.,1.));
#3799=DIRECTION('center_axis',(1.,0.,0.));
#3800=DIRECTION('ref_axis',(0.,1.,0.));
#3801=DIRECTION('',(0.,1.,0.));
#3802=DIRECTION('',(0.,1.,0.));
#3803=DIRECTION('center_axis',(0.,0.,-1.));
#3804=DIRECTION('ref_axis',(-1.,0.,0.));
#3805=DIRECTION('',(0.,1.,0.));
#3806=DIRECTION('',(-1.,0.,0.));
#3807=DIRECTION('',(0.,-1.,0.));
#3808=DIRECTION('center_axis',(0.,0.,-1.));
#3809=DIRECTION('ref_axis',(-1.,0.,0.));
#3810=DIRECTION('',(0.,1.,0.));
#3811=DIRECTION('',(1.,0.,0.));
#3812=DIRECTION('',(0.,-1.,0.));
#3813=DIRECTION('center_axis',(0.,-1.,0.));
#3814=DIRECTION('ref_axis',(1.,0.,0.));
#3815=DIRECTION('',(0.,0.,1.));
#3816=DIRECTION('',(-1.,0.,0.));
#3817=DIRECTION('',(0.,0.,1.));
#3818=DIRECTION('center_axis',(0.,-1.,0.));
#3819=DIRECTION('ref_axis',(1.,0.,0.));
#3820=DIRECTION('',(0.,0.,1.));
#3821=DIRECTION('',(0.,0.,1.));
#3822=DIRECTION('center_axis',(-1.,0.,0.));
#3823=DIRECTION('ref_axis',(0.,-1.,0.));
#3824=DIRECTION('',(0.,1.,0.));
#3825=DIRECTION('center_axis',(1.,0.,0.));
#3826=DIRECTION('ref_axis',(0.,1.,0.));
#3827=DIRECTION('',(0.,-1.,0.));
#3828=DIRECTION('center_axis',(0.,0.,1.));
#3829=DIRECTION('ref_axis',(1.,0.,0.));
#3830=DIRECTION('axis',(0.,0.,1.));
#3831=DIRECTION('refdir',(1.,0.,0.));
#3832=DIRECTION('center_axis',(0.,0.,-1.));
#3833=DIRECTION('ref_axis',(-1.,0.,0.));
#3834=DIRECTION('center_axis',(0.,0.,-1.));
#3835=DIRECTION('ref_axis',(-1.,0.,0.));
#3836=DIRECTION('',(0.,0.,-1.));
#3837=DIRECTION('center_axis',(0.,0.,1.));
#3838=DIRECTION('ref_axis',(-1.,0.,0.));
#3839=DIRECTION('center_axis',(0.,0.,-1.));
#3840=DIRECTION('ref_axis',(-1.,0.,0.));
#3841=DIRECTION('center_axis',(0.,0.,-1.));
#3842=DIRECTION('ref_axis',(-1.,0.,0.));
#3843=DIRECTION('',(0.,0.,-1.));
#3844=DIRECTION('center_axis',(0.,0.,1.));
#3845=DIRECTION('ref_axis',(-1.,0.,0.));
#3846=DIRECTION('center_axis',(0.,0.,-1.));
#3847=DIRECTION('ref_axis',(-1.,0.,0.));
#3848=DIRECTION('center_axis',(0.,0.,-1.));
#3849=DIRECTION('ref_axis',(-1.,0.,0.));
#3850=DIRECTION('',(0.,0.,-1.));
#3851=DIRECTION('center_axis',(0.,0.,1.));
#3852=DIRECTION('ref_axis',(-1.,0.,0.));
#3853=DIRECTION('center_axis',(0.,0.,-1.));
#3854=DIRECTION('ref_axis',(-1.,0.,0.));
#3855=DIRECTION('center_axis',(0.,0.,-1.));
#3856=DIRECTION('ref_axis',(-1.,0.,0.));
#3857=DIRECTION('',(0.,0.,-1.));
#3858=DIRECTION('center_axis',(0.,0.,1.));
#3859=DIRECTION('ref_axis',(-1.,0.,0.));
#3860=DIRECTION('center_axis',(0.,0.,-1.));
#3861=DIRECTION('ref_axis',(-1.,0.,0.));
#3862=DIRECTION('center_axis',(0.,0.,-1.));
#3863=DIRECTION('ref_axis',(-1.,0.,0.));
#3864=DIRECTION('',(0.,0.,-1.));
#3865=DIRECTION('center_axis',(0.,0.,1.));
#3866=DIRECTION('ref_axis',(-1.,0.,0.));
#3867=DIRECTION('center_axis',(0.,0.,-1.));
#3868=DIRECTION('ref_axis',(-1.,0.,0.));
#3869=DIRECTION('center_axis',(0.,0.,-1.));
#3870=DIRECTION('ref_axis',(-1.,0.,0.));
#3871=DIRECTION('',(0.,0.,-1.));
#3872=DIRECTION('center_axis',(0.,0.,1.));
#3873=DIRECTION('ref_axis',(-1.,0.,0.));
#3874=DIRECTION('center_axis',(0.,0.,-1.));
#3875=DIRECTION('ref_axis',(-1.,0.,0.));
#3876=DIRECTION('center_axis',(0.,0.,-1.));
#3877=DIRECTION('ref_axis',(-1.,0.,0.));
#3878=DIRECTION('',(0.,0.,-1.));
#3879=DIRECTION('center_axis',(0.,0.,1.));
#3880=DIRECTION('ref_axis',(-1.,0.,0.));
#3881=DIRECTION('center_axis',(0.,0.,-1.));
#3882=DIRECTION('ref_axis',(-1.,0.,0.));
#3883=DIRECTION('center_axis',(0.,0.,-1.));
#3884=DIRECTION('ref_axis',(-1.,0.,0.));
#3885=DIRECTION('',(0.,0.,-1.));
#3886=DIRECTION('center_axis',(0.,0.,1.));
#3887=DIRECTION('ref_axis',(-1.,0.,0.));
#3888=DIRECTION('center_axis',(0.,0.,-1.));
#3889=DIRECTION('ref_axis',(-1.,0.,0.));
#3890=DIRECTION('center_axis',(0.,0.,-1.));
#3891=DIRECTION('ref_axis',(-1.,0.,0.));
#3892=DIRECTION('',(0.,0.,-1.));
#3893=DIRECTION('center_axis',(0.,0.,1.));
#3894=DIRECTION('ref_axis',(-1.,0.,0.));
#3895=DIRECTION('center_axis',(0.,0.,-1.));
#3896=DIRECTION('ref_axis',(-1.,0.,0.));
#3897=DIRECTION('center_axis',(0.,0.,-1.));
#3898=DIRECTION('ref_axis',(-1.,0.,0.));
#3899=DIRECTION('',(0.,0.,-1.));
#3900=DIRECTION('center_axis',(0.,0.,1.));
#3901=DIRECTION('ref_axis',(-1.,0.,0.));
#3902=DIRECTION('center_axis',(0.,0.,-1.));
#3903=DIRECTION('ref_axis',(-1.,0.,0.));
#3904=DIRECTION('center_axis',(0.,0.,-1.));
#3905=DIRECTION('ref_axis',(-1.,0.,0.));
#3906=DIRECTION('',(0.,0.,-1.));
#3907=DIRECTION('center_axis',(0.,0.,1.));
#3908=DIRECTION('ref_axis',(-1.,0.,0.));
#3909=DIRECTION('center_axis',(0.,0.,-1.));
#3910=DIRECTION('ref_axis',(-1.,0.,0.));
#3911=DIRECTION('center_axis',(0.,0.,-1.));
#3912=DIRECTION('ref_axis',(-1.,0.,0.));
#3913=DIRECTION('',(0.,0.,-1.));
#3914=DIRECTION('center_axis',(0.,0.,1.));
#3915=DIRECTION('ref_axis',(-1.,0.,0.));
#3916=DIRECTION('center_axis',(0.,0.,1.));
#3917=DIRECTION('ref_axis',(1.,0.,0.));
#3918=DIRECTION('center_axis',(0.,0.,1.));
#3919=DIRECTION('ref_axis',(1.,0.,0.));
#3920=DIRECTION('',(0.,0.,1.));
#3921=DIRECTION('center_axis',(0.,0.,1.));
#3922=DIRECTION('ref_axis',(1.,0.,0.));
#3923=DIRECTION('center_axis',(0.,0.,-1.));
#3924=DIRECTION('ref_axis',(1.,0.,0.));
#3925=DIRECTION('center_axis',(0.,0.,-1.));
#3926=DIRECTION('ref_axis',(-1.,0.,0.));
#3927=DIRECTION('center_axis',(0.,0.,-1.));
#3928=DIRECTION('ref_axis',(-1.,0.,0.));
#3929=DIRECTION('center_axis',(0.,0.,-1.));
#3930=DIRECTION('ref_axis',(-1.,0.,0.));
#3931=DIRECTION('',(0.,0.,-1.));
#3932=DIRECTION('center_axis',(0.,0.,-1.));
#3933=DIRECTION('ref_axis',(-1.,0.,0.));
#3934=DIRECTION('center_axis',(0.,0.,-1.));
#3935=DIRECTION('ref_axis',(-1.,0.,0.));
#3936=DIRECTION('',(0.,0.,-1.));
#3937=DIRECTION('center_axis',(0.,0.,-1.));
#3938=DIRECTION('ref_axis',(-1.,0.,0.));
#3939=DIRECTION('center_axis',(0.,0.,1.));
#3940=DIRECTION('ref_axis',(-1.,0.,0.));
#3941=DIRECTION('center_axis',(0.,0.,-1.));
#3942=DIRECTION('ref_axis',(1.,0.,0.));
#3943=DIRECTION('center_axis',(0.,0.,-1.));
#3944=DIRECTION('ref_axis',(1.,0.,0.));
#3945=DIRECTION('center_axis',(0.,0.,1.));
#3946=DIRECTION('ref_axis',(-1.,0.,0.));
#3947=DIRECTION('center_axis',(0.,0.,1.));
#3948=DIRECTION('ref_axis',(1.,0.,0.));
#3949=DIRECTION('',(-0.114479461337842,-0.993425615198137,0.));
#3950=DIRECTION('center_axis',(0.,0.,1.));
#3951=DIRECTION('ref_axis',(-1.,0.,0.));
#3952=DIRECTION('',(-0.11123452345775,0.993794184321446,0.));
#3953=DIRECTION('center_axis',(0.,0.,1.));
#3954=DIRECTION('ref_axis',(-1.,0.,0.));
#3955=DIRECTION('center_axis',(0.,0.,1.));
#3956=DIRECTION('ref_axis',(1.,0.,0.));
#3957=DIRECTION('',(-0.112789423383573,-0.993618913856213,0.));
#3958=DIRECTION('center_axis',(0.,0.,1.));
#3959=DIRECTION('ref_axis',(-1.,0.,0.));
#3960=DIRECTION('',(-0.11292486180647,0.993603530381203,0.));
#3961=DIRECTION('center_axis',(0.993425615198137,-0.114479461337842,0.));
#3962=DIRECTION('ref_axis',(0.114479461337842,0.993425615198137,0.));
#3963=DIRECTION('',(0.,0.,1.));
#3964=DIRECTION('',(0.114479461337842,0.993425615198137,0.));
#3965=DIRECTION('',(0.,0.,1.));
#3966=DIRECTION('center_axis',(0.,0.,1.));
#3967=DIRECTION('ref_axis',(-1.,0.,0.));
#3968=DIRECTION('center_axis',(0.,0.,1.));
#3969=DIRECTION('ref_axis',(-1.,0.,0.));
#3970=DIRECTION('',(0.,0.,1.));
#3971=DIRECTION('center_axis',(-0.993794184321446,-0.11123452345775,0.));
#3972=DIRECTION('ref_axis',(0.11123452345775,-0.993794184321446,0.));
#3973=DIRECTION('',(0.11123452345775,-0.993794184321446,0.));
#3974=DIRECTION('',(0.,0.,1.));
#3975=DIRECTION('center_axis',(-0.993618913856213,0.112789423383573,0.));
#3976=DIRECTION('ref_axis',(-0.112789423383573,-0.993618913856213,0.));
#3977=DIRECTION('',(0.,0.,1.));
#3978=DIRECTION('',(-0.112789423383573,-0.993618913856213,0.));
#3979=DIRECTION('',(0.,0.,1.));
#3980=DIRECTION('center_axis',(0.,0.,1.));
#3981=DIRECTION('ref_axis',(-1.,0.,0.));
#3982=DIRECTION('center_axis',(0.,0.,1.));
#3983=DIRECTION('ref_axis',(-1.,0.,0.));
#3984=DIRECTION('',(0.,0.,1.));
#3985=DIRECTION('center_axis',(0.993603530381203,0.11292486180647,0.));
#3986=DIRECTION('ref_axis',(-0.11292486180647,0.993603530381203,0.));
#3987=DIRECTION('',(-0.11292486180647,0.993603530381203,0.));
#3988=DIRECTION('',(0.,0.,1.));
#3989=DIRECTION('center_axis',(0.,0.,1.));
#3990=DIRECTION('ref_axis',(-1.,0.,0.));
#3991=DIRECTION('center_axis',(0.,0.,1.));
#3992=DIRECTION('ref_axis',(-1.,0.,0.));
#3993=DIRECTION('',(0.,0.,-1.));
#3994=DIRECTION('center_axis',(0.,0.,1.));
#3995=DIRECTION('ref_axis',(-1.,0.,0.));
#3996=DIRECTION('center_axis',(0.,0.,1.));
#3997=DIRECTION('ref_axis',(-1.,0.,0.));
#3998=DIRECTION('center_axis',(0.,0.,1.));
#3999=DIRECTION('ref_axis',(-1.,0.,0.));
#4000=DIRECTION('',(-1.97215226305253E-31,0.,1.));
#4001=DIRECTION('',(1.,0.,0.));
#4002=DIRECTION('',(-1.97215226305253E-31,0.,1.));
#4003=DIRECTION('',(1.,0.,0.));
#4004=DIRECTION('',(-3.50324616081204E-46,0.,1.));
#4005=DIRECTION('',(1.,3.07917523075625E-61,8.75811540203011E-47));
#4006=DIRECTION('',(-3.50324616081204E-46,0.,1.));
#4007=DIRECTION('',(1.,3.07917523075625E-61,8.75811540203011E-47));
#4008=DIRECTION('axis',(0.,0.,1.));
#4009=DIRECTION('refdir',(1.,0.,0.));
#4010=DIRECTION('center_axis',(0.,0.,1.));
#4011=DIRECTION('ref_axis',(-1.,0.,0.));
#4012=DIRECTION('',(1.,0.,0.));
#4013=DIRECTION('',(0.,-1.,0.));
#4014=DIRECTION('',(-1.,0.,0.));
#4015=DIRECTION('',(0.,-1.,0.));
#4016=DIRECTION('center_axis',(1.,0.,0.));
#4017=DIRECTION('ref_axis',(0.,0.,1.));
#4018=DIRECTION('',(0.,0.,-1.));
#4019=DIRECTION('',(0.,0.,1.));
#4020=DIRECTION('',(0.,-1.,0.));
#4021=DIRECTION('center_axis',(-2.77555756156289E-17,0.,-1.));
#4022=DIRECTION('ref_axis',(1.,0.,-2.77555756156289E-17));
#4023=DIRECTION('',(-1.,0.,2.77555756156289E-17));
#4024=DIRECTION('',(1.,0.,-2.77555756156289E-17));
#4025=DIRECTION('',(0.,-1.,0.));
#4026=DIRECTION('center_axis',(-1.,0.,0.));
#4027=DIRECTION('ref_axis',(0.,0.,-1.));
#4028=DIRECTION('',(0.,0.,1.));
#4029=DIRECTION('',(0.,0.,-1.));
#4030=DIRECTION('center_axis',(0.,-1.,0.));
#4031=DIRECTION('ref_axis',(0.,0.,-1.));
#4032=DIRECTION('',(0.,0.,-1.));
#4033=DIRECTION('',(-1.,0.,0.));
#4034=DIRECTION('',(0.,0.,1.));
#4035=DIRECTION('',(1.,0.,0.));
#4036=DIRECTION('center_axis',(1.,0.,0.));
#4037=DIRECTION('ref_axis',(0.,0.,1.));
#4038=DIRECTION('',(0.,-1.,0.));
#4039=DIRECTION('',(0.,0.,1.));
#4040=DIRECTION('',(0.,-1.,0.));
#4041=DIRECTION('center_axis',(0.,0.,1.));
#4042=DIRECTION('ref_axis',(-1.,0.,0.));
#4043=DIRECTION('',(0.,-1.,0.));
#4044=DIRECTION('',(-1.,0.,0.));
#4045=DIRECTION('center_axis',(0.,0.,-1.));
#4046=DIRECTION('ref_axis',(1.,0.,0.));
#4047=DIRECTION('',(1.,0.,0.));
#4048=DIRECTION('',(0.,-1.,0.));
#4049=DIRECTION('center_axis',(-1.,0.,0.));
#4050=DIRECTION('ref_axis',(0.,0.,-1.));
#4051=DIRECTION('',(0.,0.,-1.));
#4052=DIRECTION('center_axis',(0.,1.,0.));
#4053=DIRECTION('ref_axis',(1.,0.,0.));
#4054=DIRECTION('center_axis',(0.,-1.,0.));
#4055=DIRECTION('ref_axis',(0.,0.,-1.));
#4056=DIRECTION('center_axis',(0.,0.,-1.));
#4057=DIRECTION('ref_axis',(-1.,0.,0.));
#4058=DIRECTION('center_axis',(0.,0.,1.));
#4059=DIRECTION('ref_axis',(1.,0.,0.));
#4060=DIRECTION('center_axis',(-1.,0.,0.));
#4061=DIRECTION('ref_axis',(0.,1.,0.));
#4062=DIRECTION('',(0.,-1.,0.));
#4063=DIRECTION('',(0.,0.,-1.));
#4064=DIRECTION('',(0.,1.,0.));
#4065=DIRECTION('',(0.,0.,-1.));
#4066=DIRECTION('center_axis',(-2.52642338497058E-16,-1.,0.));
#4067=DIRECTION('ref_axis',(-1.,2.52642338497058E-16,0.));
#4068=DIRECTION('',(1.,-2.52642338497058E-16,0.));
#4069=DIRECTION('',(-1.,2.52642338497058E-16,0.));
#4070=DIRECTION('',(0.,0.,-1.));
#4071=DIRECTION('center_axis',(1.,0.,0.));
#4072=DIRECTION('ref_axis',(0.,-1.,0.));
#4073=DIRECTION('',(0.,1.,0.));
#4074=DIRECTION('',(0.,-1.,0.));
#4075=DIRECTION('',(0.,0.,-1.));
#4076=DIRECTION('center_axis',(0.,1.,0.));
#4077=DIRECTION('ref_axis',(1.,0.,0.));
#4078=DIRECTION('',(-1.,0.,0.));
#4079=DIRECTION('',(1.,0.,0.));
#4080=DIRECTION('center_axis',(0.,0.,-1.));
#4081=DIRECTION('ref_axis',(-1.,0.,0.));
#4082=DIRECTION('center_axis',(0.,0.,1.));
#4083=DIRECTION('ref_axis',(1.,0.,0.));
#4084=DIRECTION('center_axis',(0.,0.,1.));
#4085=DIRECTION('ref_axis',(1.,0.,0.));
#4086=DIRECTION('',(0.513870374322083,0.857867844364202,0.));
#4087=DIRECTION('',(1.,-1.5530654310428E-18,0.));
#4088=DIRECTION('',(0.571320482040112,-0.800822616070124,0.179655348910233));
#4089=DIRECTION('center_axis',(0.,0.,1.));
#4090=DIRECTION('ref_axis',(1.,0.,0.));
#4091=DIRECTION('',(-0.513870374322083,0.857867844364202,0.));
#4092=DIRECTION('',(-0.946834002039696,0.321722508664677,0.));
#4093=DIRECTION('',(-0.339810171214727,0.940494044393168,0.));
#4094=DIRECTION('',(0.339810171214727,0.940494044393168,0.));
#4095=DIRECTION('',(0.946834002039696,0.321722508664677,0.));
#4096=DIRECTION('',(0.513870374322083,0.857867844364202,0.));
#4097=DIRECTION('center_axis',(0.,0.,1.));
#4098=DIRECTION('ref_axis',(1.,0.,0.));
#4099=DIRECTION('',(-1.,-1.5530654310428E-18,0.));
#4100=DIRECTION('',(-0.513870374322083,0.857867844364202,0.));
#4101=DIRECTION('center_axis',(-0.857867844364202,-0.513870374322083,-8.76999589431036E-16));
#4102=DIRECTION('ref_axis',(1.02230150621978E-15,0.,-1.));
#4103=DIRECTION('',(0.,0.,1.));
#4104=DIRECTION('',(-0.507438587677415,0.84713046151439,-0.157721466231986));
#4105=DIRECTION('',(0.,0.,1.));
#4106=DIRECTION('',(-0.499945536293908,0.834621377201913,-0.231217684136352));
#4107=DIRECTION('center_axis',(-1.5530654310428E-18,1.,3.88812004282088E-18));
#4108=DIRECTION('ref_axis',(0.,-3.88812004282088E-18,1.));
#4109=DIRECTION('',(-0.545343273616281,0.,-0.838212809447266));
#4110=DIRECTION('',(0.90204653076738,0.,-0.431638803087181));
#4111=DIRECTION('',(-0.693366836104567,0.,-0.720584783762704));
#4112=DIRECTION('',(0.316401269044369,0.,-0.948625446078226));
#4113=DIRECTION('',(-0.898696559674955,0.,-0.438570967607752));
#4114=DIRECTION('',(-0.832934203990626,0.,0.553372037441812));
#4115=DIRECTION('',(0.670003777199456,0.,0.742357689081525));
#4116=DIRECTION('',(-0.904027778938007,0.,0.42747371253495));
#4117=DIRECTION('',(-0.299906450774927,0.,-0.95396861624667));
#4118=DIRECTION('',(0.643114359391918,0.755853980915729,0.12283598934257));
#4119=DIRECTION('',(-0.545343273616281,0.,-0.838212809447266));
#4120=DIRECTION('',(0.643114359391918,-0.755853980915729,0.12283598934257));
#4121=DIRECTION('',(0.604798408395498,0.785699166574297,0.129983479129956));
#4122=DIRECTION('',(-0.962145996681814,0.,-0.272534550230166));
#4123=DIRECTION('',(0.447213595499958,0.,-0.894427190999916));
#4124=DIRECTION('',(0.561680820078827,0.813405777823193,0.151280193546355));
#4125=DIRECTION('',(-0.584640461087514,0.,-0.811292506596344));
#4126=DIRECTION('',(0.549118194394669,0.801316261928266,0.237405680121705));
#4127=DIRECTION('',(0.953968616246671,0.,-0.299906450774925));
#4128=DIRECTION('center_axis',(-0.859347384414589,-0.310491048371566,0.40634638152804));
#4129=DIRECTION('ref_axis',(-0.427473712534367,0.,-0.904027778938283));
#4130=DIRECTION('',(-0.43154327336426,0.86663256822087,-0.250436408920427));
#4131=DIRECTION('',(0.427473712534367,0.,0.904027778938283));
#4132=DIRECTION('center_axis',(-0.110938917043285,-0.326494839425503,-0.938665902498742));
#4133=DIRECTION('ref_axis',(0.99308814137468,0.,-0.117370965153156));
#4134=DIRECTION('',(-0.993088141374771,0.,0.117370965152389));
#4135=DIRECTION('center_axis',(-0.393505710454058,-0.390653504622443,-0.832191741827717));
#4136=DIRECTION('ref_axis',(0.904027778937458,0.,-0.427473712536113));
#4137=DIRECTION('',(-0.9040277789383,0.,0.427473712534332));
#4138=DIRECTION('',(-0.535855311162304,0.83301237446706,-0.137657072044635));
#4139=DIRECTION('center_axis',(-0.696947518330868,-0.344381493113242,0.629019509946661));
#4140=DIRECTION('ref_axis',(-0.670003777199241,0.,-0.742357689081719));
#4141=DIRECTION('',(0.670003777199541,0.,0.742357689081448));
#4142=DIRECTION('',(-0.530294415941518,0.837976163638891,-0.128778032265957));
#4143=DIRECTION('',(-0.742357689081441,0.,0.670003777199549));
#4144=DIRECTION('',(-0.962145996681814,0.,-0.272534550230166));
#4145=DIRECTION('',(0.505238185561359,0.856121174046565,0.108585962259388));
#4146=DIRECTION('',(-0.898696559674955,0.,-0.438570967607753));
#4147=DIRECTION('',(-0.505794569307689,0.854411974624234,-0.118962310323764));
#4148=DIRECTION('center_axis',(8.31326615517973E-18,1.,2.1856687935282E-17));
#4149=DIRECTION('ref_axis',(0.,-2.1856687935282E-17,1.));
#4150=DIRECTION('',(-0.400091815632883,0.,0.916475061888529));
#4151=DIRECTION('',(-0.595847556763598,0.,0.80309755889235));
#4152=DIRECTION('',(-0.369676170232766,0.,-0.929160658423523));
#4153=DIRECTION('',(-0.707106781186548,0.,0.707106781186548));
#4154=DIRECTION('',(0.538018199061012,0.828970171653362,0.152790287610637));
#4155=DIRECTION('',(-0.707106781186548,0.,0.707106781186548));
#4156=DIRECTION('',(0.567093635371286,0.773309140321878,0.283545026787664));
#4157=DIRECTION('',(-0.611944392367245,0.734333495160341,0.29373181396621));
#4158=DIRECTION('',(-0.670003777199555,0.,-0.742357689081436));
#4159=DIRECTION('',(0.604798408395498,-0.785699166574297,0.129983479129956));
#4160=DIRECTION('',(-0.898696559674955,0.,-0.438570967607752));
#4161=DIRECTION('center_axis',(1.5530654310428E-18,1.,-3.88812004282088E-18));
#4162=DIRECTION('ref_axis',(0.,3.88812004282088E-18,1.));
#4163=DIRECTION('',(0.,0.,1.));
#4164=DIRECTION('',(-0.904027778938007,0.,0.42747371253495));
#4165=DIRECTION('',(0.670003777199456,0.,0.742357689081525));
#4166=DIRECTION('',(-0.832934203990626,0.,0.553372037441812));
#4167=DIRECTION('',(0.316401269044369,0.,-0.948625446078226));
#4168=DIRECTION('',(-0.693366836104567,0.,-0.720584783762704));
#4169=DIRECTION('',(0.90204653076738,0.,-0.431638803087181));
#4170=DIRECTION('',(0.561680820078827,-0.813405777823193,0.151280193546355));
#4171=DIRECTION('',(0.549118194394669,-0.801316261928266,0.237405680121705));
#4172=DIRECTION('center_axis',(0.859347384414589,-0.310491048371566,-0.40634638152804));
#4173=DIRECTION('ref_axis',(-0.427473712534367,0.,-0.904027778938283));
#4174=DIRECTION('',(-0.43154327336426,-0.86663256822087,-0.250436408920427));
#4175=DIRECTION('center_axis',(0.110938917043285,-0.326494839425503,0.938665902498742));
#4176=DIRECTION('ref_axis',(0.99308814137468,0.,-0.117370965153156));
#4177=DIRECTION('',(-0.499945536293908,-0.834621377201913,-0.231217684136352));
#4178=DIRECTION('center_axis',(0.857867844364202,-0.513870374322083,8.76999589431036E-16));
#4179=DIRECTION('ref_axis',(1.02230150621978E-15,0.,-1.));
#4180=DIRECTION('',(-0.507438587677415,-0.84713046151439,-0.157721466231986));
#4181=DIRECTION('center_axis',(0.393505710454058,-0.390653504622443,0.832191741827717));
#4182=DIRECTION('ref_axis',(0.904027778937458,0.,-0.427473712536113));
#4183=DIRECTION('',(-0.535855311162304,-0.83301237446706,-0.137657072044635));
#4184=DIRECTION('center_axis',(0.696947518330868,-0.344381493113242,-0.629019509946661));
#4185=DIRECTION('ref_axis',(-0.670003777199241,0.,-0.742357689081719));
#4186=DIRECTION('',(-0.530294415941518,-0.837976163638891,-0.128778032265957));
#4187=DIRECTION('',(-0.505794569307689,-0.854411974624234,-0.118962310323764));
#4188=DIRECTION('',(-0.898696559674955,0.,-0.438570967607753));
#4189=DIRECTION('',(0.505238185561359,-0.856121174046565,0.108585962259388));
#4190=DIRECTION('center_axis',(-8.31326615517973E-18,1.,-2.1856687935282E-17));
#4191=DIRECTION('ref_axis',(0.,2.1856687935282E-17,1.));
#4192=DIRECTION('',(-0.369676170232766,0.,-0.929160658423523));
#4193=DIRECTION('',(-0.595847556763598,0.,0.80309755889235));
#4194=DIRECTION('',(-0.400091815632883,0.,0.916475061888529));
#4195=DIRECTION('',(0.538018199061012,-0.828970171653362,0.152790287610637));
#4196=DIRECTION('',(0.567093635371286,-0.773309140321878,0.283545026787664));
#4197=DIRECTION('',(-0.611944392367245,-0.734333495160341,0.29373181396621));
#4198=DIRECTION('center_axis',(1.,-1.22464679914735E-16,0.));
#4199=DIRECTION('ref_axis',(-1.22464679914735E-16,-1.,0.));
#4200=DIRECTION('',(1.22464679914735E-16,1.,0.));
#4201=DIRECTION('',(0.,0.,-1.));
#4202=DIRECTION('',(-1.22464679914735E-16,-1.,0.));
#4203=DIRECTION('',(0.,0.,-1.));
#4204=DIRECTION('center_axis',(3.75107018411793E-16,1.,0.));
#4205=DIRECTION('ref_axis',(1.,-3.75107018411793E-16,0.));
#4206=DIRECTION('',(-1.,3.75107018411793E-16,0.));
#4207=DIRECTION('',(1.,-3.75107018411793E-16,0.));
#4208=DIRECTION('',(0.,0.,-1.));
#4209=DIRECTION('center_axis',(-1.,1.22464679914735E-16,0.));
#4210=DIRECTION('ref_axis',(1.22464679914735E-16,1.,0.));
#4211=DIRECTION('',(-1.22464679914735E-16,-1.,0.));
#4212=DIRECTION('',(1.22464679914735E-16,1.,0.));
#4213=DIRECTION('',(0.,0.,-1.));
#4214=DIRECTION('center_axis',(-1.22464679914735E-16,-1.,0.));
#4215=DIRECTION('ref_axis',(-1.,1.22464679914735E-16,0.));
#4216=DIRECTION('',(1.,-1.22464679914735E-16,0.));
#4217=DIRECTION('',(-1.,1.22464679914735E-16,0.));
#4218=DIRECTION('center_axis',(0.,0.,-1.));
#4219=DIRECTION('ref_axis',(1.,-1.22464679914735E-16,0.));
#4220=DIRECTION('center_axis',(0.,0.,1.));
#4221=DIRECTION('ref_axis',(-1.,1.22464679914735E-16,0.));
#4222=DIRECTION('center_axis',(0.,0.,1.));
#4223=DIRECTION('ref_axis',(-1.,1.22464679914735E-16,0.));
#4224=DIRECTION('',(-0.513870374322083,-0.857867844364201,0.));
#4225=DIRECTION('',(-1.,1.24017745345778E-16,0.));
#4226=DIRECTION('',(-0.571320482040112,0.800822616070124,0.179655348910233));
#4227=DIRECTION('center_axis',(0.,0.,1.));
#4228=DIRECTION('ref_axis',(-1.,1.22464679914735E-16,0.));
#4229=DIRECTION('',(0.513870374322083,-0.857867844364202,0.));
#4230=DIRECTION('',(0.946834002039696,-0.321722508664677,0.));
#4231=DIRECTION('',(0.339810171214727,-0.940494044393168,0.));
#4232=DIRECTION('',(-0.339810171214727,-0.940494044393168,0.));
#4233=DIRECTION('',(-0.946834002039696,-0.321722508664677,0.));
#4234=DIRECTION('',(-0.513870374322083,-0.857867844364201,0.));
#4235=DIRECTION('center_axis',(0.,0.,1.));
#4236=DIRECTION('ref_axis',(-1.,1.22464679914735E-16,0.));
#4237=DIRECTION('',(1.,-1.20911614483693E-16,0.));
#4238=DIRECTION('',(0.513870374322083,-0.857867844364202,0.));
#4239=DIRECTION('center_axis',(0.857867844364202,0.513870374322083,-8.76999589431036E-16));
#4240=DIRECTION('ref_axis',(-1.02230150621978E-15,1.25195826735557E-31,
-1.));
#4241=DIRECTION('',(0.,0.,1.));
#4242=DIRECTION('',(0.507438587677415,-0.84713046151439,-0.157721466231985));
#4243=DIRECTION('',(0.,0.,1.));
#4244=DIRECTION('',(0.499945536293908,-0.834621377201914,-0.231217684136352));
#4245=DIRECTION('center_axis',(-1.20911614483693E-16,-1.,3.88812004282088E-18));
#4246=DIRECTION('ref_axis',(4.76157376514126E-34,3.88812004282088E-18,1.));
#4247=DIRECTION('',(0.545343273616281,-6.67852894470718E-17,-0.838212809447266));
#4248=DIRECTION('',(-0.90204653076738,1.10468839658625E-16,-0.431638803087181));
#4249=DIRECTION('',(0.693366836104567,-8.49129476470386E-17,-0.720584783762704));
#4250=DIRECTION('',(-0.316401269044369,3.87479801381346E-17,-0.948625446078226));
#4251=DIRECTION('',(0.898696559674955,-1.10058586521067E-16,-0.438570967607752));
#4252=DIRECTION('',(0.832934203990626,-1.02005020681747E-16,0.553372037441812));
#4253=DIRECTION('',(-0.670003777199456,8.2051798116395E-17,0.742357689081525));
#4254=DIRECTION('',(0.904027778938007,-1.10711472581672E-16,0.42747371253495));
#4255=DIRECTION('',(0.299906450774927,-3.67279474985157E-17,-0.95396861624667));
#4256=DIRECTION('',(-0.643114359391918,-0.755853980915729,0.12283598934257));
#4257=DIRECTION('',(0.545343273616281,-6.67852894470718E-17,-0.838212809447266));
#4258=DIRECTION('',(-0.643114359391918,0.755853980915729,0.12283598934257));
#4259=DIRECTION('',(-0.604798408395498,-0.785699166574297,0.129983479129956));
#4260=DIRECTION('',(0.962145996681814,-1.17828901514882E-16,-0.272534550230166));
#4261=DIRECTION('',(-0.447213595499958,5.47678698264203E-17,-0.894427190999916));
#4262=DIRECTION('',(-0.561680820078827,-0.813405777823193,0.151280193546355));
#4263=DIRECTION('',(0.584640461087514,-7.15978069322857E-17,-0.811292506596344));
#4264=DIRECTION('',(-0.549118194394669,-0.801316261928266,0.237405680121705));
#4265=DIRECTION('',(-0.953968616246671,1.16827461237351E-16,-0.299906450774925));
#4266=DIRECTION('center_axis',(0.859347384414589,0.310491048371566,0.40634638152804));
#4267=DIRECTION('ref_axis',(0.427473712534367,-5.23504313774848E-17,-0.904027778938283));
#4268=DIRECTION('',(0.43154327336426,-0.86663256822087,-0.250436408920427));
#4269=DIRECTION('',(-0.427473712534367,5.23504313774848E-17,0.904027778938283));
#4270=DIRECTION('center_axis',(0.110938917043285,0.326494839425503,-0.938665902498742));
#4271=DIRECTION('ref_axis',(-0.99308814137468,1.2161822136057E-16,-0.117370965153156));
#4272=DIRECTION('',(0.993088141374771,-1.21618221360581E-16,0.117370965152389));
#4273=DIRECTION('center_axis',(0.393505710454059,0.390653504622443,-0.832191741827717));
#4274=DIRECTION('ref_axis',(-0.904027778937458,1.10711472581605E-16,-0.427473712536113));
#4275=DIRECTION('',(0.9040277789383,-1.10711472581708E-16,0.427473712534332));
#4276=DIRECTION('',(0.535855311162303,-0.83301237446706,-0.137657072044635));
#4277=DIRECTION('center_axis',(0.696947518330868,0.344381493113242,0.629019509946661));
#4278=DIRECTION('ref_axis',(0.670003777199241,-8.20517981163687E-17,-0.742357689081719));
#4279=DIRECTION('',(-0.670003777199541,8.20517981164055E-17,0.742357689081448));
#4280=DIRECTION('',(0.530294415941518,-0.837976163638891,-0.128778032265957));
#4281=DIRECTION('',(0.742357689081441,-9.09125967756012E-17,0.670003777199549));
#4282=DIRECTION('',(0.962145996681814,-1.17828901514882E-16,-0.272534550230166));
#4283=DIRECTION('',(-0.505238185561359,-0.856121174046565,0.108585962259388));
#4284=DIRECTION('',(0.898696559674955,-1.10058586521067E-16,-0.438570967607753));
#4285=DIRECTION('',(0.505794569307689,-0.854411974624234,-0.118962310323764));
#4286=DIRECTION('center_axis',(-1.30777946069915E-16,-1.,2.1856687935282E-17));
#4287=DIRECTION('ref_axis',(2.67667229199056E-33,2.1856687935282E-17,1.));
#4288=DIRECTION('',(0.400091815632883,-4.89971161379863E-17,0.916475061888529));
#4289=DIRECTION('',(0.595847556763598,-7.29702803170311E-17,0.80309755889235));
#4290=DIRECTION('',(0.369676170232766,-4.52722738596609E-17,-0.929160658423523));
#4291=DIRECTION('',(0.707106781186548,-8.65956056235493E-17,0.707106781186548));
#4292=DIRECTION('',(-0.538018199061012,-0.828970171653361,0.152790287610637));
#4293=DIRECTION('',(0.707106781186548,-8.65956056235493E-17,0.707106781186548));
#4294=DIRECTION('',(-0.567093635371286,-0.773309140321878,0.283545026787664));
#4295=DIRECTION('',(0.611944392367245,-0.734333495160341,0.29373181396621));
#4296=DIRECTION('',(0.670003777199555,-8.20517981164071E-17,-0.742357689081436));
#4297=DIRECTION('',(-0.604798408395498,0.785699166574297,0.129983479129956));
#4298=DIRECTION('',(0.898696559674955,-1.10058586521067E-16,-0.438570967607752));
#4299=DIRECTION('center_axis',(-1.24017745345778E-16,-1.,-3.88812004282088E-18));
#4300=DIRECTION('ref_axis',(-4.76157376514126E-34,-3.88812004282088E-18,
1.));
#4301=DIRECTION('',(0.,0.,1.));
#4302=DIRECTION('',(0.904027778938007,-1.10711472581672E-16,0.42747371253495));
#4303=DIRECTION('',(-0.670003777199456,8.2051798116395E-17,0.742357689081525));
#4304=DIRECTION('',(0.832934203990626,-1.02005020681747E-16,0.553372037441812));
#4305=DIRECTION('',(-0.316401269044369,3.87479801381346E-17,-0.948625446078226));
#4306=DIRECTION('',(0.693366836104567,-8.49129476470386E-17,-0.720584783762704));
#4307=DIRECTION('',(-0.90204653076738,1.10468839658625E-16,-0.431638803087181));
#4308=DIRECTION('',(-0.561680820078827,0.813405777823193,0.151280193546355));
#4309=DIRECTION('',(-0.549118194394669,0.801316261928266,0.237405680121705));
#4310=DIRECTION('center_axis',(-0.859347384414589,0.310491048371566,-0.40634638152804));
#4311=DIRECTION('ref_axis',(0.427473712534367,-5.23504313774848E-17,-0.904027778938283));
#4312=DIRECTION('',(0.43154327336426,0.86663256822087,-0.250436408920427));
#4313=DIRECTION('center_axis',(-0.110938917043285,0.326494839425503,0.938665902498742));
#4314=DIRECTION('ref_axis',(-0.99308814137468,1.2161822136057E-16,-0.117370965153156));
#4315=DIRECTION('',(0.499945536293908,0.834621377201913,-0.231217684136352));
#4316=DIRECTION('center_axis',(-0.857867844364201,0.513870374322083,8.76999589431036E-16));
#4317=DIRECTION('ref_axis',(-1.02230150621978E-15,1.25195826735557E-31,
-1.));
#4318=DIRECTION('',(0.507438587677415,0.84713046151439,-0.157721466231986));
#4319=DIRECTION('center_axis',(-0.393505710454058,0.390653504622443,0.832191741827717));
#4320=DIRECTION('ref_axis',(-0.904027778937458,1.10711472581605E-16,-0.427473712536113));
#4321=DIRECTION('',(0.535855311162304,0.83301237446706,-0.137657072044635));
#4322=DIRECTION('center_axis',(-0.696947518330868,0.344381493113243,-0.629019509946661));
#4323=DIRECTION('ref_axis',(0.670003777199241,-8.20517981163687E-17,-0.742357689081719));
#4324=DIRECTION('',(0.530294415941518,0.837976163638891,-0.128778032265957));
#4325=DIRECTION('',(0.505794569307689,0.854411974624234,-0.118962310323764));
#4326=DIRECTION('',(0.898696559674955,-1.10058586521067E-16,-0.438570967607753));
#4327=DIRECTION('',(-0.505238185561359,0.856121174046565,0.108585962259388));
#4328=DIRECTION('center_axis',(-1.14151413759556E-16,-1.,-2.1856687935282E-17));
#4329=DIRECTION('ref_axis',(-2.67667229199056E-33,-2.1856687935282E-17,
1.));
#4330=DIRECTION('',(0.369676170232766,-4.52722738596609E-17,-0.929160658423523));
#4331=DIRECTION('',(0.595847556763598,-7.29702803170311E-17,0.80309755889235));
#4332=DIRECTION('',(0.400091815632883,-4.89971161379863E-17,0.916475061888529));
#4333=DIRECTION('',(-0.538018199061012,0.828970171653362,0.152790287610637));
#4334=DIRECTION('',(-0.567093635371286,0.773309140321878,0.283545026787664));
#4335=DIRECTION('',(0.611944392367246,0.734333495160341,0.29373181396621));
#4336=DIRECTION('',(0.,0.,1.));
#4337=DIRECTION('',(1.,0.,0.));
#4338=DIRECTION('',(-0.982287250728696,1.76552993803763E-15,0.187381314585686));
#4339=DIRECTION('',(-7.0717595935956E-17,-1.,7.16003439044764E-15));
#4340=DIRECTION('',(-5.23852944873328E-31,1.62702561701834E-30,1.));
#4341=DIRECTION('',(-6.93889390390716E-17,-1.,5.87793819026984E-31));
#4342=DIRECTION('',(0.,0.,1.));
#4343=DIRECTION('',(1.,0.,0.));
#4344=CARTESIAN_POINT('',(0.,0.,0.));
#4345=CARTESIAN_POINT('',(0.,0.,0.));
#4346=CARTESIAN_POINT('Ctrl Pts',(-6.60720413177081,-5.3776427755281E-17,
4.86682270871659));
#4347=CARTESIAN_POINT('Ctrl Pts',(-6.60720413177081,0.0149563204587556,
4.86682270871659));
#4348=CARTESIAN_POINT('Ctrl Pts',(-6.60580849086308,0.0447984129915956,
4.86802162506242));
#4349=CARTESIAN_POINT('Ctrl Pts',(-6.59945750606244,0.100438003715632,4.87481673829524));
#4350=CARTESIAN_POINT('Ctrl Pts',(-6.5870849188397,0.186907836781721,4.89577469966073));
#4351=CARTESIAN_POINT('Ctrl Pts',(-6.56684303325906,0.343884793097585,4.95803488920003));
#4352=CARTESIAN_POINT('Ctrl Pts',(-6.53567734453974,0.549028438842669,5.08511179726609));
#4353=CARTESIAN_POINT('Ctrl Pts',(-6.48834826803837,0.753324130282316,5.28754257497048));
#4354=CARTESIAN_POINT('Ctrl Pts',(-6.41526196431335,0.959486895565588,5.60408416714183));
#4355=CARTESIAN_POINT('Ctrl Pts',(-6.31469130281484,1.10337718320609,6.04212689790003));
#4356=CARTESIAN_POINT('Ctrl Pts',(-6.1928354501735,1.166231735544,6.57558903990279));
#4357=CARTESIAN_POINT('Ctrl Pts',(-6.07191689577652,1.16548625510106,7.10670727023066));
#4358=CARTESIAN_POINT('Ctrl Pts',(-5.93891282767005,1.11885352332074,7.69254534060368));
#4359=CARTESIAN_POINT('Ctrl Pts',(-5.82092491802213,1.04424434669684,8.21381941527331));
#4360=CARTESIAN_POINT('Ctrl Pts',(-5.71719072404574,0.961345876141407,8.67369037633006));
#4361=CARTESIAN_POINT('Ctrl Pts',(-5.61415972427549,0.868808491571356,9.13170259362136));
#4362=CARTESIAN_POINT('Ctrl Pts',(-5.48691920030534,0.737856399431072,9.70066057861141));
#4363=CARTESIAN_POINT('Ctrl Pts',(-5.3623071602522,0.590730647128943,10.2657369082873));
#4364=CARTESIAN_POINT('Ctrl Pts',(-5.27203130897405,0.471318956732978,10.6879129923534));
#4365=CARTESIAN_POINT('Ctrl Pts',(-5.21427173060728,0.387390978367494,10.9686570957053));
#4366=CARTESIAN_POINT('Ctrl Pts',(-5.16572880997413,0.306414851495983,11.2211487706515));
#4367=CARTESIAN_POINT('Ctrl Pts',(-5.13109444834455,0.230772263120861,11.4313443345877));
#4368=CARTESIAN_POINT('Ctrl Pts',(-5.11612531788983,0.159979649358395,11.5775760356126));
#4369=CARTESIAN_POINT('Ctrl Pts',(-5.11393253084473,0.110305388189295,11.6437992291494));
#4370=CARTESIAN_POINT('Ctrl Pts',(-5.11413770633183,0.0771924888900993,
11.6719444481788));
#4371=CARTESIAN_POINT('Ctrl Pts',(-5.11437193599004,0.0622517506422011,
11.6816505110403));
#4372=CARTESIAN_POINT('Ctrl Pts',(-5.11457132651906,0.0507223695436966,
11.6874735217538));
#4373=CARTESIAN_POINT('Ctrl Pts',(-5.11470971869266,0.0425512525504026,
11.6911051338424));
#4374=CARTESIAN_POINT('Ctrl Pts',(-5.11488500821025,0.0314534366334725,
11.6950765834536));
#4375=CARTESIAN_POINT('Ctrl Pts',(-5.11502642632049,0.0188442636313034,
11.6978780252233));
#4376=CARTESIAN_POINT('Ctrl Pts',(-5.11508899450244,0.00832200726531402,
11.6990643541919));
#4377=CARTESIAN_POINT('Ctrl Pts',(-5.11510065034647,0.00273064782537691,
11.699281558684));
#4378=CARTESIAN_POINT('Ctrl Pts',(-5.11510065034647,0.,11.699281558684));
#4379=CARTESIAN_POINT('Ctrl Pts',(-6.59183661727658,3.08786934055732E-17,
4.8569392718136));
#4380=CARTESIAN_POINT('Ctrl Pts',(-6.59183661727658,0.0152089102291496,
4.8569392718136));
#4381=CARTESIAN_POINT('Ctrl Pts',(-6.59040858577463,0.0455465461827478,
4.85841228154683));
#4382=CARTESIAN_POINT('Ctrl Pts',(-6.58397088087483,0.1016815440016,4.86631943870616));
#4383=CARTESIAN_POINT('Ctrl Pts',(-6.57161309455818,0.188202023575021,4.88888288215182));
#4384=CARTESIAN_POINT('Ctrl Pts',(-6.55150973059195,0.345091668696253,4.95234433919491));
#4385=CARTESIAN_POINT('Ctrl Pts',(-6.52038345224394,0.550359226261916,5.07998356896694));
#4386=CARTESIAN_POINT('Ctrl Pts',(-6.47304387384674,0.754805022013223,5.28288148473432));
#4387=CARTESIAN_POINT('Ctrl Pts',(-6.39992627390553,0.961059043073133,5.59990926975944));
#4388=CARTESIAN_POINT('Ctrl Pts',(-6.2993367155602,1.10490553355556,6.03833110652818));
#4389=CARTESIAN_POINT('Ctrl Pts',(-6.17746296863543,1.16771454639704,6.57201669046751));
#4390=CARTESIAN_POINT('Ctrl Pts',(-6.05651475434856,1.16696624727102,7.10326774130994));
#4391=CARTESIAN_POINT('Ctrl Pts',(-5.92345923169409,1.12038441691983,7.68920395006858));
#4392=CARTESIAN_POINT('Ctrl Pts',(-5.80540141045947,1.04587690866448,8.21054556044951));
#4393=CARTESIAN_POINT('Ctrl Pts',(-5.70157959019456,0.963125907899334,8.67047685925635));
#4394=CARTESIAN_POINT('Ctrl Pts',(-5.59843859638631,0.870783907670952,9.12855107539261));
#4395=CARTESIAN_POINT('Ctrl Pts',(-5.4710091875358,0.740196998043474,9.69761025598283));
#4396=CARTESIAN_POINT('Ctrl Pts',(-5.34607949424134,0.593749492055903,10.2628431355527));
#4397=CARTESIAN_POINT('Ctrl Pts',(-5.25540866870126,0.475361400815574,10.6852892066441));
#4398=CARTESIAN_POINT('Ctrl Pts',(-5.19727622893099,0.39260620560182,10.9663380998161));
#4399=CARTESIAN_POINT('Ctrl Pts',(-5.14832660684533,0.313355947192377,11.2194188839543));
#4400=CARTESIAN_POINT('Ctrl Pts',(-5.11329488969141,0.2406923044918,11.4306424122304));
#4401=CARTESIAN_POINT('Ctrl Pts',(-5.09882854751206,0.174275260900993,11.5796285535336));
#4402=CARTESIAN_POINT('Ctrl Pts',(-5.09815357105529,0.127886071573653,11.6499293899488));
#4403=CARTESIAN_POINT('Ctrl Pts',(-5.09958923034091,0.095044086460656,11.6828185265682));
#4404=CARTESIAN_POINT('Ctrl Pts',(-5.10032179916488,0.0794133986878763,
11.6951917628361));
#4405=CARTESIAN_POINT('Ctrl Pts',(-5.10081718555799,0.0665466864167343,
11.7033372742331));
#4406=CARTESIAN_POINT('Ctrl Pts',(-5.10113235852593,0.0571214072083737,
11.7086637064678));
#4407=CARTESIAN_POINT('Ctrl Pts',(-5.10147472199886,0.0436694230658775,
11.7149993462027));
#4408=CARTESIAN_POINT('Ctrl Pts',(-5.10167392235474,0.0268871859589534,
11.7201487765952));
#4409=CARTESIAN_POINT('Ctrl Pts',(-5.10174259057577,0.0120158677614122,
11.7224942593441));
#4410=CARTESIAN_POINT('Ctrl Pts',(-5.10175381021885,0.00394482037525649,
11.7229347710518));
#4411=CARTESIAN_POINT('Ctrl Pts',(-5.10175381021885,5.93343404292869E-18,
11.7229347710518));
#4412=CARTESIAN_POINT('Ctrl Pts',(-6.55555740882518,1.94572882681037E-16,
4.84582815053355));
#4413=CARTESIAN_POINT('Ctrl Pts',(-6.55555740882518,0.0153212204791996,
4.84582815053355));
#4414=CARTESIAN_POINT('Ctrl Pts',(-6.55424923293999,0.0458731646308516,
4.84775643015525));
#4415=CARTESIAN_POINT('Ctrl Pts',(-6.54839111064356,0.101932028839126,4.85748854267726));
#4416=CARTESIAN_POINT('Ctrl Pts',(-6.53713007066555,0.187723472884577,4.88259758427248));
#4417=CARTESIAN_POINT('Ctrl Pts',(-6.5180757938257,0.343602686390685,4.94770295635069));
#4418=CARTESIAN_POINT('Ctrl Pts',(-6.48743053808899,0.547956438328014,5.075567556746));
#4419=CARTESIAN_POINT('Ctrl Pts',(-6.44047169578973,0.751545140597124,5.27811814199818));
#4420=CARTESIAN_POINT('Ctrl Pts',(-6.3677680426451,0.957000648631001,5.59441980220711));
#4421=CARTESIAN_POINT('Ctrl Pts',(-6.26757298659924,1.10037653744668,6.03202315508026));
#4422=CARTESIAN_POINT('Ctrl Pts',(-6.14594457371129,1.16301989030649,6.5650746860245));
#4423=CARTESIAN_POINT('Ctrl Pts',(-6.02509506883261,1.16227422065186,7.09589997071952));
#4424=CARTESIAN_POINT('Ctrl Pts',(-5.89202394929654,1.1158072321578,7.68151110259758));
#4425=CARTESIAN_POINT('Ctrl Pts',(-5.77384398547427,1.04149225926664,8.2026533456311));
#4426=CARTESIAN_POINT('Ctrl Pts',(-5.66981846251118,0.958996210114876,8.66245461793464));
#4427=CARTESIAN_POINT('Ctrl Pts',(-5.56640112102897,0.866980076553553,9.12042129158046));
#4428=CARTESIAN_POINT('Ctrl Pts',(-5.43844045189192,0.736982745801438,9.68940337210051));
#4429=CARTESIAN_POINT('Ctrl Pts',(-5.31256238666276,0.591607956588225,10.2546180093134));
#4430=CARTESIAN_POINT('Ctrl Pts',(-5.22053847884424,0.474855354674293,10.6772108080837));
#4431=CARTESIAN_POINT('Ctrl Pts',(-5.16103702485839,0.39401207576358,10.9584604894916));
#4432=CARTESIAN_POINT('Ctrl Pts',(-5.11015495906367,0.317648450247668,11.2121139680677));
#4433=CARTESIAN_POINT('Ctrl Pts',(-5.07261476377165,0.250196020037899,11.424352341706));
#4434=CARTESIAN_POINT('Ctrl Pts',(-5.05531314673895,0.192318676320243,11.5770136196278));
#4435=CARTESIAN_POINT('Ctrl Pts',(-5.05353200265058,0.153715809488068,11.6536295507412));
#4436=CARTESIAN_POINT('Ctrl Pts',(-5.05448190267887,0.123333303084454,11.694733733768));
#4437=CARTESIAN_POINT('Ctrl Pts',(-5.05493746327573,0.107433606174175,11.7118948773134));
#4438=CARTESIAN_POINT('Ctrl Pts',(-5.05513385789375,0.0928886240399707,
11.7243062437795));
#4439=CARTESIAN_POINT('Ctrl Pts',(-5.0552086474863,0.0817013927363886,11.7327721367709));
#4440=CARTESIAN_POINT('Ctrl Pts',(-5.05516999945652,0.0646317497166357,
11.7435341171751));
#4441=CARTESIAN_POINT('Ctrl Pts',(-5.05491159694108,0.0408569799002389,
11.7531403258158));
#4442=CARTESIAN_POINT('Ctrl Pts',(-5.05473508785153,0.0184621579722566,
11.7576988383331));
#4443=CARTESIAN_POINT('Ctrl Pts',(-5.05469846683325,0.00606429965208202,
11.7585657646354));
#4444=CARTESIAN_POINT('Ctrl Pts',(-5.05469846683325,1.7764927447997E-17,
11.7585657646354));
#4445=CARTESIAN_POINT('Ctrl Pts',(-6.50504601049759,3.38406108260453E-16,
4.85877698709007));
#4446=CARTESIAN_POINT('Ctrl Pts',(-6.50504601049759,0.0143571776332864,
4.85877698709007));
#4447=CARTESIAN_POINT('Ctrl Pts',(-6.50418160299718,0.0429935754069399,
4.86083731835409));
#4448=CARTESIAN_POINT('Ctrl Pts',(-6.50020656617283,0.0960682511104961,
4.87107084482426));
#4449=CARTESIAN_POINT('Ctrl Pts',(-6.49189988166473,0.178844673185643,4.89670460581647));
#4450=CARTESIAN_POINT('Ctrl Pts',(-6.47532964052778,0.331337405667844,4.96133853317035));
#4451=CARTESIAN_POINT('Ctrl Pts',(-6.44606717749629,0.531508855983177,5.08693551809249));
#4452=CARTESIAN_POINT('Ctrl Pts',(-6.40047578714924,0.730996982803474,5.28558373239014));
#4453=CARTESIAN_POINT('Ctrl Pts',(-6.32940805943763,0.932893420407043,5.59642896252931));
#4454=CARTESIAN_POINT('Ctrl Pts',(-6.2307260285162,1.07469859605317,6.02881168387549));
#4455=CARTESIAN_POINT('Ctrl Pts',(-6.11008813174643,1.13695259632123,6.55820193412718));
#4456=CARTESIAN_POINT('Ctrl Pts',(-5.98977751581996,1.13623189838452,7.08667235906364));
#4457=CARTESIAN_POINT('Ctrl Pts',(-5.85697012176179,1.08992989887752,7.67051345674827));
#4458=CARTESIAN_POINT('Ctrl Pts',(-5.73878282201663,1.0158019768193,8.19054233395101));
#4459=CARTESIAN_POINT('Ctrl Pts',(-5.63457183595126,0.933482705986019,8.64954312924689));
#4460=CARTESIAN_POINT('Ctrl Pts',(-5.53084117474877,0.841652134656706,9.1067975699594));
#4461=CARTESIAN_POINT('Ctrl Pts',(-5.40217466368092,0.711924187298251,9.67499179124362));
#4462=CARTESIAN_POINT('Ctrl Pts',(-5.27490575271413,0.566933637460833,10.2394108540847));
#4463=CARTESIAN_POINT('Ctrl Pts',(-5.18072575513833,0.450769792021384,10.6612411881374));
#4464=CARTESIAN_POINT('Ctrl Pts',(-5.11887321307197,0.370640680370066,10.9418155633661));
#4465=CARTESIAN_POINT('Ctrl Pts',(-5.06443005679043,0.295522126641008,11.1946319766082));
#4466=CARTESIAN_POINT('Ctrl Pts',(-5.02134950191984,0.230524826821892,11.4057259361626));
#4467=CARTESIAN_POINT('Ctrl Pts',(-4.99533979234937,0.178062851481184,11.5571686200528));
#4468=CARTESIAN_POINT('Ctrl Pts',(-4.98606704754473,0.146011266038165,11.6335853775639));
#4469=CARTESIAN_POINT('Ctrl Pts',(-4.9821104749037,0.120383055847817,11.6758370304985));
#4470=CARTESIAN_POINT('Ctrl Pts',(-4.98045733065372,0.106435973432986,11.6939066583666));
#4471=CARTESIAN_POINT('Ctrl Pts',(-4.97915404003981,0.0930579741930534,
11.7072568295169));
#4472=CARTESIAN_POINT('Ctrl Pts',(-4.97822071140924,0.0825507870790622,
11.7164468420806));
#4473=CARTESIAN_POINT('Ctrl Pts',(-4.97693546097557,0.0660786687843395,
11.7282934323721));
#4474=CARTESIAN_POINT('Ctrl Pts',(-4.97562793825617,0.0421495560848049,
11.739069476766));
#4475=CARTESIAN_POINT('Ctrl Pts',(-4.97496935793896,0.0191173681206712,
11.744223724265));
#4476=CARTESIAN_POINT('Ctrl Pts',(-4.97484185873615,0.00628051643560818,
11.7452065543713));
#4477=CARTESIAN_POINT('Ctrl Pts',(-4.97484185873615,2.37967613998067E-17,
11.7452065543713));
#4478=CARTESIAN_POINT('Ctrl Pts',(-6.47030533219479,3.71491403301682E-16,
4.8899373707015));
#4479=CARTESIAN_POINT('Ctrl Pts',(-6.47030533219479,0.0128164510011327,
4.8899373707015));
#4480=CARTESIAN_POINT('Ctrl Pts',(-6.46982422410532,0.0384000349408004,
4.89173143220787));
#4481=CARTESIAN_POINT('Ctrl Pts',(-6.46744212740003,0.0870985936361708,
4.90087096243473));
#4482=CARTESIAN_POINT('Ctrl Pts',(-6.46155506184506,0.166042985779887,4.9247547174998));
#4483=CARTESIAN_POINT('Ctrl Pts',(-6.44703355579562,0.314387937924425,4.9870696146826));
#4484=CARTESIAN_POINT('Ctrl Pts',(-6.41914699772052,0.509136553195517,5.10903488932076));
#4485=CARTESIAN_POINT('Ctrl Pts',(-6.37511752961764,0.703272039709151,5.30214907194276));
#4486=CARTESIAN_POINT('Ctrl Pts',(-6.30600760032101,0.90056992499982,5.60548440310144));
#4487=CARTESIAN_POINT('Ctrl Pts',(-6.2091396039078,1.04044804486627,6.03079366698845));
#4488=CARTESIAN_POINT('Ctrl Pts',(-6.08971656043239,1.10226667186327,6.55528007501564));
#4489=CARTESIAN_POINT('Ctrl Pts',(-5.97012074667003,1.10158084061896,7.0806183471041));
#4490=CARTESIAN_POINT('Ctrl Pts',(-5.83775890386873,1.05542473723363,7.66211863408271));
#4491=CARTESIAN_POINT('Ctrl Pts',(-5.71974154344196,0.981407941452634,8.18068230264301));
#4492=CARTESIAN_POINT('Ctrl Pts',(-5.61553864433043,0.899130147826674,8.6386298524676));
#4493=CARTESIAN_POINT('Ctrl Pts',(-5.51172105934849,0.807291174728702,9.09495037812952));
#4494=CARTESIAN_POINT('Ctrl Pts',(-5.38273078386936,0.677449615248595,9.66209863871637));
#4495=CARTESIAN_POINT('Ctrl Pts',(-5.2547005502134,0.532082179454668,10.2254580447636));
#4496=CARTESIAN_POINT('Ctrl Pts',(-5.15925604718936,0.415333236974743,10.6461857100622));
#4497=CARTESIAN_POINT('Ctrl Pts',(-5.0959797877429,0.334514623868068,10.9257568226899));
#4498=CARTESIAN_POINT('Ctrl Pts',(-5.03933719921162,0.258587489704613,11.1770763959464));
#4499=CARTESIAN_POINT('Ctrl Pts',(-4.99271027104094,0.192206348888512,11.3859659588195));
#4500=CARTESIAN_POINT('Ctrl Pts',(-4.96089212637357,0.139096408691358,11.5327857698484));
#4501=CARTESIAN_POINT('Ctrl Pts',(-4.94644153882905,0.107952308947038,11.6032098954873));
#4502=CARTESIAN_POINT('Ctrl Pts',(-4.93947019982745,0.0859439196230025,
11.6387783618912));
#4503=CARTESIAN_POINT('Ctrl Pts',(-4.93670035124228,0.0747867403582278,
11.6531148921109));
#4504=CARTESIAN_POINT('Ctrl Pts',(-4.93475113137507,0.0646901367148165,
11.6632176737753));
#4505=CARTESIAN_POINT('Ctrl Pts',(-4.93343329220534,0.0569373540074551,
11.6700373551159));
#4506=CARTESIAN_POINT('Ctrl Pts',(-4.93177634378738,0.0451163139037113,
11.678576846487));
#4507=CARTESIAN_POINT('Ctrl Pts',(-4.93030621173705,0.0285723078912289,
11.6860632993734));
#4508=CARTESIAN_POINT('Ctrl Pts',(-4.92960838350175,0.0129217552042437,
11.6895916602727));
#4509=CARTESIAN_POINT('Ctrl Pts',(-4.92947564588249,0.00424452246361477,
11.6902614749391));
#4510=CARTESIAN_POINT('Ctrl Pts',(-4.92947564588249,1.82130895536701E-17,
11.6902614749391));
#4511=CARTESIAN_POINT('Ctrl Pts',(-6.45864823619248,3.3828166774423E-16,
4.91537067179043));
#4512=CARTESIAN_POINT('Ctrl Pts',(-6.45864823619248,0.0117097329636426,
4.91537067179043));
#4513=CARTESIAN_POINT('Ctrl Pts',(-6.45830590555642,0.0351014759596102,
4.91687490218086));
#4514=CARTESIAN_POINT('Ctrl Pts',(-6.45649419789848,0.0807214339035626,
4.92483717494128));
#4515=CARTESIAN_POINT('Ctrl Pts',(-6.45146702414521,0.157074205633863,4.94692392281665));
#4516=CARTESIAN_POINT('Ctrl Pts',(-6.43773717515931,0.302642973484867,5.0072312129546));
#4517=CARTESIAN_POINT('Ctrl Pts',(-6.41057200756216,0.49369914879936,5.12655317758716));
#4518=CARTESIAN_POINT('Ctrl Pts',(-6.36749143992361,0.684184141633363,5.31578933975925));
#4519=CARTESIAN_POINT('Ctrl Pts',(-6.2996224295368,0.878354987076746,5.61391206780949));
#4520=CARTESIAN_POINT('Ctrl Pts',(-6.20391143037634,1.01694292345878,6.03433488141863));
#4521=CARTESIAN_POINT('Ctrl Pts',(-6.08527826016192,1.07847902967115,6.55544622417281));
#4522=CARTESIAN_POINT('Ctrl Pts',(-5.96617179183975,1.07781738093738,7.07863663433594));
#4523=CARTESIAN_POINT('Ctrl Pts',(-5.83415457148146,1.03174701725158,7.65853920633178));
#4524=CARTESIAN_POINT('Ctrl Pts',(-5.71632748477859,0.957779619451651,8.17610984012096));
#4525=CARTESIAN_POINT('Ctrl Pts',(-5.61223485152946,0.875492514048552,8.63335003415778));
#4526=CARTESIAN_POINT('Ctrl Pts',(-5.50849317408287,0.783598005985381,9.08904883006858));
#4527=CARTESIAN_POINT('Ctrl Pts',(-5.37953561690305,0.653586225602115,9.65551115390224));
#4528=CARTESIAN_POINT('Ctrl Pts',(-5.25143783888089,0.507786193048454,10.2181979599068));
#4529=CARTESIAN_POINT('Ctrl Pts',(-5.15581434676879,0.390365297435515,10.6382368562907));
#4530=CARTESIAN_POINT('Ctrl Pts',(-5.092311289646,0.3087478640639,10.9171881542779));
#4531=CARTESIAN_POINT('Ctrl Pts',(-5.03531547365213,0.231773465463535,11.1675497231027));
#4532=CARTESIAN_POINT('Ctrl Pts',(-4.98809779072619,0.163505909132246,11.3749968221467));
#4533=CARTESIAN_POINT('Ctrl Pts',(-4.95544072406826,0.108326119244202,11.5184468374128));
#4534=CARTESIAN_POINT('Ctrl Pts',(-4.94051183236539,0.076102199756731,11.5840089099559));
#4535=CARTESIAN_POINT('Ctrl Pts',(-4.93377971274218,0.0559176554259903,
11.6135682222329));
#4536=CARTESIAN_POINT('Ctrl Pts',(-4.93130689142658,0.0466711764136085,
11.6244250589601));
#4537=CARTESIAN_POINT('Ctrl Pts',(-4.92971145637567,0.0391623400031847,
11.6314296453142));
#4538=CARTESIAN_POINT('Ctrl Pts',(-4.92867743928045,0.0336727257902806,
11.6359691721447));
#4539=CARTESIAN_POINT('Ctrl Pts',(-4.92746548769173,0.0258425229424872,
11.6412902052008));
#4540=CARTESIAN_POINT('Ctrl Pts',(-4.92650003609525,0.0159775216978488,
11.6455291562887));
#4541=CARTESIAN_POINT('Ctrl Pts',(-4.92606399159428,0.00715376319713317,
11.6474435828983));
#4542=CARTESIAN_POINT('Ctrl Pts',(-4.92598240592836,0.00234886144308493,
11.6478018933205));
#4543=CARTESIAN_POINT('Ctrl Pts',(-4.92598240592836,1.05093955875112E-17,
11.6478018933205));
#4544=CARTESIAN_POINT('Ctrl Pts',(-6.45560640014082,3.09719743068815E-16,
4.92873232675826));
#4545=CARTESIAN_POINT('Ctrl Pts',(-6.45560640014082,0.0111553256200516,
4.92873232675826));
#4546=CARTESIAN_POINT('Ctrl Pts',(-6.45529887610197,0.0334493613942319,
4.93008316553841));
#4547=CARTESIAN_POINT('Ctrl Pts',(-6.45362841483658,0.0775279178931133,
4.93742088088077));
#4548=CARTESIAN_POINT('Ctrl Pts',(-6.44881671740528,0.152584620561292,4.95855687894077));
#4549=CARTESIAN_POINT('Ctrl Pts',(-6.43532423308782,0.296766361674968,5.01782434669606));
#4550=CARTESIAN_POINT('Ctrl Pts',(-6.40846366693119,0.485976428121616,5.13581282836641));
#4551=CARTESIAN_POINT('Ctrl Pts',(-6.36582656403444,0.674635349739337,5.3231017709849));
#4552=CARTESIAN_POINT('Ctrl Pts',(-6.2985526109013,0.867242115001382,5.61861123790586));
#4553=CARTESIAN_POINT('Ctrl Pts',(-6.20339921128496,1.00518496988187,6.03658474900146));
#4554=CARTESIAN_POINT('Ctrl Pts',(-6.08515086948583,1.06657981386994,6.55600575552667));
#4555=CARTESIAN_POINT('Ctrl Pts',(-5.96628901266482,1.06593029134993,7.07812170546795));
#4556=CARTESIAN_POINT('Ctrl Pts',(-5.83445328450531,1.01990277679942,7.65722704914301));
#4557=CARTESIAN_POINT('Ctrl Pts',(-5.71673836409362,0.945960006356443,8.17430493381344));
#4558=CARTESIAN_POINT('Ctrl Pts',(-5.61272507127183,0.863668156564903,8.631196662082));
#4559=CARTESIAN_POINT('Ctrl Pts',(-5.5090525069146,0.771745667409348,9.08659169687214));
#4560=CARTESIAN_POINT('Ctrl Pts',(-5.38017018908535,0.641648630682259,9.65272380690106));
#4561=CARTESIAN_POINT('Ctrl Pts',(-5.25214323539434,0.495631457587124,10.2150986202538));
#4562=CARTESIAN_POINT('Ctrl Pts',(-5.15659000532026,0.377874261720412,10.6348284379126));
#4563=CARTESIAN_POINT('Ctrl Pts',(-5.0931461910225,0.295855308998837,10.9135135287896));
#4564=CARTESIAN_POINT('Ctrl Pts',(-5.03624543674355,0.218355507364988,11.1634573893963));
#4565=CARTESIAN_POINT('Ctrl Pts',(-4.98915396117216,0.149131595080647,11.3703127352548));
#4566=CARTESIAN_POINT('Ctrl Pts',(-4.95683850001643,0.0928939315810075,
11.5122625427908));
#4567=CARTESIAN_POINT('Ctrl Pts',(-4.94242885711596,0.0601038858264261,
11.5755587472462));
#4568=CARTESIAN_POINT('Ctrl Pts',(-4.93636049762636,0.0408217270984349,
11.6022147945623));
#4569=CARTESIAN_POINT('Ctrl Pts',(-4.93427581000449,0.0325300171609677,
11.6113720522994));
#4570=CARTESIAN_POINT('Ctrl Pts',(-4.933028022692,0.0263192814612314,11.6168531180963));
#4571=CARTESIAN_POINT('Ctrl Pts',(-4.93225050992048,0.0219662594620922,
11.6202684426601));
#4572=CARTESIAN_POINT('Ctrl Pts',(-4.93140141531316,0.0161416277699549,
11.6239981996179));
#4573=CARTESIAN_POINT('Ctrl Pts',(-4.93080334064351,0.00963692256169689,
11.6266253193065));
#4574=CARTESIAN_POINT('Ctrl Pts',(-4.93055020514763,0.00424988674424035,
11.6277372494364));
#4575=CARTESIAN_POINT('Ctrl Pts',(-4.93050386850629,0.00139441570251956,
11.6279407890761));
#4576=CARTESIAN_POINT('Ctrl Pts',(-4.93050386850629,6.24500451351645E-18,
11.6279407890761));
#4577=CARTESIAN_POINT('',(-5.11510065034647,8.69648292800554E-16,11.699281558684));
#4578=CARTESIAN_POINT('',(-4.93050386850628,1.11022302462516E-15,11.6279407890761));
#4579=CARTESIAN_POINT('Origin',(-5.02800911062775,0.,11.650138260978));
#4580=CARTESIAN_POINT('',(-6.45560640014082,-4.02455846426619E-16,4.92873232675826));
#4581=CARTESIAN_POINT('Ctrl Pts',(-4.93050386850629,6.24500451351645E-18,
11.6279407890761));
#4582=CARTESIAN_POINT('Ctrl Pts',(-4.93050386850629,0.00139441570251956,
11.6279407890761));
#4583=CARTESIAN_POINT('Ctrl Pts',(-4.93055020514763,0.00424988674424035,
11.6277372494364));
#4584=CARTESIAN_POINT('Ctrl Pts',(-4.93080334064351,0.00963692256169689,
11.6266253193065));
#4585=CARTESIAN_POINT('Ctrl Pts',(-4.93140141531316,0.0161416277699549,
11.6239981996179));
#4586=CARTESIAN_POINT('Ctrl Pts',(-4.93225050992048,0.0219662594620922,
11.6202684426601));
#4587=CARTESIAN_POINT('Ctrl Pts',(-4.933028022692,0.0263192814612314,11.6168531180963));
#4588=CARTESIAN_POINT('Ctrl Pts',(-4.93427581000449,0.0325300171609677,
11.6113720522994));
#4589=CARTESIAN_POINT('Ctrl Pts',(-4.93636049762636,0.0408217270984349,
11.6022147945623));
#4590=CARTESIAN_POINT('Ctrl Pts',(-4.94242885711596,0.0601038858264261,
11.5755587472462));
#4591=CARTESIAN_POINT('Ctrl Pts',(-4.95683850001643,0.0928939315810075,
11.5122625427908));
#4592=CARTESIAN_POINT('Ctrl Pts',(-4.98915396117216,0.149131595080647,11.3703127352548));
#4593=CARTESIAN_POINT('Ctrl Pts',(-5.03624543674355,0.218355507364988,11.1634573893963));
#4594=CARTESIAN_POINT('Ctrl Pts',(-5.0931461910225,0.295855308998837,10.9135135287896));
#4595=CARTESIAN_POINT('Ctrl Pts',(-5.15659000532026,0.377874261720412,10.6348284379126));
#4596=CARTESIAN_POINT('Ctrl Pts',(-5.25214323539434,0.495631457587124,10.2150986202538));
#4597=CARTESIAN_POINT('Ctrl Pts',(-5.38017018908535,0.641648630682259,9.65272380690106));
#4598=CARTESIAN_POINT('Ctrl Pts',(-5.5090525069146,0.771745667409348,9.08659169687214));
#4599=CARTESIAN_POINT('Ctrl Pts',(-5.61272507127183,0.863668156564903,8.631196662082));
#4600=CARTESIAN_POINT('Ctrl Pts',(-5.71673836409362,0.945960006356443,8.17430493381344));
#4601=CARTESIAN_POINT('Ctrl Pts',(-5.83445328450531,1.01990277679942,7.65722704914301));
#4602=CARTESIAN_POINT('Ctrl Pts',(-5.96628901266482,1.06593029134993,7.07812170546795));
#4603=CARTESIAN_POINT('Ctrl Pts',(-6.08515086948583,1.06657981386994,6.55600575552667));
#4604=CARTESIAN_POINT('Ctrl Pts',(-6.20339921128496,1.00518496988187,6.03658474900146));
#4605=CARTESIAN_POINT('Ctrl Pts',(-6.2985526109013,0.867242115001382,5.61861123790586));
#4606=CARTESIAN_POINT('Ctrl Pts',(-6.36582656403444,0.674635349739337,5.3231017709849));
#4607=CARTESIAN_POINT('Ctrl Pts',(-6.40846366693119,0.485976428121616,5.13581282836641));
#4608=CARTESIAN_POINT('Ctrl Pts',(-6.43532423308782,0.296766361674968,5.01782434669606));
#4609=CARTESIAN_POINT('Ctrl Pts',(-6.44881671740528,0.152584620561292,4.95855687894077));
#4610=CARTESIAN_POINT('Ctrl Pts',(-6.45362841483658,0.0775279178931133,
4.93742088088077));
#4611=CARTESIAN_POINT('Ctrl Pts',(-6.45529887610197,0.0334493613942319,
4.93008316553841));
#4612=CARTESIAN_POINT('Ctrl Pts',(-6.45560640014082,0.0111553256200516,
4.92873232675826));
#4613=CARTESIAN_POINT('Ctrl Pts',(-6.45560640014082,3.09719743068815E-16,
4.92873232675826));
#4614=CARTESIAN_POINT('',(-6.60720413177081,-6.93889390390723E-18,4.86682270871659));
#4615=CARTESIAN_POINT('Origin',(-6.55311164226228,-1.04083408558608E-16,
4.95092979866013));
#4616=CARTESIAN_POINT('Ctrl Pts',(-6.60720413177081,-5.3776427755281E-17,
4.86682270871659));
#4617=CARTESIAN_POINT('Ctrl Pts',(-6.60720413177081,0.0149563204587556,
4.86682270871659));
#4618=CARTESIAN_POINT('Ctrl Pts',(-6.60580849086308,0.0447984129915956,
4.86802162506242));
#4619=CARTESIAN_POINT('Ctrl Pts',(-6.59945750606244,0.100438003715632,4.87481673829524));
#4620=CARTESIAN_POINT('Ctrl Pts',(-6.5870849188397,0.186907836781721,4.89577469966073));
#4621=CARTESIAN_POINT('Ctrl Pts',(-6.56684303325906,0.343884793097585,4.95803488920003));
#4622=CARTESIAN_POINT('Ctrl Pts',(-6.53567734453974,0.549028438842669,5.08511179726609));
#4623=CARTESIAN_POINT('Ctrl Pts',(-6.48834826803837,0.753324130282316,5.28754257497048));
#4624=CARTESIAN_POINT('Ctrl Pts',(-6.41526196431335,0.959486895565588,5.60408416714183));
#4625=CARTESIAN_POINT('Ctrl Pts',(-6.31469130281484,1.10337718320609,6.04212689790003));
#4626=CARTESIAN_POINT('Ctrl Pts',(-6.1928354501735,1.166231735544,6.57558903990279));
#4627=CARTESIAN_POINT('Ctrl Pts',(-6.07191689577652,1.16548625510106,7.10670727023066));
#4628=CARTESIAN_POINT('Ctrl Pts',(-5.93891282767005,1.11885352332074,7.69254534060368));
#4629=CARTESIAN_POINT('Ctrl Pts',(-5.82092491802213,1.04424434669684,8.21381941527331));
#4630=CARTESIAN_POINT('Ctrl Pts',(-5.71719072404574,0.961345876141407,8.67369037633006));
#4631=CARTESIAN_POINT('Ctrl Pts',(-5.61415972427549,0.868808491571356,9.13170259362136));
#4632=CARTESIAN_POINT('Ctrl Pts',(-5.48691920030534,0.737856399431072,9.70066057861141));
#4633=CARTESIAN_POINT('Ctrl Pts',(-5.3623071602522,0.590730647128943,10.2657369082873));
#4634=CARTESIAN_POINT('Ctrl Pts',(-5.27203130897405,0.471318956732978,10.6879129923534));
#4635=CARTESIAN_POINT('Ctrl Pts',(-5.21427173060728,0.387390978367494,10.9686570957053));
#4636=CARTESIAN_POINT('Ctrl Pts',(-5.16572880997413,0.306414851495983,11.2211487706515));
#4637=CARTESIAN_POINT('Ctrl Pts',(-5.13109444834455,0.230772263120861,11.4313443345877));
#4638=CARTESIAN_POINT('Ctrl Pts',(-5.11612531788983,0.159979649358395,11.5775760356126));
#4639=CARTESIAN_POINT('Ctrl Pts',(-5.11393253084473,0.110305388189295,11.6437992291494));
#4640=CARTESIAN_POINT('Ctrl Pts',(-5.11413770633183,0.0771924888900993,
11.6719444481788));
#4641=CARTESIAN_POINT('Ctrl Pts',(-5.11437193599004,0.0622517506422011,
11.6816505110403));
#4642=CARTESIAN_POINT('Ctrl Pts',(-5.11457132651906,0.0507223695436966,
11.6874735217538));
#4643=CARTESIAN_POINT('Ctrl Pts',(-5.11470971869266,0.0425512525504026,
11.6911051338424));
#4644=CARTESIAN_POINT('Ctrl Pts',(-5.11488500821025,0.0314534366334725,
11.6950765834536));
#4645=CARTESIAN_POINT('Ctrl Pts',(-5.11502642632049,0.0188442636313034,
11.6978780252233));
#4646=CARTESIAN_POINT('Ctrl Pts',(-5.11508899450244,0.00832200726531402,
11.6990643541919));
#4647=CARTESIAN_POINT('Ctrl Pts',(-5.11510065034647,0.00273064782537691,
11.699281558684));
#4648=CARTESIAN_POINT('Ctrl Pts',(-5.11510065034647,0.,11.699281558684));
#4649=CARTESIAN_POINT('Ctrl Pts',(-5.11510065034648,3.59738313526986E-15,
11.699281558684));
#4650=CARTESIAN_POINT('Ctrl Pts',(-5.11510065034648,-0.00273073175571405,
11.699281558684));
#4651=CARTESIAN_POINT('Ctrl Pts',(-5.11508873174471,-0.0083739470413799,
11.6990590629973));
#4652=CARTESIAN_POINT('Ctrl Pts',(-5.11502646159907,-0.0188162930811713,
11.6978787244239));
#4653=CARTESIAN_POINT('Ctrl Pts',(-5.11488486329036,-0.031479223303943,
11.6950720970298));
#4654=CARTESIAN_POINT('Ctrl Pts',(-5.11470934550049,-0.04256057759283,11.6910975788749));
#4655=CARTESIAN_POINT('Ctrl Pts',(-5.11457148338419,-0.0507250180859713,
11.6874727645142));
#4656=CARTESIAN_POINT('Ctrl Pts',(-5.11423714727266,-0.069919410889202,
11.6777567430154));
#4657=CARTESIAN_POINT('Ctrl Pts',(-5.1137602479927,-0.106489277310424,11.6487790844804));
#4658=CARTESIAN_POINT('Ctrl Pts',(-5.11545541343273,-0.144763632409627,
11.5979361199652));
#4659=CARTESIAN_POINT('Ctrl Pts',(-5.1204098633858,-0.18007218927872,11.5357593797305));
#4660=CARTESIAN_POINT('Ctrl Pts',(-5.13449937406423,-0.238659455213914,
11.4102752170524));
#4661=CARTESIAN_POINT('Ctrl Pts',(-5.17984748221038,-0.336339883542672,
11.1368217132506));
#4662=CARTESIAN_POINT('Ctrl Pts',(-5.26554415211359,-0.464491653054195,
10.7161025758646));
#4663=CARTESIAN_POINT('Ctrl Pts',(-5.37474126298173,-0.605859399509424,
10.2091587095942));
#4664=CARTESIAN_POINT('Ctrl Pts',(-5.47469238434798,-0.721988936858078,
9.75671971782143));
#4665=CARTESIAN_POINT('Ctrl Pts',(-5.56330340650904,-0.816465186319643,
9.35907972775779));
#4666=CARTESIAN_POINT('Ctrl Pts',(-5.63992166049027,-0.891956428105995,
9.01721572345861));
#4667=CARTESIAN_POINT('Ctrl Pts',(-5.74281661791533,-0.984287632389774,
8.55975163620108));
#4668=CARTESIAN_POINT('Ctrl Pts',(-5.84686354629062,-1.06268946395818,8.09913830090652));
#4669=CARTESIAN_POINT('Ctrl Pts',(-5.9653676147507,-1.12815898263789,7.57601225833858));
#4670=CARTESIAN_POINT('Ctrl Pts',(-6.07176407116399,-1.16544146077292,7.10738388641638));
#4671=CARTESIAN_POINT('Ctrl Pts',(-6.19281292253268,-1.16625607624901,6.57568534017778));
#4672=CARTESIAN_POINT('Ctrl Pts',(-6.31468777733653,-1.10340158747481,6.04214296020977));
#4673=CARTESIAN_POINT('Ctrl Pts',(-6.41525578105408,-0.959490030380033,
5.6041094377242));
#4674=CARTESIAN_POINT('Ctrl Pts',(-6.48834239621134,-0.753348286621668,
5.28757084738799));
#4675=CARTESIAN_POINT('Ctrl Pts',(-6.53567368840508,-0.549044934612215,
5.08512141272729));
#4676=CARTESIAN_POINT('Ctrl Pts',(-6.56684484821364,-0.3438806749922,4.95804056153124));
#4677=CARTESIAN_POINT('Ctrl Pts',(-6.58706535745384,-0.187021394791099,
4.89581004273179));
#4678=CARTESIAN_POINT('Ctrl Pts',(-6.59946445024882,-0.100402325628828,
4.87481047127454));
#4679=CARTESIAN_POINT('Ctrl Pts',(-6.60579290163462,-0.0448616209745299,
4.86803170468279));
#4680=CARTESIAN_POINT('Ctrl Pts',(-6.60720413177081,-0.0149567801625161,
4.86682270871659));
#4681=CARTESIAN_POINT('Ctrl Pts',(-6.60720413177081,-7.70717333384034E-18,
4.86682270871659));
#4682=CARTESIAN_POINT('Ctrl Pts',(-5.10175381021885,5.20606704920998E-15,
11.7229347710518));
#4683=CARTESIAN_POINT('Ctrl Pts',(-5.10175381021885,-0.00394494162491045,
11.7229347710518));
#4684=CARTESIAN_POINT('Ctrl Pts',(-5.10174235108147,-0.0120896257479587,
11.7224838530063));
#4685=CARTESIAN_POINT('Ctrl Pts',(-5.10167394886007,-0.0268463774635981,
11.7201502434999));
#4686=CARTESIAN_POINT('Ctrl Pts',(-5.10147482595622,-0.0437058686247349,
11.7149908209807));
#4687=CARTESIAN_POINT('Ctrl Pts',(-5.10113145997161,-0.0571272467739708,
11.7086522652127));
#4688=CARTESIAN_POINT('Ctrl Pts',(-5.10081800298173,-0.0665530901410876,
11.7033358258856));
#4689=CARTESIAN_POINT('Ctrl Pts',(-5.09998442825211,-0.0879231358603996,
11.689745315777));
#4690=CARTESIAN_POINT('Ctrl Pts',(-5.0980936917475,-0.124225976293768,11.65521963745));
#4691=CARTESIAN_POINT('Ctrl Pts',(-5.09863675666764,-0.160104234983416,
11.6012480199288));
#4692=CARTESIAN_POINT('Ctrl Pts',(-5.103006939126,-0.193134355084355,11.5370446792253));
#4693=CARTESIAN_POINT('Ctrl Pts',(-5.11667729637337,-0.248197509886937,
11.409458565953));
#4694=CARTESIAN_POINT('Ctrl Pts',(-5.1626270299969,-0.34223659498915,11.1346951690316));
#4695=CARTESIAN_POINT('Ctrl Pts',(-5.24890938173589,-0.468527333729611,
10.7134678982546));
#4696=CARTESIAN_POINT('Ctrl Pts',(-5.35855401977331,-0.608796328274631,
10.2062496335518));
#4697=CARTESIAN_POINT('Ctrl Pts',(-5.45873872486811,-0.724423822621593,
9.75368890300791));
#4698=CARTESIAN_POINT('Ctrl Pts',(-5.54750756208903,-0.81858510167139,9.35596786092226));
#4699=CARTESIAN_POINT('Ctrl Pts',(-5.62422754547331,-0.893884186734741,
9.01404978506114));
#4700=CARTESIAN_POINT('Ctrl Pts',(-5.72723293478519,-0.986018462380063,
8.55652155916681));
#4701=CARTESIAN_POINT('Ctrl Pts',(-5.83135674539421,-1.06429673222946,8.09585117186784));
#4702=CARTESIAN_POINT('Ctrl Pts',(-5.94992434242731,-1.12967944141949,7.57265111047865));
#4703=CARTESIAN_POINT('Ctrl Pts',(-6.05636184361847,-1.1669216182678,7.10394461215068));
#4704=CARTESIAN_POINT('Ctrl Pts',(-6.17744049056665,-1.1677388387312,6.57211277368025));
#4705=CARTESIAN_POINT('Ctrl Pts',(-6.29933308675923,-1.10493000249018,6.03834759895095));
#4706=CARTESIAN_POINT('Ctrl Pts',(-6.39992014192679,-0.961062078890667,
5.59993446299738));
#4707=CARTESIAN_POINT('Ctrl Pts',(-6.47303796812316,-0.754829324187602,
5.2829097443506));
#4708=CARTESIAN_POINT('Ctrl Pts',(-6.5203798223792,-0.550375483211193,5.07999347260506));
#4709=CARTESIAN_POINT('Ctrl Pts',(-6.55151129845184,-0.345088331156764,
4.95234958460079));
#4710=CARTESIAN_POINT('Ctrl Pts',(-6.5715932089066,-0.188315081005867,4.88892088398348));
#4711=CARTESIAN_POINT('Ctrl Pts',(-6.58397700433936,-0.101647614946009,
4.8663126006709));
#4712=CARTESIAN_POINT('Ctrl Pts',(-6.59039243585194,-0.045608659404649,
4.85842553563675));
#4713=CARTESIAN_POINT('Ctrl Pts',(-6.59183661727658,-0.0152093776966362,
4.8569392718136));
#4714=CARTESIAN_POINT('Ctrl Pts',(-6.59183661727658,-6.62320285486647E-18,
4.8569392718136));
#4715=CARTESIAN_POINT('Ctrl Pts',(-5.05469846683318,8.00066897193742E-15,
11.7585657646353));
#4716=CARTESIAN_POINT('Ctrl Pts',(-5.05469846683318,-0.00606448604694012,
11.7585657646353));
#4717=CARTESIAN_POINT('Ctrl Pts',(-5.05473592750598,-0.018573788465221,
11.7576786511163));
#4718=CARTESIAN_POINT('Ctrl Pts',(-5.05491136192588,-0.040793709167783,
11.7531432717114));
#4719=CARTESIAN_POINT('Ctrl Pts',(-5.05517102421994,-0.06468687807907,11.7435177972401));
#4720=CARTESIAN_POINT('Ctrl Pts',(-5.05520762751702,-0.0816997986014967,
11.7327535671422));
#4721=CARTESIAN_POINT('Ctrl Pts',(-5.05513514246048,-0.0929025994114928,
11.7243032419292));
#4722=CARTESIAN_POINT('Ctrl Pts',(-5.0547933985605,-0.11696593991074,11.7035984860227));
#4723=CARTESIAN_POINT('Ctrl Pts',(-5.05337437385019,-0.150469564437641,
11.6594112544243));
#4724=CARTESIAN_POINT('Ctrl Pts',(-5.05476114325393,-0.180608119009778,
11.6005986834243));
#4725=CARTESIAN_POINT('Ctrl Pts',(-5.0603047321914,-0.208795936764473,11.5334266573126));
#4726=CARTESIAN_POINT('Ctrl Pts',(-5.07622210616953,-0.256981554286694,
11.4030624290587));
#4727=CARTESIAN_POINT('Ctrl Pts',(-5.12549661329191,-0.344745457453662,
11.1269717828894));
#4728=CARTESIAN_POINT('Ctrl Pts',(-5.21405564369604,-0.468002586987506,
10.705359752238));
#4729=CARTESIAN_POINT('Ctrl Pts',(-5.32513943576536,-0.606527947937485,
10.1980323206289));
#4730=CARTESIAN_POINT('Ctrl Pts',(-5.42604468486145,-0.721356752817791,
9.74548195047288));
#4731=CARTESIAN_POINT('Ctrl Pts',(-5.51525878655472,-0.815014774296808,
9.34780662986801));
#4732=CARTESIAN_POINT('Ctrl Pts',(-5.59225761782771,-0.890000782644393,
9.00594831871968));
#4733=CARTESIAN_POINT('Ctrl Pts',(-5.69554157221777,-0.98180686802154,8.54852494640972));
#4734=CARTESIAN_POINT('Ctrl Pts',(-5.79983211927652,-1.05986514847578,8.08799750411103));
#4735=CARTESIAN_POINT('Ctrl Pts',(-5.91849265382396,-1.12507883573428,7.56502272362804));
#4736=CARTESIAN_POINT('Ctrl Pts',(-6.02494196567971,-1.16222996941227,7.09657646412228));
#4737=CARTESIAN_POINT('Ctrl Pts',(-6.14592222373884,-1.16304398235825,6.56517079623039));
#4738=CARTESIAN_POINT('Ctrl Pts',(-6.2675694575344,-1.10040089772577,6.03203925778076));
#4739=CARTESIAN_POINT('Ctrl Pts',(-6.36776194230811,-0.957003598349226,
5.59444517078182));
#4740=CARTESIAN_POINT('Ctrl Pts',(-6.44046573477991,-0.751569524974409,
5.27814610709999));
#4741=CARTESIAN_POINT('Ctrl Pts',(-6.48742707489472,-0.547972291442552,
5.0755779544001));
#4742=CARTESIAN_POINT('Ctrl Pts',(-6.51807688551577,-0.343600394339706,
4.94770746304595));
#4743=CARTESIAN_POINT('Ctrl Pts',(-6.53711186885508,-0.187834809138554,
4.88263981763072));
#4744=CARTESIAN_POINT('Ctrl Pts',(-6.54839646418789,-0.101900378435122,
4.85748085971542));
#4745=CARTESIAN_POINT('Ctrl Pts',(-6.55423489615578,-0.0459328141983762,
4.84777492270175));
#4746=CARTESIAN_POINT('Ctrl Pts',(-6.55555740882517,-0.0153216913987427,
4.84582815053358));
#4747=CARTESIAN_POINT('Ctrl Pts',(-6.55555740882517,-4.25505655932584E-18,
4.84582815053358));
#4748=CARTESIAN_POINT('Ctrl Pts',(-4.97484185873614,8.2961551658847E-15,
11.7452065543712));
#4749=CARTESIAN_POINT('Ctrl Pts',(-4.97484185873614,-0.00628070947619603,
11.7452065543712));
#4750=CARTESIAN_POINT('Ctrl Pts',(-4.97497231683199,-0.0192323626430259,
11.7442008903692));
#4751=CARTESIAN_POINT('Ctrl Pts',(-4.97562743371442,-0.0420838017527624,
11.7390728374715));
#4752=CARTESIAN_POINT('Ctrl Pts',(-4.97693809801953,-0.0661354383310751,
11.7282749326729));
#4753=CARTESIAN_POINT('Ctrl Pts',(-4.97822220366549,-0.0825452826830829,
11.7164267169224));
#4754=CARTESIAN_POINT('Ctrl Pts',(-4.97915529390029,-0.0930738920778584,
11.7072531675453));
#4755=CARTESIAN_POINT('Ctrl Pts',(-4.98131982923381,-0.115161841755805,
11.6849853704142));
#4756=CARTESIAN_POINT('Ctrl Pts',(-4.98535317771182,-0.143216916820111,
11.6393572179453));
#4757=CARTESIAN_POINT('Ctrl Pts',(-4.99248491862293,-0.168379262867447,
11.580692234533));
#4758=CARTESIAN_POINT('Ctrl Pts',(-5.00280262978235,-0.193044200608729,
11.5139257838857));
#4759=CARTESIAN_POINT('Ctrl Pts',(-5.02557158429043,-0.236948847488679,
11.3845800440251));
#4760=CARTESIAN_POINT('Ctrl Pts',(-5.08186527538708,-0.321787782419568,
11.1099127014952));
#4761=CARTESIAN_POINT('Ctrl Pts',(-5.17428366036291,-0.443898988788257,
10.6893720012388));
#4762=CARTESIAN_POINT('Ctrl Pts',(-5.28763760229427,-0.581814067228472,
10.1829044275251));
#4763=CARTESIAN_POINT('Ctrl Pts',(-5.38958825312126,-0.696344911039777,
9.73099030553913));
#4764=CARTESIAN_POINT('Ctrl Pts',(-5.47941930085384,-0.78979359355569,9.33386867090782));
#4765=CARTESIAN_POINT('Ctrl Pts',(-5.55677273450009,-0.864627597274494,
8.99250159190115));
#4766=CARTESIAN_POINT('Ctrl Pts',(-5.66037465521077,-0.956246726114103,
8.53579299392095));
#4767=CARTESIAN_POINT('Ctrl Pts',(-5.76478631079103,-1.03413218942468,8.07610234425311));
#4768=CARTESIAN_POINT('Ctrl Pts',(-5.88338718431587,-1.09916809653078,7.55437716101235));
#4769=CARTESIAN_POINT('Ctrl Pts',(-5.9896245114272,-1.13618818427006,7.0873462361009));
#4770=CARTESIAN_POINT('Ctrl Pts',(-6.11006594065513,-1.13697626703851,6.55829846896755));
#4771=CARTESIAN_POINT('Ctrl Pts',(-6.23072298051931,-1.07472228466076,6.02882535552227));
#4772=CARTESIAN_POINT('Ctrl Pts',(-6.32940202319266,-0.932896481373459,
5.59645484453801));
#4773=CARTESIAN_POINT('Ctrl Pts',(-6.40046979710973,-0.731020873392239,
5.28561082810503));
#4774=CARTESIAN_POINT('Ctrl Pts',(-6.44606428801723,-0.531524437011667,
5.08694606608001));
#4775=CARTESIAN_POINT('Ctrl Pts',(-6.47532962705692,-0.331335197440921,
4.96134256145303));
#4776=CARTESIAN_POINT('Ctrl Pts',(-6.49188621271425,-0.178953097333738,
4.89674759997033));
#4777=CARTESIAN_POINT('Ctrl Pts',(-6.50020989421866,-0.0960372071680686,
4.87106271532807));
#4778=CARTESIAN_POINT('Ctrl Pts',(-6.50417244250444,-0.043051183041492,
4.86085729392623));
#4779=CARTESIAN_POINT('Ctrl Pts',(-6.50504601049759,-0.0143576189216425,
4.85877698709008));
#4780=CARTESIAN_POINT('Ctrl Pts',(-6.50504601049759,-1.40171138130652E-18,
4.85877698709008));
#4781=CARTESIAN_POINT('Ctrl Pts',(-4.92947564588247,5.6114457292852E-15,
11.6902614749391));
#4782=CARTESIAN_POINT('Ctrl Pts',(-4.92947564588247,-0.00424465292503777,
11.6902614749391));
#4783=CARTESIAN_POINT('Ctrl Pts',(-4.92961148704119,-0.0129998034161886,
11.6895760068517));
#4784=CARTESIAN_POINT('Ctrl Pts',(-4.93030574410151,-0.0285279518597646,
11.6860655770052));
#4785=CARTESIAN_POINT('Ctrl Pts',(-4.9317789298273,-0.0451549257209798,
11.6785640464325));
#4786=CARTESIAN_POINT('Ctrl Pts',(-4.93343600562957,-0.0569354920711193,
11.6700226101022));
#4787=CARTESIAN_POINT('Ctrl Pts',(-4.93475180115349,-0.0647003357231874,
11.6632150675779));
#4788=CARTESIAN_POINT('Ctrl Pts',(-4.93800111629578,-0.081396536102017,
11.6463637893842));
#4789=CARTESIAN_POINT('Ctrl Pts',(-4.94534859142441,-0.105363061694745,
11.6085218912969));
#4790=CARTESIAN_POINT('Ctrl Pts',(-4.95644560903031,-0.129633925655732,
11.5544520245353));
#4791=CARTESIAN_POINT('Ctrl Pts',(-4.9699909552696,-0.154258121067097,11.4908318666824));
#4792=CARTESIAN_POINT('Ctrl Pts',(-4.99735994129219,-0.198832652127954,
11.3650541041113));
#4793=CARTESIAN_POINT('Ctrl Pts',(-5.05808407332802,-0.285284447444212,
11.0932228102515));
#4794=CARTESIAN_POINT('Ctrl Pts',(-5.15284749637616,-0.408454142158161,
10.6743065268727));
#4795=CARTESIAN_POINT('Ctrl Pts',(-5.26751709126028,-0.547016715672113,
10.1690540628177));
#4796=CARTESIAN_POINT('Ctrl Pts',(-5.37003598836943,-0.661808943225207,
9.71799106837516));
#4797=CARTESIAN_POINT('Ctrl Pts',(-5.46017102097596,-0.755387606894992,
9.32160533726847));
#4798=CARTESIAN_POINT('Ctrl Pts',(-5.53767265456736,-0.83026903746653,8.98088493995587));
#4799=CARTESIAN_POINT('Ctrl Pts',(-5.6413636743701,-0.92189601995314,8.52511667807987));
#4800=CARTESIAN_POINT('Ctrl Pts',(-5.7457209941164,-0.999715439480026,8.06652542400851));
#4801=CARTESIAN_POINT('Ctrl Pts',(-5.86408784168141,-1.06463352001483,7.54644815997921));
#4802=CARTESIAN_POINT('Ctrl Pts',(-5.9699682226722,-1.10153761240337,7.08128865702491));
#4803=CARTESIAN_POINT('Ctrl Pts',(-6.0896943917976,-1.10228987674328,6.55537727817676));
#4804=CARTESIAN_POINT('Ctrl Pts',(-6.20913727283552,-1.04047081753642,6.03080396006027));
#4805=CARTESIAN_POINT('Ctrl Pts',(-6.30600153680024,-0.900573242387088,
5.60551092218637));
#4806=CARTESIAN_POINT('Ctrl Pts',(-6.37511162891306,-0.703295111781355,
5.30217513393998));
#4807=CARTESIAN_POINT('Ctrl Pts',(-6.41914456947945,-0.509152112095761,
5.10904516373359));
#4808=CARTESIAN_POINT('Ctrl Pts',(-6.44703280049953,-0.314384843500833,
4.9870736474003));
#4809=CARTESIAN_POINT('Ctrl Pts',(-6.46154526101669,-0.166148602527582,
4.92479465739137));
#4810=CARTESIAN_POINT('Ctrl Pts',(-6.46744419615489,-0.087066208100906,
4.9008630375642));
#4811=CARTESIAN_POINT('Ctrl Pts',(-6.4698195109958,-0.0384568382212915,
4.89174842602092));
#4812=CARTESIAN_POINT('Ctrl Pts',(-6.47030533219479,-0.0128168449330802,
4.88993737070151));
#4813=CARTESIAN_POINT('Ctrl Pts',(-6.47030533219479,2.13212547392796E-19,
4.88993737070151));
#4814=CARTESIAN_POINT('Ctrl Pts',(-4.92598240592836,3.10193108707658E-15,
11.6478018933205));
#4815=CARTESIAN_POINT('Ctrl Pts',(-4.92598240592836,-0.00234893363867561,
11.6478018933205));
#4816=CARTESIAN_POINT('Ctrl Pts',(-4.92606592651171,-0.0071975978764781,
11.6474350725997));
#4817=CARTESIAN_POINT('Ctrl Pts',(-4.92649975815095,-0.0159531689862111,
11.6455303570055));
#4818=CARTESIAN_POINT('Ctrl Pts',(-4.92746708170852,-0.0258643619909446,
11.6412831432392));
#4819=CARTESIAN_POINT('Ctrl Pts',(-4.9286795961487,-0.0336754376502471,
11.6359595927146));
#4820=CARTESIAN_POINT('Ctrl Pts',(-4.9297117395669,-0.0391668714186502,
11.6314282899127));
#4821=CARTESIAN_POINT('Ctrl Pts',(-4.93237326021531,-0.0516291325997941,
11.6197430866368));
#4822=CARTESIAN_POINT('Ctrl Pts',(-4.9393868745212,-0.0735656730311115,
11.5889473114166));
#4823=CARTESIAN_POINT('Ctrl Pts',(-4.9508477499239,-0.098472538528822,11.5386115826036));
#4824=CARTESIAN_POINT('Ctrl Pts',(-4.96477483136805,-0.124054532320458,
11.4774393246486));
#4825=CARTESIAN_POINT('Ctrl Pts',(-4.99282859479608,-0.170412841908936,
11.3542203638561));
#4826=CARTESIAN_POINT('Ctrl Pts',(-5.0542737984976,-0.259071144357307,11.0842698017714));
#4827=CARTESIAN_POINT('Ctrl Pts',(-5.14941497121642,-0.383486412781481,
10.666348038921));
#4828=CARTESIAN_POINT('Ctrl Pts',(-5.26426323929774,-0.522777528805226,
10.1618597943975));
#4829=CARTESIAN_POINT('Ctrl Pts',(-5.36682667540072,-0.637879783268235,
9.71133723146533));
#4830=CARTESIAN_POINT('Ctrl Pts',(-5.45695620089782,-0.731626869676438,
9.31543129578369));
#4831=CARTESIAN_POINT('Ctrl Pts',(-5.53442582321002,-0.806589714991881,
8.97513650134433));
#4832=CARTESIAN_POINT('Ctrl Pts',(-5.63804060337027,-0.898272079099306,
8.51999493372703));
#4833=CARTESIAN_POINT('Ctrl Pts',(-5.74227221319278,-0.976078210312475,
8.06214419738918));
#4834=CARTESIAN_POINT('Ctrl Pts',(-5.86041507277112,-1.04093853180167,7.54318664606427));
#4835=CARTESIAN_POINT('Ctrl Pts',(-5.96601973844937,-1.07777444552933,7.07930451501981));
#4836=CARTESIAN_POINT('Ctrl Pts',(-6.08525605369053,-1.07850193930181,6.55554379319204));
#4837=CARTESIAN_POINT('Ctrl Pts',(-6.2039095824232,-1.01696507492181,6.03434302541561));
#4838=CARTESIAN_POINT('Ctrl Pts',(-6.29961631061777,-0.878358487053501,
5.61393892390708));
#4839=CARTESIAN_POINT('Ctrl Pts',(-6.36748565609729,-0.684206623824997,
5.31581475133632));
#4840=CARTESIAN_POINT('Ctrl Pts',(-6.41056973634494,-0.4937147476137,5.12656311727462));
#4841=CARTESIAN_POINT('Ctrl Pts',(-6.43773622820324,-0.302639152993279,
5.00723549497322));
#4842=CARTESIAN_POINT('Ctrl Pts',(-6.45145865387185,-0.157178221438781,
4.94696091350062));
#4843=CARTESIAN_POINT('Ctrl Pts',(-6.45649596696233,-0.08068797499767,4.92482990598244));
#4844=CARTESIAN_POINT('Ctrl Pts',(-6.45830280477761,-0.0351582597940938,
4.91688883220686));
#4845=CARTESIAN_POINT('Ctrl Pts',(-6.45864823619248,-0.011710092879034,
4.91537067179043));
#4846=CARTESIAN_POINT('Ctrl Pts',(-6.45864823619248,5.21189805443284E-19,
4.91537067179043));
#4847=CARTESIAN_POINT('Ctrl Pts',(-4.93050386850629,1.84326239107705E-15,
11.6279407890761));
#4848=CARTESIAN_POINT('Ctrl Pts',(-4.93050386850629,-0.00139445856186556,
11.6279407890761));
#4849=CARTESIAN_POINT('Ctrl Pts',(-4.93055133496944,-0.00427648696751697,
11.6277322865492));
#4850=CARTESIAN_POINT('Ctrl Pts',(-4.93080319137263,-0.00962262998286977,
11.626625974998));
#4851=CARTESIAN_POINT('Ctrl Pts',(-4.93140237712133,-0.0161549792665504,
11.6239939747522));
#4852=CARTESIAN_POINT('Ctrl Pts',(-4.9322521232238,-0.0219712146374567,
11.6202613560184));
#4853=CARTESIAN_POINT('Ctrl Pts',(-4.93302819394274,-0.0263208755250438,
11.6168523658555));
#4854=CARTESIAN_POINT('Ctrl Pts',(-4.93511011674568,-0.0366594658863659,
11.6077072529402));
#4855=CARTESIAN_POINT('Ctrl Pts',(-4.94134491720447,-0.0575936756571529,
11.5803200923211));
#4856=CARTESIAN_POINT('Ctrl Pts',(-4.95240851622061,-0.0828386235503898,
11.5317218147527));
#4857=CARTESIAN_POINT('Ctrl Pts',(-4.96607967609445,-0.108915073059281,
11.4716694917011));
#4858=CARTESIAN_POINT('Ctrl Pts',(-4.99387093808932,-0.156181359068811,
11.349592809201));
#4859=CARTESIAN_POINT('Ctrl Pts',(-5.05514874403577,-0.245957740739358,
11.0804221877944));
#4860=CARTESIAN_POINT('Ctrl Pts',(-5.15019094207909,-0.370993624691926,
10.6629371438697));
#4861=CARTESIAN_POINT('Ctrl Pts',(-5.26496234300086,-0.51065220376874,10.1587890460608));
#4862=CARTESIAN_POINT('Ctrl Pts',(-5.36746779694519,-0.625908751723602,
9.70852069343953));
#4863=CARTESIAN_POINT('Ctrl Pts',(-5.45754550767559,-0.719740748231162,
9.31284279672488));
#4864=CARTESIAN_POINT('Ctrl Pts',(-5.53496806640896,-0.79474437724768,8.9727542781615));
#4865=CARTESIAN_POINT('Ctrl Pts',(-5.63851324756208,-0.886454623873562,
8.51791879043217));
#4866=CARTESIAN_POINT('Ctrl Pts',(-5.74266156170199,-0.964254137825149,
8.06043396370745));
#4867=CARTESIAN_POINT('Ctrl Pts',(-5.86067765616662,-1.02908567284471,7.54203313338437));
#4868=CARTESIAN_POINT('Ctrl Pts',(-5.96613724373252,-1.06588749993945,7.07878836996716));
#4869=CARTESIAN_POINT('Ctrl Pts',(-6.0851286020356,-1.06660257223701,6.5561035681576));
#4870=CARTESIAN_POINT('Ctrl Pts',(-6.20339763018767,-1.00520680363642,6.03659169417408));
#4871=CARTESIAN_POINT('Ctrl Pts',(-6.29854644664572,-0.867245715861506,
5.61863831518904));
#4872=CARTESIAN_POINT('Ctrl Pts',(-6.36582085623211,-0.674657534095049,
5.32312684323863));
#4873=CARTESIAN_POINT('Ctrl Pts',(-6.40846143937392,-0.485992055710792,
5.13582261319738));
#4874=CARTESIAN_POINT('Ctrl Pts',(-6.43532324079568,-0.296762123472926,
5.01782870546658));
#4875=CARTESIAN_POINT('Ctrl Pts',(-6.44880867475393,-0.152687764873506,
4.95859220731826));
#4876=CARTESIAN_POINT('Ctrl Pts',(-6.45363004389978,-0.0774937387709469,
4.93741372501176));
#4877=CARTESIAN_POINT('Ctrl Pts',(-6.45529610917567,-0.0335060420480423,
4.93009531961701));
#4878=CARTESIAN_POINT('Ctrl Pts',(-6.45560640014082,-0.0111556684949402,
4.92873232675826));
#4879=CARTESIAN_POINT('Ctrl Pts',(-6.45560640014082,4.96529921315074E-19,
4.92873232675826));
#4880=CARTESIAN_POINT('Ctrl Pts',(-5.11510065034648,3.59738313526986E-15,
11.699281558684));
#4881=CARTESIAN_POINT('Ctrl Pts',(-5.11510065034648,-0.00273073175571405,
11.699281558684));
#4882=CARTESIAN_POINT('Ctrl Pts',(-5.11508873174471,-0.0083739470413799,
11.6990590629973));
#4883=CARTESIAN_POINT('Ctrl Pts',(-5.11502646159907,-0.0188162930811713,
11.6978787244239));
#4884=CARTESIAN_POINT('Ctrl Pts',(-5.11488486329036,-0.031479223303943,
11.6950720970298));
#4885=CARTESIAN_POINT('Ctrl Pts',(-5.11470934550049,-0.04256057759283,11.6910975788749));
#4886=CARTESIAN_POINT('Ctrl Pts',(-5.11457148338419,-0.0507250180859713,
11.6874727645142));
#4887=CARTESIAN_POINT('Ctrl Pts',(-5.11423714727266,-0.069919410889202,
11.6777567430154));
#4888=CARTESIAN_POINT('Ctrl Pts',(-5.1137602479927,-0.106489277310424,11.6487790844804));
#4889=CARTESIAN_POINT('Ctrl Pts',(-5.11545541343273,-0.144763632409627,
11.5979361199652));
#4890=CARTESIAN_POINT('Ctrl Pts',(-5.1204098633858,-0.18007218927872,11.5357593797305));
#4891=CARTESIAN_POINT('Ctrl Pts',(-5.13449937406423,-0.238659455213914,
11.4102752170524));
#4892=CARTESIAN_POINT('Ctrl Pts',(-5.17984748221038,-0.336339883542672,
11.1368217132506));
#4893=CARTESIAN_POINT('Ctrl Pts',(-5.26554415211359,-0.464491653054195,
10.7161025758646));
#4894=CARTESIAN_POINT('Ctrl Pts',(-5.37474126298173,-0.605859399509424,
10.2091587095942));
#4895=CARTESIAN_POINT('Ctrl Pts',(-5.47469238434798,-0.721988936858078,
9.75671971782143));
#4896=CARTESIAN_POINT('Ctrl Pts',(-5.56330340650904,-0.816465186319643,
9.35907972775779));
#4897=CARTESIAN_POINT('Ctrl Pts',(-5.63992166049027,-0.891956428105995,
9.01721572345861));
#4898=CARTESIAN_POINT('Ctrl Pts',(-5.74281661791533,-0.984287632389774,
8.55975163620108));
#4899=CARTESIAN_POINT('Ctrl Pts',(-5.84686354629062,-1.06268946395818,8.09913830090652));
#4900=CARTESIAN_POINT('Ctrl Pts',(-5.9653676147507,-1.12815898263789,7.57601225833858));
#4901=CARTESIAN_POINT('Ctrl Pts',(-6.07176407116399,-1.16544146077292,7.10738388641638));
#4902=CARTESIAN_POINT('Ctrl Pts',(-6.19281292253268,-1.16625607624901,6.57568534017778));
#4903=CARTESIAN_POINT('Ctrl Pts',(-6.31468777733653,-1.10340158747481,6.04214296020977));
#4904=CARTESIAN_POINT('Ctrl Pts',(-6.41525578105408,-0.959490030380033,
5.6041094377242));
#4905=CARTESIAN_POINT('Ctrl Pts',(-6.48834239621134,-0.753348286621668,
5.28757084738799));
#4906=CARTESIAN_POINT('Ctrl Pts',(-6.53567368840508,-0.549044934612215,
5.08512141272729));
#4907=CARTESIAN_POINT('Ctrl Pts',(-6.56684484821364,-0.3438806749922,4.95804056153124));
#4908=CARTESIAN_POINT('Ctrl Pts',(-6.58706535745384,-0.187021394791099,
4.89581004273179));
#4909=CARTESIAN_POINT('Ctrl Pts',(-6.59946445024882,-0.100402325628828,
4.87481047127454));
#4910=CARTESIAN_POINT('Ctrl Pts',(-6.60579290163462,-0.0448616209745299,
4.86803170468279));
#4911=CARTESIAN_POINT('Ctrl Pts',(-6.60720413177081,-0.0149567801625161,
4.86682270871659));
#4912=CARTESIAN_POINT('Ctrl Pts',(-6.60720413177081,-7.70717333384034E-18,
4.86682270871659));
#4913=CARTESIAN_POINT('Ctrl Pts',(-6.45560640014082,4.96529921315074E-19,
4.92873232675826));
#4914=CARTESIAN_POINT('Ctrl Pts',(-6.45560640014082,-0.0111556684949402,
4.92873232675826));
#4915=CARTESIAN_POINT('Ctrl Pts',(-6.45529610917567,-0.0335060420480423,
4.93009531961701));
#4916=CARTESIAN_POINT('Ctrl Pts',(-6.45363004389978,-0.0774937387709469,
4.93741372501176));
#4917=CARTESIAN_POINT('Ctrl Pts',(-6.44880867475393,-0.152687764873506,
4.95859220731826));
#4918=CARTESIAN_POINT('Ctrl Pts',(-6.43532324079568,-0.296762123472926,
5.01782870546658));
#4919=CARTESIAN_POINT('Ctrl Pts',(-6.40846143937392,-0.485992055710792,
5.13582261319738));
#4920=CARTESIAN_POINT('Ctrl Pts',(-6.36582085623211,-0.674657534095049,
5.32312684323863));
#4921=CARTESIAN_POINT('Ctrl Pts',(-6.29854644664572,-0.867245715861506,
5.61863831518904));
#4922=CARTESIAN_POINT('Ctrl Pts',(-6.20339763018767,-1.00520680363642,6.03659169417408));
#4923=CARTESIAN_POINT('Ctrl Pts',(-6.0851286020356,-1.06660257223701,6.5561035681576));
#4924=CARTESIAN_POINT('Ctrl Pts',(-5.96613724373252,-1.06588749993945,7.07878836996716));
#4925=CARTESIAN_POINT('Ctrl Pts',(-5.86067765616662,-1.02908567284471,7.54203313338437));
#4926=CARTESIAN_POINT('Ctrl Pts',(-5.74266156170199,-0.964254137825149,
8.06043396370745));
#4927=CARTESIAN_POINT('Ctrl Pts',(-5.63851324756208,-0.886454623873562,
8.51791879043217));
#4928=CARTESIAN_POINT('Ctrl Pts',(-5.53496806640896,-0.79474437724768,8.9727542781615));
#4929=CARTESIAN_POINT('Ctrl Pts',(-5.45754550767559,-0.719740748231162,
9.31284279672488));
#4930=CARTESIAN_POINT('Ctrl Pts',(-5.36746779694519,-0.625908751723602,
9.70852069343953));
#4931=CARTESIAN_POINT('Ctrl Pts',(-5.26496234300086,-0.51065220376874,10.1587890460608));
#4932=CARTESIAN_POINT('Ctrl Pts',(-5.15019094207909,-0.370993624691926,
10.6629371438697));
#4933=CARTESIAN_POINT('Ctrl Pts',(-5.05514874403577,-0.245957740739358,
11.0804221877944));
#4934=CARTESIAN_POINT('Ctrl Pts',(-4.99387093808932,-0.156181359068811,
11.349592809201));
#4935=CARTESIAN_POINT('Ctrl Pts',(-4.96607967609445,-0.108915073059281,
11.4716694917011));
#4936=CARTESIAN_POINT('Ctrl Pts',(-4.95240851622061,-0.0828386235503898,
11.5317218147527));
#4937=CARTESIAN_POINT('Ctrl Pts',(-4.94134491720447,-0.0575936756571529,
11.5803200923211));
#4938=CARTESIAN_POINT('Ctrl Pts',(-4.93511011674568,-0.0366594658863659,
11.6077072529402));
#4939=CARTESIAN_POINT('Ctrl Pts',(-4.93302819394274,-0.0263208755250438,
11.6168523658555));
#4940=CARTESIAN_POINT('Ctrl Pts',(-4.9322521232238,-0.0219712146374567,
11.6202613560184));
#4941=CARTESIAN_POINT('Ctrl Pts',(-4.93140237712133,-0.0161549792665504,
11.6239939747522));
#4942=CARTESIAN_POINT('Ctrl Pts',(-4.93080319137263,-0.00962262998286977,
11.626625974998));
#4943=CARTESIAN_POINT('Ctrl Pts',(-4.93055133496944,-0.00427648696751697,
11.6277322865492));
#4944=CARTESIAN_POINT('Ctrl Pts',(-4.93050386850629,-0.00139445856186556,
11.6279407890761));
#4945=CARTESIAN_POINT('Ctrl Pts',(-4.93050386850629,1.84326239107705E-15,
11.6279407890761));
#4946=CARTESIAN_POINT('Ctrl Pts',(-6.48583371933524,0.,4.7959549505884));
#4947=CARTESIAN_POINT('Ctrl Pts',(-6.48583371933524,0.,4.7959549505884));
#4948=CARTESIAN_POINT('Ctrl Pts',(-6.48583371933524,0.,4.7959549505884));
#4949=CARTESIAN_POINT('Ctrl Pts',(-6.57665626950703,0.,4.84402880965382));
#4950=CARTESIAN_POINT('Ctrl Pts',(-6.57665626950703,0.0992279288040866,
4.84402880965382));
#4951=CARTESIAN_POINT('Ctrl Pts',(-6.47990383727449,0.0992279288040866,
4.82200271803873));
#4952=CARTESIAN_POINT('Ctrl Pts',(-6.74555086585931,0.,4.95054942228571));
#4953=CARTESIAN_POINT('Ctrl Pts',(-6.74555086585931,0.287553896966113,4.95054942228571));
#4954=CARTESIAN_POINT('Ctrl Pts',(-6.46517074239279,0.287553896966113,4.88671972680392));
#4955=CARTESIAN_POINT('Ctrl Pts',(-6.96064825141522,0.,5.14144332759756));
#4956=CARTESIAN_POINT('Ctrl Pts',(-6.96064825141522,0.539658744543329,5.14144332759756));
#4957=CARTESIAN_POINT('Ctrl Pts',(-6.43445268591858,0.53965874454333,5.02165272941156));
#4958=CARTESIAN_POINT('Ctrl Pts',(-7.16963610465206,0.,5.45926807410917));
#4959=CARTESIAN_POINT('Ctrl Pts',(-7.16963610465206,0.813981915650476,5.45926807410917));
#4960=CARTESIAN_POINT('Ctrl Pts',(-6.37596106697212,0.813981915650477,5.27858466709634));
#4961=CARTESIAN_POINT('Ctrl Pts',(-7.29515576558471,0.,5.96695711286965));
#4962=CARTESIAN_POINT('Ctrl Pts',(-7.29515576558471,1.04906429668064,5.96695711286965));
#4963=CARTESIAN_POINT('Ctrl Pts',(-6.2722630830964,1.04906429668064,5.73409136038139));
#4964=CARTESIAN_POINT('Ctrl Pts',(-7.2800519965485,0.,6.58904727683097));
#4965=CARTESIAN_POINT('Ctrl Pts',(-7.2800519965485,1.17242561946204,6.58904727683097));
#4966=CARTESIAN_POINT('Ctrl Pts',(-6.13687555759794,1.17242561946204,6.32879842938054));
#4967=CARTESIAN_POINT('Ctrl Pts',(-7.12911948561297,0.,7.32163795206147));
#4968=CARTESIAN_POINT('Ctrl Pts',(-7.12911948561297,1.18787511852437,7.32163795206147));
#4969=CARTESIAN_POINT('Ctrl Pts',(-5.97087897519514,1.18787511852437,7.05795970639769));
#4970=CARTESIAN_POINT('Ctrl Pts',(-6.85540501024678,0.,8.15411521723225));
#4971=CARTESIAN_POINT('Ctrl Pts',(-6.85540501024678,1.10577806362283,8.15411521723225));
#4972=CARTESIAN_POINT('Ctrl Pts',(-5.77721343198529,1.10577806362283,7.90866044226251));
#4973=CARTESIAN_POINT('Ctrl Pts',(-6.47368397364687,0.,9.07445886524482));
#4974=CARTESIAN_POINT('Ctrl Pts',(-6.47368397364687,0.937873065325771,9.07445886524482));
#4975=CARTESIAN_POINT('Ctrl Pts',(-5.55920857050896,0.937873065325771,8.8662747550939));
#4976=CARTESIAN_POINT('Ctrl Pts',(-5.99774428070203,0.,10.0714520467168));
#4977=CARTESIAN_POINT('Ctrl Pts',(-5.99774428070203,0.695114196688575,10.0714520467168));
#4978=CARTESIAN_POINT('Ctrl Pts',(-5.31997150020015,0.695114196688575,9.91715426822095));
#4979=CARTESIAN_POINT('Ctrl Pts',(-5.55000785819047,0.,10.9235405080905));
#4980=CARTESIAN_POINT('Ctrl Pts',(-5.55000785819047,0.447689810645213,10.9235405080905));
#4981=CARTESIAN_POINT('Ctrl Pts',(-5.11348682436772,0.447689810645213,10.824164688165));
#4982=CARTESIAN_POINT('Ctrl Pts',(-5.17935834923463,0.,11.5909560273972));
#4983=CARTESIAN_POINT('Ctrl Pts',(-5.17935834923463,0.234436481882636,11.5909560273972));
#4984=CARTESIAN_POINT('Ctrl Pts',(-4.95077048995392,0.234436481882636,11.5389170552035));
#4985=CARTESIAN_POINT('Ctrl Pts',(-4.91702255832181,0.,12.0482947187384));
#4986=CARTESIAN_POINT('Ctrl Pts',(-4.91702255832181,0.0801629612886779,
12.0482947187384));
#4987=CARTESIAN_POINT('Ctrl Pts',(-4.83885946882555,0.0801629612886779,
12.0305005679306));
#4988=CARTESIAN_POINT('Ctrl Pts',(-4.78204558004885,0.,12.2800628606783));
#4989=CARTESIAN_POINT('Ctrl Pts',(-4.78204558004885,0.,12.2800628606783));
#4990=CARTESIAN_POINT('Ctrl Pts',(-4.78204558004885,0.,12.2800628606783));
#4991=CARTESIAN_POINT('Ctrl Pts',(-5.11510065034648,0.,11.699281558684));
#4992=CARTESIAN_POINT('Ctrl Pts',(-5.17768151726592,0.,11.5883760169039));
#4993=CARTESIAN_POINT('Ctrl Pts',(-5.36466741150156,0.,11.2543029133661));
#4994=CARTESIAN_POINT('Ctrl Pts',(-5.66267116117257,0.,10.7079530898503));
#4995=CARTESIAN_POINT('Ctrl Pts',(-6.04610783588021,0.,9.97014060860993));
#4996=CARTESIAN_POINT('Ctrl Pts',(-6.47368397364687,0.,9.07445886524482));
#4997=CARTESIAN_POINT('Ctrl Pts',(-6.85540501024678,0.,8.15411521723225));
#4998=CARTESIAN_POINT('Ctrl Pts',(-7.12911948561297,0.,7.32163795206147));
#4999=CARTESIAN_POINT('Ctrl Pts',(-7.2800519965485,0.,6.58904727683097));
#5000=CARTESIAN_POINT('Ctrl Pts',(-7.29515576558471,0.,5.96695711286965));
#5001=CARTESIAN_POINT('Ctrl Pts',(-7.17661832519607,0.,5.48750904297464));
#5002=CARTESIAN_POINT('Ctrl Pts',(-6.98918648244435,0.,5.18606907629902));
#5003=CARTESIAN_POINT('Ctrl Pts',(-6.80386951030301,0.,5.00486916715072));
#5004=CARTESIAN_POINT('Ctrl Pts',(-6.66764306099661,0.,4.90569329795286));
#5005=CARTESIAN_POINT('Ctrl Pts',(-6.60720413177081,0.,4.86682270871659));
#5006=CARTESIAN_POINT('Origin',(-5.65387842159324,0.394565710368971,8.45042529293977));
#5007=CARTESIAN_POINT('Ctrl Pts',(-4.78204558004885,0.,12.2800628606783));
#5008=CARTESIAN_POINT('Ctrl Pts',(-4.78204558004885,0.,12.2800628606783));
#5009=CARTESIAN_POINT('Ctrl Pts',(-4.78204558004885,0.,12.2800628606783));
#5010=CARTESIAN_POINT('Ctrl Pts',(-4.91702255832181,0.,12.0482947187384));
#5011=CARTESIAN_POINT('Ctrl Pts',(-4.91702255832181,-0.0801629612886779,
12.0482947187384));
#5012=CARTESIAN_POINT('Ctrl Pts',(-4.83885946882555,-0.0801629612886779,
12.0305005679306));
#5013=CARTESIAN_POINT('Ctrl Pts',(-5.17935834923463,0.,11.5909560273972));
#5014=CARTESIAN_POINT('Ctrl Pts',(-5.17935834923463,-0.234436481882636,
11.5909560273972));
#5015=CARTESIAN_POINT('Ctrl Pts',(-4.95077048995392,-0.234436481882636,
11.5389170552035));
#5016=CARTESIAN_POINT('Ctrl Pts',(-5.55000785819047,0.,10.9235405080905));
#5017=CARTESIAN_POINT('Ctrl Pts',(-5.55000785819047,-0.447689810645213,
10.9235405080905));
#5018=CARTESIAN_POINT('Ctrl Pts',(-5.11348682436772,-0.447689810645213,
10.824164688165));
#5019=CARTESIAN_POINT('Ctrl Pts',(-5.99774428070203,0.,10.0714520467168));
#5020=CARTESIAN_POINT('Ctrl Pts',(-5.99774428070203,-0.695114196688575,
10.0714520467168));
#5021=CARTESIAN_POINT('Ctrl Pts',(-5.31997150020015,-0.695114196688575,
9.91715426822095));
#5022=CARTESIAN_POINT('Ctrl Pts',(-6.47368397364687,0.,9.07445886524482));
#5023=CARTESIAN_POINT('Ctrl Pts',(-6.47368397364687,-0.937873065325771,
9.07445886524482));
#5024=CARTESIAN_POINT('Ctrl Pts',(-5.55920857050896,-0.937873065325771,
8.8662747550939));
#5025=CARTESIAN_POINT('Ctrl Pts',(-6.85540501024678,0.,8.15411521723225));
#5026=CARTESIAN_POINT('Ctrl Pts',(-6.85540501024678,-1.10577806362283,8.15411521723225));
#5027=CARTESIAN_POINT('Ctrl Pts',(-5.77721343198529,-1.10577806362283,7.90866044226251));
#5028=CARTESIAN_POINT('Ctrl Pts',(-7.12911948561297,0.,7.32163795206147));
#5029=CARTESIAN_POINT('Ctrl Pts',(-7.12911948561297,-1.18787511852437,7.32163795206147));
#5030=CARTESIAN_POINT('Ctrl Pts',(-5.97087897519514,-1.18787511852437,7.05795970639769));
#5031=CARTESIAN_POINT('Ctrl Pts',(-7.2800519965485,0.,6.58904727683097));
#5032=CARTESIAN_POINT('Ctrl Pts',(-7.2800519965485,-1.17242561946204,6.58904727683097));
#5033=CARTESIAN_POINT('Ctrl Pts',(-6.13687555759794,-1.17242561946204,6.32879842938054));
#5034=CARTESIAN_POINT('Ctrl Pts',(-7.29515576558471,0.,5.96695711286965));
#5035=CARTESIAN_POINT('Ctrl Pts',(-7.29515576558471,-1.04906429668064,5.96695711286965));
#5036=CARTESIAN_POINT('Ctrl Pts',(-6.2722630830964,-1.04906429668064,5.73409136038139));
#5037=CARTESIAN_POINT('Ctrl Pts',(-7.16963610465206,0.,5.45926807410917));
#5038=CARTESIAN_POINT('Ctrl Pts',(-7.16963610465206,-0.813981915650476,
5.45926807410917));
#5039=CARTESIAN_POINT('Ctrl Pts',(-6.37596106697212,-0.813981915650477,
5.27858466709634));
#5040=CARTESIAN_POINT('Ctrl Pts',(-6.96064825141522,0.,5.14144332759756));
#5041=CARTESIAN_POINT('Ctrl Pts',(-6.96064825141522,-0.539658744543329,
5.14144332759756));
#5042=CARTESIAN_POINT('Ctrl Pts',(-6.43445268591858,-0.53965874454333,5.02165272941156));
#5043=CARTESIAN_POINT('Ctrl Pts',(-6.74555086585931,0.,4.95054942228571));
#5044=CARTESIAN_POINT('Ctrl Pts',(-6.74555086585931,-0.287553896966113,
4.95054942228571));
#5045=CARTESIAN_POINT('Ctrl Pts',(-6.46517074239279,-0.287553896966113,
4.88671972680392));
#5046=CARTESIAN_POINT('Ctrl Pts',(-6.57665626950703,0.,4.84402880965382));
#5047=CARTESIAN_POINT('Ctrl Pts',(-6.57665626950703,-0.0992279288040866,
4.84402880965382));
#5048=CARTESIAN_POINT('Ctrl Pts',(-6.47990383727449,-0.0992279288040866,
4.82200271803873));
#5049=CARTESIAN_POINT('Ctrl Pts',(-6.48583371933524,0.,4.7959549505884));
#5050=CARTESIAN_POINT('Ctrl Pts',(-6.48583371933524,0.,4.7959549505884));
#5051=CARTESIAN_POINT('Ctrl Pts',(-6.48583371933524,0.,4.7959549505884));
#5052=CARTESIAN_POINT('Origin',(5.62394607463602,0.0122860616509062,9.70041436929752));
#5053=CARTESIAN_POINT('',(5.42748862449028,-0.0357139383490941,9.66293810638038));
#5054=CARTESIAN_POINT('Origin',(5.42748862449028,0.0122860616509059,9.66293810638038));
#5055=CARTESIAN_POINT('',(5.62394607463602,-0.0357139383490938,9.70041436929752));
#5056=CARTESIAN_POINT('',(5.62394607463602,-0.0357139383490938,9.70041436929752));
#5057=CARTESIAN_POINT('Origin',(5.62394607463602,0.0122860616509062,9.70041436929752));
#5058=CARTESIAN_POINT('Origin',(5.42748862449028,0.0122860616509059,9.66293810638038));
#5059=CARTESIAN_POINT('Origin',(5.84880295266031,0.0122860616508917,8.52167333521796));
#5060=CARTESIAN_POINT('',(5.65234550251457,-0.0377139383491086,8.48419707230082));
#5061=CARTESIAN_POINT('Origin',(5.65234550251457,0.0122860616508914,8.48419707230082));
#5062=CARTESIAN_POINT('',(5.84880295266031,-0.0377139383491082,8.52167333521796));
#5063=CARTESIAN_POINT('',(5.84880295266031,-0.0377139383491082,8.52167333521796));
#5064=CARTESIAN_POINT('Origin',(5.84880295266031,0.0122860616508917,8.52167333521796));
#5065=CARTESIAN_POINT('Origin',(5.65234550251457,0.0122860616508914,8.48419707230082));
#5066=CARTESIAN_POINT('Origin',(5.53400304363489,0.0122860616509036,10.1719122496473));
#5067=CARTESIAN_POINT('',(5.33754559348915,-0.0377139383490967,10.1344359867302));
#5068=CARTESIAN_POINT('Origin',(5.33754559348915,0.0122860616509033,10.1344359867302));
#5069=CARTESIAN_POINT('',(5.53400304363489,-0.0377139383490963,10.1719122496473));
#5070=CARTESIAN_POINT('',(5.53400304363489,-0.0377139383490963,10.1719122496473));
#5071=CARTESIAN_POINT('Origin',(5.53400304363489,0.0122860616509036,10.1719122496473));
#5072=CARTESIAN_POINT('Origin',(5.33754559348915,0.0122860616509033,10.1344359867302));
#5073=CARTESIAN_POINT('Origin',(5.93874598366144,0.0122860616508884,8.05017545486819));
#5074=CARTESIAN_POINT('',(5.7422885335157,-0.0377139383491119,8.01269919195105));
#5075=CARTESIAN_POINT('Origin',(5.7422885335157,0.0122860616508881,8.01269919195105));
#5076=CARTESIAN_POINT('',(5.93874598366144,-0.0377139383491115,8.05017545486819));
#5077=CARTESIAN_POINT('',(5.93874598366144,-0.0377139383491115,8.05017545486819));
#5078=CARTESIAN_POINT('Origin',(5.93874598366143,0.0122860616508884,8.05017545486819));
#5079=CARTESIAN_POINT('Origin',(5.7422885335157,0.0122860616508881,8.01269919195105));
#5080=CARTESIAN_POINT('Origin',(5.73637451364816,0.00999999999996989,9.11104385225774));
#5081=CARTESIAN_POINT('',(5.5220236683376,0.365778317987073,9.02961420678959));
#5082=CARTESIAN_POINT('',(5.50421004366584,0.36571557116052,9.10786283773094));
#5083=CARTESIAN_POINT('Origin',(5.51317867618673,0.00999999999996948,9.06846696916926));
#5084=CARTESIAN_POINT('',(5.74383640474951,0.365778317987074,9.07192724924217));
#5085=CARTESIAN_POINT('',(5.74383640474951,0.365778317987074,9.07192724924217));
#5086=CARTESIAN_POINT('',(5.72880831595602,0.365715571160521,9.15070724957095));
#5087=CARTESIAN_POINT('Origin',(5.73637451364816,0.00999999999996989,9.11104385225774));
#5088=CARTESIAN_POINT('',(5.72880831595602,0.365715571160521,9.15070724957095));
#5089=CARTESIAN_POINT('Origin',(5.46981375081229,0.208819201115433,10.5084043065652));
#5090=CARTESIAN_POINT('',(5.19720946369235,0.208819201115433,10.4564022576286));
#5091=CARTESIAN_POINT('',(5.4260263180233,0.325758829870407,9.45129487956139));
#5092=CARTESIAN_POINT('',(5.46981375081229,0.208819201115433,10.5084043065652));
#5093=CARTESIAN_POINT('',(5.72880831595602,0.365715571160521,9.15070724957095));
#5094=CARTESIAN_POINT('',(5.46981375081229,0.208819201115433,10.5084043065652));
#5095=CARTESIAN_POINT('Origin',(5.47404067383746,0.0100954164905792,10.4862460000841));
#5096=CARTESIAN_POINT('',(5.19720344352673,-0.188625289585661,10.4564287019782));
#5097=CARTESIAN_POINT('Origin',(5.20221986929491,0.0100954164905787,10.4343934084423));
#5098=CARTESIAN_POINT('',(5.46980867202652,-0.18862528958566,10.5084309304926));
#5099=CARTESIAN_POINT('Origin',(5.47404067383746,0.0100954164905792,10.4862460000841));
#5100=CARTESIAN_POINT('',(5.46980867202652,-0.18862528958566,10.5084309304926));
#5101=CARTESIAN_POINT('Origin',(5.72879923040658,-0.345710063876474,9.15075487768906));
#5102=CARTESIAN_POINT('',(5.50419927406167,-0.345710063876475,9.10791014459843));
#5103=CARTESIAN_POINT('',(5.56975789543053,-0.379255344353408,8.81993549244083));
#5104=CARTESIAN_POINT('',(5.72879923040658,-0.345710063876474,9.15075487768906));
#5105=CARTESIAN_POINT('',(5.46980867202652,-0.18862528958566,10.5084309304926));
#5106=CARTESIAN_POINT('',(5.72879923040658,-0.345710063876474,9.15075487768906));
#5107=CARTESIAN_POINT('Origin',(5.73637451364816,0.00999999999996989,9.11104385225774));
#5108=CARTESIAN_POINT('',(5.52228169479545,-0.345646370240937,9.02848079248194));
#5109=CARTESIAN_POINT('Origin',(5.51317867618673,0.00999999999996948,9.06846696916926));
#5110=CARTESIAN_POINT('',(5.74405408332932,-0.345646370240937,9.07078613816514));
#5111=CARTESIAN_POINT('Origin',(5.73637451364816,0.00999999999996989,9.11104385225774));
#5112=CARTESIAN_POINT('',(5.74405408332932,-0.345646370240937,9.07078613816514));
#5113=CARTESIAN_POINT('Origin',(6.00299826672057,-0.186399061388741,7.71335319156651));
#5114=CARTESIAN_POINT('',(5.82922255449171,-0.186399061388742,7.68020370156107));
#5115=CARTESIAN_POINT('',(5.75071141616741,-0.227132274638484,8.02507394558633));
#5116=CARTESIAN_POINT('',(6.00299826672057,-0.186399061388741,7.71335319156651));
#5117=CARTESIAN_POINT('',(5.74405408332932,-0.345646370240937,9.07078613816514));
#5118=CARTESIAN_POINT('',(6.00299826672057,-0.186399061388741,7.71335319156651));
#5119=CARTESIAN_POINT('Origin',(5.99870800432886,0.012286061650886,7.735843534635));
#5120=CARTESIAN_POINT('',(5.82907840200495,0.211044900343233,7.6808369098465));
#5121=CARTESIAN_POINT('Origin',(5.82413706923544,0.0122860616508857,7.7025423477551));
#5122=CARTESIAN_POINT('',(6.00287665551506,0.211044900343233,7.71399069983132));
#5123=CARTESIAN_POINT('Origin',(5.99870800432886,0.012286061650886,7.735843534635));
#5124=CARTESIAN_POINT('',(6.00287665551506,0.211044900343233,7.71399069983132));
#5125=CARTESIAN_POINT('Origin',(5.74383640474951,0.365778317987074,9.07192724924217));
#5126=CARTESIAN_POINT('',(5.58765801258473,0.33270334702384,8.74130693217781));
#5127=CARTESIAN_POINT('',(6.00287665551506,0.211044900343233,7.71399069983132));
#5128=CARTESIAN_POINT('Origin',(5.73637433908316,0.0099999999999962,9.11104476735953));
#5129=CARTESIAN_POINT('Ctrl Pts',(6.60720413177081,-5.3776427755281E-17,
4.86682270871659));
#5130=CARTESIAN_POINT('Ctrl Pts',(6.60720413177081,0.0149563204587556,4.86682270871659));
#5131=CARTESIAN_POINT('Ctrl Pts',(6.60580849086308,0.0447984129915956,4.86802162506242));
#5132=CARTESIAN_POINT('Ctrl Pts',(6.59945750606244,0.100438003715632,4.87481673829524));
#5133=CARTESIAN_POINT('Ctrl Pts',(6.5870849188397,0.186907836781721,4.89577469966073));
#5134=CARTESIAN_POINT('Ctrl Pts',(6.56684303325906,0.343884793097585,4.95803488920003));
#5135=CARTESIAN_POINT('Ctrl Pts',(6.53567734453974,0.549028438842669,5.08511179726609));
#5136=CARTESIAN_POINT('Ctrl Pts',(6.48834826803837,0.753324130282316,5.28754257497048));
#5137=CARTESIAN_POINT('Ctrl Pts',(6.41526196431335,0.959486895565588,5.60408416714183));
#5138=CARTESIAN_POINT('Ctrl Pts',(6.31469130281484,1.10337718320609,6.04212689790003));
#5139=CARTESIAN_POINT('Ctrl Pts',(6.1928354501735,1.166231735544,6.57558903990279));
#5140=CARTESIAN_POINT('Ctrl Pts',(6.07191689577652,1.16548625510106,7.10670727023066));
#5141=CARTESIAN_POINT('Ctrl Pts',(5.93891282767005,1.11885352332074,7.69254534060368));
#5142=CARTESIAN_POINT('Ctrl Pts',(5.82092491802213,1.04424434669684,8.21381941527331));
#5143=CARTESIAN_POINT('Ctrl Pts',(5.71719072404574,0.961345876141407,8.67369037633006));
#5144=CARTESIAN_POINT('Ctrl Pts',(5.61415972427549,0.868808491571356,9.13170259362136));
#5145=CARTESIAN_POINT('Ctrl Pts',(5.48691920030534,0.737856399431072,9.70066057861141));
#5146=CARTESIAN_POINT('Ctrl Pts',(5.3623071602522,0.590730647128943,10.2657369082873));
#5147=CARTESIAN_POINT('Ctrl Pts',(5.27203130897405,0.471318956732978,10.6879129923534));
#5148=CARTESIAN_POINT('Ctrl Pts',(5.21427173060728,0.387390978367494,10.9686570957053));
#5149=CARTESIAN_POINT('Ctrl Pts',(5.16572880997413,0.306414851495983,11.2211487706515));
#5150=CARTESIAN_POINT('Ctrl Pts',(5.13109444834455,0.230772263120861,11.4313443345877));
#5151=CARTESIAN_POINT('Ctrl Pts',(5.11612531788983,0.159979649358395,11.5775760356126));
#5152=CARTESIAN_POINT('Ctrl Pts',(5.11393253084473,0.110305388189295,11.6437992291494));
#5153=CARTESIAN_POINT('Ctrl Pts',(5.11413770633183,0.0771924888900993,11.6719444481788));
#5154=CARTESIAN_POINT('Ctrl Pts',(5.11437193599004,0.0622517506422011,11.6816505110403));
#5155=CARTESIAN_POINT('Ctrl Pts',(5.11457132651906,0.0507223695436966,11.6874735217538));
#5156=CARTESIAN_POINT('Ctrl Pts',(5.11470971869266,0.0425512525504026,11.6911051338424));
#5157=CARTESIAN_POINT('Ctrl Pts',(5.11488500821025,0.0314534366334725,11.6950765834536));
#5158=CARTESIAN_POINT('Ctrl Pts',(5.11502642632049,0.0188442636313034,11.6978780252233));
#5159=CARTESIAN_POINT('Ctrl Pts',(5.11508899450244,0.00832200726531402,
11.6990643541919));
#5160=CARTESIAN_POINT('Ctrl Pts',(5.11510065034647,0.00273064782537691,
11.699281558684));
#5161=CARTESIAN_POINT('Ctrl Pts',(5.11510065034647,0.,11.699281558684));
#5162=CARTESIAN_POINT('Ctrl Pts',(6.59183661727658,3.08786934055732E-17,
4.8569392718136));
#5163=CARTESIAN_POINT('Ctrl Pts',(6.59183661727658,0.0152089102291496,4.8569392718136));
#5164=CARTESIAN_POINT('Ctrl Pts',(6.59040858577463,0.0455465461827478,4.85841228154683));
#5165=CARTESIAN_POINT('Ctrl Pts',(6.58397088087483,0.1016815440016,4.86631943870616));
#5166=CARTESIAN_POINT('Ctrl Pts',(6.57161309455818,0.188202023575021,4.88888288215182));
#5167=CARTESIAN_POINT('Ctrl Pts',(6.55150973059195,0.345091668696253,4.95234433919491));
#5168=CARTESIAN_POINT('Ctrl Pts',(6.52038345224394,0.550359226261916,5.07998356896694));
#5169=CARTESIAN_POINT('Ctrl Pts',(6.47304387384674,0.754805022013223,5.28288148473432));
#5170=CARTESIAN_POINT('Ctrl Pts',(6.39992627390553,0.961059043073133,5.59990926975944));
#5171=CARTESIAN_POINT('Ctrl Pts',(6.2993367155602,1.10490553355556,6.03833110652818));
#5172=CARTESIAN_POINT('Ctrl Pts',(6.17746296863543,1.16771454639704,6.57201669046751));
#5173=CARTESIAN_POINT('Ctrl Pts',(6.05651475434856,1.16696624727102,7.10326774130994));
#5174=CARTESIAN_POINT('Ctrl Pts',(5.92345923169409,1.12038441691983,7.68920395006858));
#5175=CARTESIAN_POINT('Ctrl Pts',(5.80540141045947,1.04587690866448,8.21054556044951));
#5176=CARTESIAN_POINT('Ctrl Pts',(5.70157959019456,0.963125907899334,8.67047685925635));
#5177=CARTESIAN_POINT('Ctrl Pts',(5.59843859638631,0.870783907670952,9.12855107539261));
#5178=CARTESIAN_POINT('Ctrl Pts',(5.4710091875358,0.740196998043474,9.69761025598283));
#5179=CARTESIAN_POINT('Ctrl Pts',(5.34607949424134,0.593749492055903,10.2628431355527));
#5180=CARTESIAN_POINT('Ctrl Pts',(5.25540866870126,0.475361400815574,10.6852892066441));
#5181=CARTESIAN_POINT('Ctrl Pts',(5.19727622893099,0.39260620560182,10.9663380998161));
#5182=CARTESIAN_POINT('Ctrl Pts',(5.14832660684533,0.313355947192377,11.2194188839543));
#5183=CARTESIAN_POINT('Ctrl Pts',(5.11329488969141,0.2406923044918,11.4306424122304));
#5184=CARTESIAN_POINT('Ctrl Pts',(5.09882854751206,0.174275260900993,11.5796285535336));
#5185=CARTESIAN_POINT('Ctrl Pts',(5.09815357105529,0.127886071573653,11.6499293899488));
#5186=CARTESIAN_POINT('Ctrl Pts',(5.09958923034091,0.095044086460656,11.6828185265682));
#5187=CARTESIAN_POINT('Ctrl Pts',(5.10032179916488,0.0794133986878763,11.6951917628361));
#5188=CARTESIAN_POINT('Ctrl Pts',(5.10081718555799,0.0665466864167343,11.7033372742331));
#5189=CARTESIAN_POINT('Ctrl Pts',(5.10113235852593,0.0571214072083737,11.7086637064678));
#5190=CARTESIAN_POINT('Ctrl Pts',(5.10147472199886,0.0436694230658775,11.7149993462027));
#5191=CARTESIAN_POINT('Ctrl Pts',(5.10167392235474,0.0268871859589534,11.7201487765952));
#5192=CARTESIAN_POINT('Ctrl Pts',(5.10174259057577,0.0120158677614122,11.7224942593441));
#5193=CARTESIAN_POINT('Ctrl Pts',(5.10175381021885,0.00394482037525649,
11.7229347710518));
#5194=CARTESIAN_POINT('Ctrl Pts',(5.10175381021885,5.93343404292869E-18,
11.7229347710518));
#5195=CARTESIAN_POINT('Ctrl Pts',(6.55555740882518,1.94572882681037E-16,
4.84582815053355));
#5196=CARTESIAN_POINT('Ctrl Pts',(6.55555740882518,0.0153212204791996,4.84582815053355));
#5197=CARTESIAN_POINT('Ctrl Pts',(6.55424923293999,0.0458731646308516,4.84775643015525));
#5198=CARTESIAN_POINT('Ctrl Pts',(6.54839111064356,0.101932028839126,4.85748854267726));
#5199=CARTESIAN_POINT('Ctrl Pts',(6.53713007066555,0.187723472884577,4.88259758427248));
#5200=CARTESIAN_POINT('Ctrl Pts',(6.5180757938257,0.343602686390685,4.94770295635069));
#5201=CARTESIAN_POINT('Ctrl Pts',(6.48743053808899,0.547956438328014,5.075567556746));
#5202=CARTESIAN_POINT('Ctrl Pts',(6.44047169578973,0.751545140597124,5.27811814199818));
#5203=CARTESIAN_POINT('Ctrl Pts',(6.3677680426451,0.957000648631001,5.59441980220711));
#5204=CARTESIAN_POINT('Ctrl Pts',(6.26757298659924,1.10037653744668,6.03202315508026));
#5205=CARTESIAN_POINT('Ctrl Pts',(6.14594457371129,1.16301989030649,6.5650746860245));
#5206=CARTESIAN_POINT('Ctrl Pts',(6.02509506883261,1.16227422065186,7.09589997071952));
#5207=CARTESIAN_POINT('Ctrl Pts',(5.89202394929654,1.1158072321578,7.68151110259758));
#5208=CARTESIAN_POINT('Ctrl Pts',(5.77384398547427,1.04149225926664,8.2026533456311));
#5209=CARTESIAN_POINT('Ctrl Pts',(5.66981846251118,0.958996210114876,8.66245461793464));
#5210=CARTESIAN_POINT('Ctrl Pts',(5.56640112102897,0.866980076553553,9.12042129158046));
#5211=CARTESIAN_POINT('Ctrl Pts',(5.43844045189192,0.736982745801438,9.68940337210051));
#5212=CARTESIAN_POINT('Ctrl Pts',(5.31256238666276,0.591607956588225,10.2546180093134));
#5213=CARTESIAN_POINT('Ctrl Pts',(5.22053847884424,0.474855354674293,10.6772108080837));
#5214=CARTESIAN_POINT('Ctrl Pts',(5.16103702485839,0.39401207576358,10.9584604894916));
#5215=CARTESIAN_POINT('Ctrl Pts',(5.11015495906367,0.317648450247668,11.2121139680677));
#5216=CARTESIAN_POINT('Ctrl Pts',(5.07261476377165,0.250196020037899,11.424352341706));
#5217=CARTESIAN_POINT('Ctrl Pts',(5.05531314673895,0.192318676320243,11.5770136196278));
#5218=CARTESIAN_POINT('Ctrl Pts',(5.05353200265058,0.153715809488068,11.6536295507412));
#5219=CARTESIAN_POINT('Ctrl Pts',(5.05448190267887,0.123333303084454,11.694733733768));
#5220=CARTESIAN_POINT('Ctrl Pts',(5.05493746327573,0.107433606174175,11.7118948773134));
#5221=CARTESIAN_POINT('Ctrl Pts',(5.05513385789375,0.0928886240399707,11.7243062437795));
#5222=CARTESIAN_POINT('Ctrl Pts',(5.0552086474863,0.0817013927363886,11.7327721367709));
#5223=CARTESIAN_POINT('Ctrl Pts',(5.05516999945652,0.0646317497166357,11.7435341171751));
#5224=CARTESIAN_POINT('Ctrl Pts',(5.05491159694108,0.0408569799002389,11.7531403258158));
#5225=CARTESIAN_POINT('Ctrl Pts',(5.05473508785153,0.0184621579722566,11.7576988383331));
#5226=CARTESIAN_POINT('Ctrl Pts',(5.05469846683325,0.00606429965208202,
11.7585657646354));
#5227=CARTESIAN_POINT('Ctrl Pts',(5.05469846683325,1.7764927447997E-17,
11.7585657646354));
#5228=CARTESIAN_POINT('Ctrl Pts',(6.50504601049759,3.38406108260453E-16,
4.85877698709007));
#5229=CARTESIAN_POINT('Ctrl Pts',(6.50504601049759,0.0143571776332864,4.85877698709007));
#5230=CARTESIAN_POINT('Ctrl Pts',(6.50418160299718,0.0429935754069399,4.86083731835409));
#5231=CARTESIAN_POINT('Ctrl Pts',(6.50020656617283,0.0960682511104961,4.87107084482426));
#5232=CARTESIAN_POINT('Ctrl Pts',(6.49189988166473,0.178844673185643,4.89670460581647));
#5233=CARTESIAN_POINT('Ctrl Pts',(6.47532964052778,0.331337405667844,4.96133853317035));
#5234=CARTESIAN_POINT('Ctrl Pts',(6.44606717749629,0.531508855983177,5.08693551809249));
#5235=CARTESIAN_POINT('Ctrl Pts',(6.40047578714924,0.730996982803474,5.28558373239014));
#5236=CARTESIAN_POINT('Ctrl Pts',(6.32940805943763,0.932893420407043,5.59642896252931));
#5237=CARTESIAN_POINT('Ctrl Pts',(6.2307260285162,1.07469859605317,6.02881168387549));
#5238=CARTESIAN_POINT('Ctrl Pts',(6.11008813174643,1.13695259632123,6.55820193412718));
#5239=CARTESIAN_POINT('Ctrl Pts',(5.98977751581996,1.13623189838452,7.08667235906364));
#5240=CARTESIAN_POINT('Ctrl Pts',(5.85697012176179,1.08992989887752,7.67051345674827));
#5241=CARTESIAN_POINT('Ctrl Pts',(5.73878282201663,1.0158019768193,8.19054233395101));
#5242=CARTESIAN_POINT('Ctrl Pts',(5.63457183595126,0.933482705986019,8.64954312924689));
#5243=CARTESIAN_POINT('Ctrl Pts',(5.53084117474877,0.841652134656706,9.1067975699594));
#5244=CARTESIAN_POINT('Ctrl Pts',(5.40217466368092,0.711924187298251,9.67499179124362));
#5245=CARTESIAN_POINT('Ctrl Pts',(5.27490575271413,0.566933637460833,10.2394108540847));
#5246=CARTESIAN_POINT('Ctrl Pts',(5.18072575513833,0.450769792021384,10.6612411881374));
#5247=CARTESIAN_POINT('Ctrl Pts',(5.11887321307197,0.370640680370066,10.9418155633661));
#5248=CARTESIAN_POINT('Ctrl Pts',(5.06443005679043,0.295522126641008,11.1946319766082));
#5249=CARTESIAN_POINT('Ctrl Pts',(5.02134950191984,0.230524826821892,11.4057259361626));
#5250=CARTESIAN_POINT('Ctrl Pts',(4.99533979234937,0.178062851481184,11.5571686200528));
#5251=CARTESIAN_POINT('Ctrl Pts',(4.98606704754473,0.146011266038165,11.6335853775639));
#5252=CARTESIAN_POINT('Ctrl Pts',(4.9821104749037,0.120383055847817,11.6758370304985));
#5253=CARTESIAN_POINT('Ctrl Pts',(4.98045733065372,0.106435973432986,11.6939066583666));
#5254=CARTESIAN_POINT('Ctrl Pts',(4.97915404003981,0.0930579741930534,11.7072568295169));
#5255=CARTESIAN_POINT('Ctrl Pts',(4.97822071140924,0.0825507870790622,11.7164468420806));
#5256=CARTESIAN_POINT('Ctrl Pts',(4.97693546097557,0.0660786687843395,11.7282934323721));
#5257=CARTESIAN_POINT('Ctrl Pts',(4.97562793825617,0.0421495560848049,11.739069476766));
#5258=CARTESIAN_POINT('Ctrl Pts',(4.97496935793896,0.0191173681206712,11.744223724265));
#5259=CARTESIAN_POINT('Ctrl Pts',(4.97484185873615,0.00628051643560818,
11.7452065543713));
#5260=CARTESIAN_POINT('Ctrl Pts',(4.97484185873615,2.37967613998067E-17,
11.7452065543713));
#5261=CARTESIAN_POINT('Ctrl Pts',(6.47030533219479,3.71491403301682E-16,
4.8899373707015));
#5262=CARTESIAN_POINT('Ctrl Pts',(6.47030533219479,0.0128164510011327,4.8899373707015));
#5263=CARTESIAN_POINT('Ctrl Pts',(6.46982422410532,0.0384000349408004,4.89173143220787));
#5264=CARTESIAN_POINT('Ctrl Pts',(6.46744212740003,0.0870985936361708,4.90087096243473));
#5265=CARTESIAN_POINT('Ctrl Pts',(6.46155506184506,0.166042985779887,4.9247547174998));
#5266=CARTESIAN_POINT('Ctrl Pts',(6.44703355579562,0.314387937924425,4.9870696146826));
#5267=CARTESIAN_POINT('Ctrl Pts',(6.41914699772052,0.509136553195517,5.10903488932076));
#5268=CARTESIAN_POINT('Ctrl Pts',(6.37511752961764,0.703272039709151,5.30214907194276));
#5269=CARTESIAN_POINT('Ctrl Pts',(6.30600760032101,0.90056992499982,5.60548440310144));
#5270=CARTESIAN_POINT('Ctrl Pts',(6.2091396039078,1.04044804486627,6.03079366698845));
#5271=CARTESIAN_POINT('Ctrl Pts',(6.08971656043239,1.10226667186327,6.55528007501564));
#5272=CARTESIAN_POINT('Ctrl Pts',(5.97012074667003,1.10158084061896,7.0806183471041));
#5273=CARTESIAN_POINT('Ctrl Pts',(5.83775890386873,1.05542473723363,7.66211863408271));
#5274=CARTESIAN_POINT('Ctrl Pts',(5.71974154344196,0.981407941452634,8.18068230264301));
#5275=CARTESIAN_POINT('Ctrl Pts',(5.61553864433043,0.899130147826674,8.6386298524676));
#5276=CARTESIAN_POINT('Ctrl Pts',(5.51172105934849,0.807291174728702,9.09495037812952));
#5277=CARTESIAN_POINT('Ctrl Pts',(5.38273078386936,0.677449615248595,9.66209863871637));
#5278=CARTESIAN_POINT('Ctrl Pts',(5.2547005502134,0.532082179454668,10.2254580447636));
#5279=CARTESIAN_POINT('Ctrl Pts',(5.15925604718936,0.415333236974743,10.6461857100622));
#5280=CARTESIAN_POINT('Ctrl Pts',(5.0959797877429,0.334514623868068,10.9257568226899));
#5281=CARTESIAN_POINT('Ctrl Pts',(5.03933719921162,0.258587489704613,11.1770763959464));
#5282=CARTESIAN_POINT('Ctrl Pts',(4.99271027104094,0.192206348888512,11.3859659588195));
#5283=CARTESIAN_POINT('Ctrl Pts',(4.96089212637357,0.139096408691358,11.5327857698484));
#5284=CARTESIAN_POINT('Ctrl Pts',(4.94644153882905,0.107952308947038,11.6032098954873));
#5285=CARTESIAN_POINT('Ctrl Pts',(4.93947019982745,0.0859439196230025,11.6387783618912));
#5286=CARTESIAN_POINT('Ctrl Pts',(4.93670035124228,0.0747867403582278,11.6531148921109));
#5287=CARTESIAN_POINT('Ctrl Pts',(4.93475113137507,0.0646901367148165,11.6632176737753));
#5288=CARTESIAN_POINT('Ctrl Pts',(4.93343329220534,0.0569373540074551,11.6700373551159));
#5289=CARTESIAN_POINT('Ctrl Pts',(4.93177634378738,0.0451163139037113,11.678576846487));
#5290=CARTESIAN_POINT('Ctrl Pts',(4.93030621173705,0.0285723078912289,11.6860632993734));
#5291=CARTESIAN_POINT('Ctrl Pts',(4.92960838350175,0.0129217552042437,11.6895916602727));
#5292=CARTESIAN_POINT('Ctrl Pts',(4.92947564588249,0.00424452246361477,
11.6902614749391));
#5293=CARTESIAN_POINT('Ctrl Pts',(4.92947564588249,1.82130895536701E-17,
11.6902614749391));
#5294=CARTESIAN_POINT('Ctrl Pts',(6.45864823619248,3.3828166774423E-16,
4.91537067179043));
#5295=CARTESIAN_POINT('Ctrl Pts',(6.45864823619248,0.0117097329636426,4.91537067179043));
#5296=CARTESIAN_POINT('Ctrl Pts',(6.45830590555642,0.0351014759596102,4.91687490218086));
#5297=CARTESIAN_POINT('Ctrl Pts',(6.45649419789848,0.0807214339035626,4.92483717494128));
#5298=CARTESIAN_POINT('Ctrl Pts',(6.45146702414521,0.157074205633863,4.94692392281665));
#5299=CARTESIAN_POINT('Ctrl Pts',(6.43773717515931,0.302642973484867,5.0072312129546));
#5300=CARTESIAN_POINT('Ctrl Pts',(6.41057200756216,0.49369914879936,5.12655317758716));
#5301=CARTESIAN_POINT('Ctrl Pts',(6.36749143992361,0.684184141633363,5.31578933975925));
#5302=CARTESIAN_POINT('Ctrl Pts',(6.2996224295368,0.878354987076746,5.61391206780949));
#5303=CARTESIAN_POINT('Ctrl Pts',(6.20391143037634,1.01694292345878,6.03433488141863));
#5304=CARTESIAN_POINT('Ctrl Pts',(6.08527826016192,1.07847902967115,6.55544622417281));
#5305=CARTESIAN_POINT('Ctrl Pts',(5.96617179183975,1.07781738093738,7.07863663433594));
#5306=CARTESIAN_POINT('Ctrl Pts',(5.83415457148146,1.03174701725158,7.65853920633178));
#5307=CARTESIAN_POINT('Ctrl Pts',(5.71632748477859,0.957779619451651,8.17610984012096));
#5308=CARTESIAN_POINT('Ctrl Pts',(5.61223485152946,0.875492514048552,8.63335003415778));
#5309=CARTESIAN_POINT('Ctrl Pts',(5.50849317408287,0.783598005985381,9.08904883006858));
#5310=CARTESIAN_POINT('Ctrl Pts',(5.37953561690305,0.653586225602115,9.65551115390224));
#5311=CARTESIAN_POINT('Ctrl Pts',(5.25143783888089,0.507786193048454,10.2181979599068));
#5312=CARTESIAN_POINT('Ctrl Pts',(5.15581434676879,0.390365297435515,10.6382368562907));
#5313=CARTESIAN_POINT('Ctrl Pts',(5.092311289646,0.3087478640639,10.9171881542779));
#5314=CARTESIAN_POINT('Ctrl Pts',(5.03531547365213,0.231773465463535,11.1675497231027));
#5315=CARTESIAN_POINT('Ctrl Pts',(4.98809779072619,0.163505909132246,11.3749968221467));
#5316=CARTESIAN_POINT('Ctrl Pts',(4.95544072406826,0.108326119244202,11.5184468374128));
#5317=CARTESIAN_POINT('Ctrl Pts',(4.94051183236539,0.076102199756731,11.5840089099559));
#5318=CARTESIAN_POINT('Ctrl Pts',(4.93377971274218,0.0559176554259903,11.6135682222329));
#5319=CARTESIAN_POINT('Ctrl Pts',(4.93130689142658,0.0466711764136085,11.6244250589601));
#5320=CARTESIAN_POINT('Ctrl Pts',(4.92971145637567,0.0391623400031847,11.6314296453142));
#5321=CARTESIAN_POINT('Ctrl Pts',(4.92867743928045,0.0336727257902806,11.6359691721447));
#5322=CARTESIAN_POINT('Ctrl Pts',(4.92746548769173,0.0258425229424872,11.6412902052008));
#5323=CARTESIAN_POINT('Ctrl Pts',(4.92650003609525,0.0159775216978488,11.6455291562887));
#5324=CARTESIAN_POINT('Ctrl Pts',(4.92606399159428,0.00715376319713317,
11.6474435828983));
#5325=CARTESIAN_POINT('Ctrl Pts',(4.92598240592836,0.00234886144308493,
11.6478018933205));
#5326=CARTESIAN_POINT('Ctrl Pts',(4.92598240592836,1.05093955875112E-17,
11.6478018933205));
#5327=CARTESIAN_POINT('Ctrl Pts',(6.45560640014082,3.09719743068815E-16,
4.92873232675826));
#5328=CARTESIAN_POINT('Ctrl Pts',(6.45560640014082,0.0111553256200516,4.92873232675826));
#5329=CARTESIAN_POINT('Ctrl Pts',(6.45529887610197,0.0334493613942319,4.93008316553841));
#5330=CARTESIAN_POINT('Ctrl Pts',(6.45362841483658,0.0775279178931133,4.93742088088077));
#5331=CARTESIAN_POINT('Ctrl Pts',(6.44881671740528,0.152584620561292,4.95855687894077));
#5332=CARTESIAN_POINT('Ctrl Pts',(6.43532423308782,0.296766361674968,5.01782434669606));
#5333=CARTESIAN_POINT('Ctrl Pts',(6.40846366693119,0.485976428121616,5.13581282836641));
#5334=CARTESIAN_POINT('Ctrl Pts',(6.36582656403444,0.674635349739337,5.3231017709849));
#5335=CARTESIAN_POINT('Ctrl Pts',(6.2985526109013,0.867242115001382,5.61861123790586));
#5336=CARTESIAN_POINT('Ctrl Pts',(6.20339921128496,1.00518496988187,6.03658474900146));
#5337=CARTESIAN_POINT('Ctrl Pts',(6.08515086948583,1.06657981386994,6.55600575552667));
#5338=CARTESIAN_POINT('Ctrl Pts',(5.96628901266482,1.06593029134993,7.07812170546795));
#5339=CARTESIAN_POINT('Ctrl Pts',(5.83445328450531,1.01990277679942,7.65722704914301));
#5340=CARTESIAN_POINT('Ctrl Pts',(5.71673836409362,0.945960006356443,8.17430493381344));
#5341=CARTESIAN_POINT('Ctrl Pts',(5.61272507127183,0.863668156564903,8.631196662082));
#5342=CARTESIAN_POINT('Ctrl Pts',(5.5090525069146,0.771745667409348,9.08659169687214));
#5343=CARTESIAN_POINT('Ctrl Pts',(5.38017018908535,0.641648630682259,9.65272380690106));
#5344=CARTESIAN_POINT('Ctrl Pts',(5.25214323539434,0.495631457587124,10.2150986202538));
#5345=CARTESIAN_POINT('Ctrl Pts',(5.15659000532026,0.377874261720412,10.6348284379126));
#5346=CARTESIAN_POINT('Ctrl Pts',(5.0931461910225,0.295855308998837,10.9135135287896));
#5347=CARTESIAN_POINT('Ctrl Pts',(5.03624543674355,0.218355507364988,11.1634573893963));
#5348=CARTESIAN_POINT('Ctrl Pts',(4.98915396117216,0.149131595080647,11.3703127352548));
#5349=CARTESIAN_POINT('Ctrl Pts',(4.95683850001643,0.0928939315810075,11.5122625427908));
#5350=CARTESIAN_POINT('Ctrl Pts',(4.94242885711596,0.0601038858264261,11.5755587472462));
#5351=CARTESIAN_POINT('Ctrl Pts',(4.93636049762636,0.0408217270984349,11.6022147945623));
#5352=CARTESIAN_POINT('Ctrl Pts',(4.93427581000449,0.0325300171609677,11.6113720522994));
#5353=CARTESIAN_POINT('Ctrl Pts',(4.933028022692,0.0263192814612314,11.6168531180963));
#5354=CARTESIAN_POINT('Ctrl Pts',(4.93225050992048,0.0219662594620922,11.6202684426601));
#5355=CARTESIAN_POINT('Ctrl Pts',(4.93140141531316,0.0161416277699549,11.6239981996179));
#5356=CARTESIAN_POINT('Ctrl Pts',(4.93080334064351,0.00963692256169689,
11.6266253193065));
#5357=CARTESIAN_POINT('Ctrl Pts',(4.93055020514763,0.00424988674424035,
11.6277372494364));
#5358=CARTESIAN_POINT('Ctrl Pts',(4.93050386850629,0.00139441570251956,
11.6279407890761));
#5359=CARTESIAN_POINT('Ctrl Pts',(4.93050386850629,6.24500451351645E-18,
11.6279407890761));
#5360=CARTESIAN_POINT('',(5.11510065034647,8.69648292800554E-16,11.699281558684));
#5361=CARTESIAN_POINT('',(4.93050386850628,1.11022302462516E-15,11.6279407890761));
#5362=CARTESIAN_POINT('Origin',(5.02800911062775,0.,11.650138260978));
#5363=CARTESIAN_POINT('',(6.60720413177081,-6.93889390390723E-18,4.86682270871659));
#5364=CARTESIAN_POINT('Ctrl Pts',(6.60720413177081,-5.3776427755281E-17,
4.86682270871659));
#5365=CARTESIAN_POINT('Ctrl Pts',(6.60720413177081,0.0149563204587556,4.86682270871659));
#5366=CARTESIAN_POINT('Ctrl Pts',(6.60580849086308,0.0447984129915956,4.86802162506242));
#5367=CARTESIAN_POINT('Ctrl Pts',(6.59945750606244,0.100438003715632,4.87481673829524));
#5368=CARTESIAN_POINT('Ctrl Pts',(6.5870849188397,0.186907836781721,4.89577469966073));
#5369=CARTESIAN_POINT('Ctrl Pts',(6.56684303325906,0.343884793097585,4.95803488920003));
#5370=CARTESIAN_POINT('Ctrl Pts',(6.53567734453974,0.549028438842669,5.08511179726609));
#5371=CARTESIAN_POINT('Ctrl Pts',(6.48834826803837,0.753324130282316,5.28754257497048));
#5372=CARTESIAN_POINT('Ctrl Pts',(6.41526196431335,0.959486895565588,5.60408416714183));
#5373=CARTESIAN_POINT('Ctrl Pts',(6.31469130281484,1.10337718320609,6.04212689790003));
#5374=CARTESIAN_POINT('Ctrl Pts',(6.1928354501735,1.166231735544,6.57558903990279));
#5375=CARTESIAN_POINT('Ctrl Pts',(6.07191689577652,1.16548625510106,7.10670727023066));
#5376=CARTESIAN_POINT('Ctrl Pts',(5.93891282767005,1.11885352332074,7.69254534060368));
#5377=CARTESIAN_POINT('Ctrl Pts',(5.82092491802213,1.04424434669684,8.21381941527331));
#5378=CARTESIAN_POINT('Ctrl Pts',(5.71719072404574,0.961345876141407,8.67369037633006));
#5379=CARTESIAN_POINT('Ctrl Pts',(5.61415972427549,0.868808491571356,9.13170259362136));
#5380=CARTESIAN_POINT('Ctrl Pts',(5.48691920030534,0.737856399431072,9.70066057861141));
#5381=CARTESIAN_POINT('Ctrl Pts',(5.3623071602522,0.590730647128943,10.2657369082873));
#5382=CARTESIAN_POINT('Ctrl Pts',(5.27203130897405,0.471318956732978,10.6879129923534));
#5383=CARTESIAN_POINT('Ctrl Pts',(5.21427173060728,0.387390978367494,10.9686570957053));
#5384=CARTESIAN_POINT('Ctrl Pts',(5.16572880997413,0.306414851495983,11.2211487706515));
#5385=CARTESIAN_POINT('Ctrl Pts',(5.13109444834455,0.230772263120861,11.4313443345877));
#5386=CARTESIAN_POINT('Ctrl Pts',(5.11612531788983,0.159979649358395,11.5775760356126));
#5387=CARTESIAN_POINT('Ctrl Pts',(5.11393253084473,0.110305388189295,11.6437992291494));
#5388=CARTESIAN_POINT('Ctrl Pts',(5.11413770633183,0.0771924888900993,11.6719444481788));
#5389=CARTESIAN_POINT('Ctrl Pts',(5.11437193599004,0.0622517506422011,11.6816505110403));
#5390=CARTESIAN_POINT('Ctrl Pts',(5.11457132651906,0.0507223695436966,11.6874735217538));
#5391=CARTESIAN_POINT('Ctrl Pts',(5.11470971869266,0.0425512525504026,11.6911051338424));
#5392=CARTESIAN_POINT('Ctrl Pts',(5.11488500821025,0.0314534366334725,11.6950765834536));
#5393=CARTESIAN_POINT('Ctrl Pts',(5.11502642632049,0.0188442636313034,11.6978780252233));
#5394=CARTESIAN_POINT('Ctrl Pts',(5.11508899450244,0.00832200726531402,
11.6990643541919));
#5395=CARTESIAN_POINT('Ctrl Pts',(5.11510065034647,0.00273064782537691,
11.699281558684));
#5396=CARTESIAN_POINT('Ctrl Pts',(5.11510065034647,0.,11.699281558684));
#5397=CARTESIAN_POINT('',(6.45560640014082,-4.02455846426619E-16,4.92873232675826));
#5398=CARTESIAN_POINT('Origin',(6.55311164226228,-1.04083408558608E-16,
4.95092979866013));
#5399=CARTESIAN_POINT('Ctrl Pts',(4.93050386850629,6.24500451351645E-18,
11.6279407890761));
#5400=CARTESIAN_POINT('Ctrl Pts',(4.93050386850629,0.00139441570251956,
11.6279407890761));
#5401=CARTESIAN_POINT('Ctrl Pts',(4.93055020514763,0.00424988674424035,
11.6277372494364));
#5402=CARTESIAN_POINT('Ctrl Pts',(4.93080334064351,0.00963692256169689,
11.6266253193065));
#5403=CARTESIAN_POINT('Ctrl Pts',(4.93140141531316,0.0161416277699549,11.6239981996179));
#5404=CARTESIAN_POINT('Ctrl Pts',(4.93225050992048,0.0219662594620922,11.6202684426601));
#5405=CARTESIAN_POINT('Ctrl Pts',(4.933028022692,0.0263192814612314,11.6168531180963));
#5406=CARTESIAN_POINT('Ctrl Pts',(4.93427581000449,0.0325300171609677,11.6113720522994));
#5407=CARTESIAN_POINT('Ctrl Pts',(4.93636049762636,0.0408217270984349,11.6022147945623));
#5408=CARTESIAN_POINT('Ctrl Pts',(4.94242885711596,0.0601038858264261,11.5755587472462));
#5409=CARTESIAN_POINT('Ctrl Pts',(4.95683850001643,0.0928939315810075,11.5122625427908));
#5410=CARTESIAN_POINT('Ctrl Pts',(4.98915396117216,0.149131595080647,11.3703127352548));
#5411=CARTESIAN_POINT('Ctrl Pts',(5.03624543674355,0.218355507364988,11.1634573893963));
#5412=CARTESIAN_POINT('Ctrl Pts',(5.0931461910225,0.295855308998837,10.9135135287896));
#5413=CARTESIAN_POINT('Ctrl Pts',(5.15659000532026,0.377874261720412,10.6348284379126));
#5414=CARTESIAN_POINT('Ctrl Pts',(5.25214323539434,0.495631457587124,10.2150986202538));
#5415=CARTESIAN_POINT('Ctrl Pts',(5.38017018908535,0.641648630682259,9.65272380690106));
#5416=CARTESIAN_POINT('Ctrl Pts',(5.5090525069146,0.771745667409348,9.08659169687214));
#5417=CARTESIAN_POINT('Ctrl Pts',(5.61272507127183,0.863668156564903,8.631196662082));
#5418=CARTESIAN_POINT('Ctrl Pts',(5.71673836409362,0.945960006356443,8.17430493381344));
#5419=CARTESIAN_POINT('Ctrl Pts',(5.83445328450531,1.01990277679942,7.65722704914301));
#5420=CARTESIAN_POINT('Ctrl Pts',(5.96628901266482,1.06593029134993,7.07812170546795));
#5421=CARTESIAN_POINT('Ctrl Pts',(6.08515086948583,1.06657981386994,6.55600575552667));
#5422=CARTESIAN_POINT('Ctrl Pts',(6.20339921128496,1.00518496988187,6.03658474900146));
#5423=CARTESIAN_POINT('Ctrl Pts',(6.2985526109013,0.867242115001382,5.61861123790586));
#5424=CARTESIAN_POINT('Ctrl Pts',(6.36582656403444,0.674635349739337,5.3231017709849));
#5425=CARTESIAN_POINT('Ctrl Pts',(6.40846366693119,0.485976428121616,5.13581282836641));
#5426=CARTESIAN_POINT('Ctrl Pts',(6.43532423308782,0.296766361674968,5.01782434669606));
#5427=CARTESIAN_POINT('Ctrl Pts',(6.44881671740528,0.152584620561292,4.95855687894077));
#5428=CARTESIAN_POINT('Ctrl Pts',(6.45362841483658,0.0775279178931133,4.93742088088077));
#5429=CARTESIAN_POINT('Ctrl Pts',(6.45529887610197,0.0334493613942319,4.93008316553841));
#5430=CARTESIAN_POINT('Ctrl Pts',(6.45560640014082,0.0111553256200516,4.92873232675826));
#5431=CARTESIAN_POINT('Ctrl Pts',(6.45560640014082,3.09719743068815E-16,
4.92873232675826));
#5432=CARTESIAN_POINT('Ctrl Pts',(5.11510065034648,3.59738313526986E-15,
11.699281558684));
#5433=CARTESIAN_POINT('Ctrl Pts',(5.11510065034648,-0.00273073175571405,
11.699281558684));
#5434=CARTESIAN_POINT('Ctrl Pts',(5.11508873174471,-0.0083739470413799,
11.6990590629973));
#5435=CARTESIAN_POINT('Ctrl Pts',(5.11502646159907,-0.0188162930811713,
11.6978787244239));
#5436=CARTESIAN_POINT('Ctrl Pts',(5.11488486329036,-0.031479223303943,11.6950720970298));
#5437=CARTESIAN_POINT('Ctrl Pts',(5.11470934550049,-0.04256057759283,11.6910975788749));
#5438=CARTESIAN_POINT('Ctrl Pts',(5.11457148338419,-0.0507250180859713,
11.6874727645142));
#5439=CARTESIAN_POINT('Ctrl Pts',(5.11423714727266,-0.069919410889202,11.6777567430154));
#5440=CARTESIAN_POINT('Ctrl Pts',(5.1137602479927,-0.106489277310424,11.6487790844804));
#5441=CARTESIAN_POINT('Ctrl Pts',(5.11545541343273,-0.144763632409627,11.5979361199652));
#5442=CARTESIAN_POINT('Ctrl Pts',(5.1204098633858,-0.18007218927872,11.5357593797305));
#5443=CARTESIAN_POINT('Ctrl Pts',(5.13449937406423,-0.238659455213914,11.4102752170524));
#5444=CARTESIAN_POINT('Ctrl Pts',(5.17984748221038,-0.336339883542672,11.1368217132506));
#5445=CARTESIAN_POINT('Ctrl Pts',(5.26554415211359,-0.464491653054195,10.7161025758646));
#5446=CARTESIAN_POINT('Ctrl Pts',(5.37474126298173,-0.605859399509424,10.2091587095942));
#5447=CARTESIAN_POINT('Ctrl Pts',(5.47469238434798,-0.721988936858078,9.75671971782143));
#5448=CARTESIAN_POINT('Ctrl Pts',(5.56330340650904,-0.816465186319643,9.35907972775779));
#5449=CARTESIAN_POINT('Ctrl Pts',(5.63992166049027,-0.891956428105995,9.01721572345861));
#5450=CARTESIAN_POINT('Ctrl Pts',(5.74281661791533,-0.984287632389774,8.55975163620108));
#5451=CARTESIAN_POINT('Ctrl Pts',(5.84686354629062,-1.06268946395818,8.09913830090652));
#5452=CARTESIAN_POINT('Ctrl Pts',(5.9653676147507,-1.12815898263789,7.57601225833858));
#5453=CARTESIAN_POINT('Ctrl Pts',(6.07176407116399,-1.16544146077292,7.10738388641638));
#5454=CARTESIAN_POINT('Ctrl Pts',(6.19281292253268,-1.16625607624901,6.57568534017778));
#5455=CARTESIAN_POINT('Ctrl Pts',(6.31468777733653,-1.10340158747481,6.04214296020977));
#5456=CARTESIAN_POINT('Ctrl Pts',(6.41525578105408,-0.959490030380033,5.6041094377242));
#5457=CARTESIAN_POINT('Ctrl Pts',(6.48834239621134,-0.753348286621668,5.28757084738799));
#5458=CARTESIAN_POINT('Ctrl Pts',(6.53567368840508,-0.549044934612215,5.08512141272729));
#5459=CARTESIAN_POINT('Ctrl Pts',(6.56684484821364,-0.3438806749922,4.95804056153124));
#5460=CARTESIAN_POINT('Ctrl Pts',(6.58706535745384,-0.187021394791099,4.89581004273179));
#5461=CARTESIAN_POINT('Ctrl Pts',(6.59946445024882,-0.100402325628828,4.87481047127454));
#5462=CARTESIAN_POINT('Ctrl Pts',(6.60579290163462,-0.0448616209745299,
4.86803170468279));
#5463=CARTESIAN_POINT('Ctrl Pts',(6.60720413177081,-0.0149567801625161,
4.86682270871659));
#5464=CARTESIAN_POINT('Ctrl Pts',(6.60720413177081,-7.70717333384034E-18,
4.86682270871659));
#5465=CARTESIAN_POINT('Ctrl Pts',(5.10175381021885,5.20606704920998E-15,
11.7229347710518));
#5466=CARTESIAN_POINT('Ctrl Pts',(5.10175381021885,-0.00394494162491045,
11.7229347710518));
#5467=CARTESIAN_POINT('Ctrl Pts',(5.10174235108147,-0.0120896257479587,
11.7224838530063));
#5468=CARTESIAN_POINT('Ctrl Pts',(5.10167394886007,-0.0268463774635981,
11.7201502434999));
#5469=CARTESIAN_POINT('Ctrl Pts',(5.10147482595622,-0.0437058686247349,
11.7149908209807));
#5470=CARTESIAN_POINT('Ctrl Pts',(5.10113145997161,-0.0571272467739708,
11.7086522652127));
#5471=CARTESIAN_POINT('Ctrl Pts',(5.10081800298173,-0.0665530901410876,
11.7033358258856));
#5472=CARTESIAN_POINT('Ctrl Pts',(5.09998442825211,-0.0879231358603996,
11.689745315777));
#5473=CARTESIAN_POINT('Ctrl Pts',(5.0980936917475,-0.124225976293768,11.65521963745));
#5474=CARTESIAN_POINT('Ctrl Pts',(5.09863675666764,-0.160104234983416,11.6012480199288));
#5475=CARTESIAN_POINT('Ctrl Pts',(5.103006939126,-0.193134355084355,11.5370446792253));
#5476=CARTESIAN_POINT('Ctrl Pts',(5.11667729637337,-0.248197509886937,11.409458565953));
#5477=CARTESIAN_POINT('Ctrl Pts',(5.1626270299969,-0.34223659498915,11.1346951690316));
#5478=CARTESIAN_POINT('Ctrl Pts',(5.24890938173589,-0.468527333729611,10.7134678982546));
#5479=CARTESIAN_POINT('Ctrl Pts',(5.35855401977331,-0.608796328274631,10.2062496335518));
#5480=CARTESIAN_POINT('Ctrl Pts',(5.45873872486811,-0.724423822621593,9.75368890300791));
#5481=CARTESIAN_POINT('Ctrl Pts',(5.54750756208903,-0.81858510167139,9.35596786092226));
#5482=CARTESIAN_POINT('Ctrl Pts',(5.62422754547331,-0.893884186734741,9.01404978506114));
#5483=CARTESIAN_POINT('Ctrl Pts',(5.72723293478519,-0.986018462380063,8.55652155916681));
#5484=CARTESIAN_POINT('Ctrl Pts',(5.83135674539421,-1.06429673222946,8.09585117186784));
#5485=CARTESIAN_POINT('Ctrl Pts',(5.94992434242731,-1.12967944141949,7.57265111047865));
#5486=CARTESIAN_POINT('Ctrl Pts',(6.05636184361847,-1.1669216182678,7.10394461215068));
#5487=CARTESIAN_POINT('Ctrl Pts',(6.17744049056665,-1.1677388387312,6.57211277368025));
#5488=CARTESIAN_POINT('Ctrl Pts',(6.29933308675923,-1.10493000249018,6.03834759895095));
#5489=CARTESIAN_POINT('Ctrl Pts',(6.39992014192679,-0.961062078890667,5.59993446299738));
#5490=CARTESIAN_POINT('Ctrl Pts',(6.47303796812316,-0.754829324187602,5.2829097443506));
#5491=CARTESIAN_POINT('Ctrl Pts',(6.5203798223792,-0.550375483211193,5.07999347260506));
#5492=CARTESIAN_POINT('Ctrl Pts',(6.55151129845184,-0.345088331156764,4.95234958460079));
#5493=CARTESIAN_POINT('Ctrl Pts',(6.5715932089066,-0.188315081005867,4.88892088398348));
#5494=CARTESIAN_POINT('Ctrl Pts',(6.58397700433936,-0.101647614946009,4.8663126006709));
#5495=CARTESIAN_POINT('Ctrl Pts',(6.59039243585194,-0.045608659404649,4.85842553563675));
#5496=CARTESIAN_POINT('Ctrl Pts',(6.59183661727658,-0.0152093776966362,
4.8569392718136));
#5497=CARTESIAN_POINT('Ctrl Pts',(6.59183661727658,-6.62320285486647E-18,
4.8569392718136));
#5498=CARTESIAN_POINT('Ctrl Pts',(5.05469846683318,8.00066897193742E-15,
11.7585657646353));
#5499=CARTESIAN_POINT('Ctrl Pts',(5.05469846683318,-0.00606448604694012,
11.7585657646353));
#5500=CARTESIAN_POINT('Ctrl Pts',(5.05473592750598,-0.018573788465221,11.7576786511163));
#5501=CARTESIAN_POINT('Ctrl Pts',(5.05491136192588,-0.040793709167783,11.7531432717114));
#5502=CARTESIAN_POINT('Ctrl Pts',(5.05517102421994,-0.06468687807907,11.7435177972401));
#5503=CARTESIAN_POINT('Ctrl Pts',(5.05520762751702,-0.0816997986014967,
11.7327535671422));
#5504=CARTESIAN_POINT('Ctrl Pts',(5.05513514246048,-0.0929025994114928,
11.7243032419292));
#5505=CARTESIAN_POINT('Ctrl Pts',(5.0547933985605,-0.11696593991074,11.7035984860227));
#5506=CARTESIAN_POINT('Ctrl Pts',(5.05337437385019,-0.150469564437641,11.6594112544243));
#5507=CARTESIAN_POINT('Ctrl Pts',(5.05476114325393,-0.180608119009778,11.6005986834243));
#5508=CARTESIAN_POINT('Ctrl Pts',(5.0603047321914,-0.208795936764473,11.5334266573126));
#5509=CARTESIAN_POINT('Ctrl Pts',(5.07622210616953,-0.256981554286694,11.4030624290587));
#5510=CARTESIAN_POINT('Ctrl Pts',(5.12549661329191,-0.344745457453662,11.1269717828894));
#5511=CARTESIAN_POINT('Ctrl Pts',(5.21405564369604,-0.468002586987506,10.705359752238));
#5512=CARTESIAN_POINT('Ctrl Pts',(5.32513943576536,-0.606527947937485,10.1980323206289));
#5513=CARTESIAN_POINT('Ctrl Pts',(5.42604468486145,-0.721356752817791,9.74548195047288));
#5514=CARTESIAN_POINT('Ctrl Pts',(5.51525878655472,-0.815014774296808,9.34780662986801));
#5515=CARTESIAN_POINT('Ctrl Pts',(5.59225761782771,-0.890000782644393,9.00594831871968));
#5516=CARTESIAN_POINT('Ctrl Pts',(5.69554157221777,-0.98180686802154,8.54852494640972));
#5517=CARTESIAN_POINT('Ctrl Pts',(5.79983211927652,-1.05986514847578,8.08799750411103));
#5518=CARTESIAN_POINT('Ctrl Pts',(5.91849265382396,-1.12507883573428,7.56502272362804));
#5519=CARTESIAN_POINT('Ctrl Pts',(6.02494196567971,-1.16222996941227,7.09657646412228));
#5520=CARTESIAN_POINT('Ctrl Pts',(6.14592222373884,-1.16304398235825,6.56517079623039));
#5521=CARTESIAN_POINT('Ctrl Pts',(6.2675694575344,-1.10040089772577,6.03203925778076));
#5522=CARTESIAN_POINT('Ctrl Pts',(6.36776194230811,-0.957003598349226,5.59444517078182));
#5523=CARTESIAN_POINT('Ctrl Pts',(6.44046573477991,-0.751569524974409,5.27814610709999));
#5524=CARTESIAN_POINT('Ctrl Pts',(6.48742707489472,-0.547972291442552,5.0755779544001));
#5525=CARTESIAN_POINT('Ctrl Pts',(6.51807688551577,-0.343600394339706,4.94770746304595));
#5526=CARTESIAN_POINT('Ctrl Pts',(6.53711186885508,-0.187834809138554,4.88263981763072));
#5527=CARTESIAN_POINT('Ctrl Pts',(6.54839646418789,-0.101900378435122,4.85748085971542));
#5528=CARTESIAN_POINT('Ctrl Pts',(6.55423489615578,-0.0459328141983762,
4.84777492270175));
#5529=CARTESIAN_POINT('Ctrl Pts',(6.55555740882517,-0.0153216913987427,
4.84582815053358));
#5530=CARTESIAN_POINT('Ctrl Pts',(6.55555740882517,-4.25505655932584E-18,
4.84582815053358));
#5531=CARTESIAN_POINT('Ctrl Pts',(4.97484185873614,8.2961551658847E-15,
11.7452065543712));
#5532=CARTESIAN_POINT('Ctrl Pts',(4.97484185873614,-0.00628070947619603,
11.7452065543712));
#5533=CARTESIAN_POINT('Ctrl Pts',(4.97497231683199,-0.0192323626430259,
11.7442008903692));
#5534=CARTESIAN_POINT('Ctrl Pts',(4.97562743371442,-0.0420838017527624,
11.7390728374715));
#5535=CARTESIAN_POINT('Ctrl Pts',(4.97693809801953,-0.0661354383310751,
11.7282749326729));
#5536=CARTESIAN_POINT('Ctrl Pts',(4.97822220366549,-0.0825452826830829,
11.7164267169224));
#5537=CARTESIAN_POINT('Ctrl Pts',(4.97915529390029,-0.0930738920778584,
11.7072531675453));
#5538=CARTESIAN_POINT('Ctrl Pts',(4.98131982923381,-0.115161841755805,11.6849853704142));
#5539=CARTESIAN_POINT('Ctrl Pts',(4.98535317771182,-0.143216916820111,11.6393572179453));
#5540=CARTESIAN_POINT('Ctrl Pts',(4.99248491862293,-0.168379262867447,11.580692234533));
#5541=CARTESIAN_POINT('Ctrl Pts',(5.00280262978235,-0.193044200608729,11.5139257838857));
#5542=CARTESIAN_POINT('Ctrl Pts',(5.02557158429043,-0.236948847488679,11.3845800440251));
#5543=CARTESIAN_POINT('Ctrl Pts',(5.08186527538708,-0.321787782419568,11.1099127014952));
#5544=CARTESIAN_POINT('Ctrl Pts',(5.17428366036291,-0.443898988788257,10.6893720012388));
#5545=CARTESIAN_POINT('Ctrl Pts',(5.28763760229427,-0.581814067228472,10.1829044275251));
#5546=CARTESIAN_POINT('Ctrl Pts',(5.38958825312126,-0.696344911039777,9.73099030553913));
#5547=CARTESIAN_POINT('Ctrl Pts',(5.47941930085384,-0.78979359355569,9.33386867090782));
#5548=CARTESIAN_POINT('Ctrl Pts',(5.55677273450009,-0.864627597274494,8.99250159190115));
#5549=CARTESIAN_POINT('Ctrl Pts',(5.66037465521077,-0.956246726114103,8.53579299392095));
#5550=CARTESIAN_POINT('Ctrl Pts',(5.76478631079103,-1.03413218942468,8.07610234425311));
#5551=CARTESIAN_POINT('Ctrl Pts',(5.88338718431587,-1.09916809653078,7.55437716101235));
#5552=CARTESIAN_POINT('Ctrl Pts',(5.9896245114272,-1.13618818427006,7.0873462361009));
#5553=CARTESIAN_POINT('Ctrl Pts',(6.11006594065513,-1.13697626703851,6.55829846896755));
#5554=CARTESIAN_POINT('Ctrl Pts',(6.23072298051931,-1.07472228466076,6.02882535552227));
#5555=CARTESIAN_POINT('Ctrl Pts',(6.32940202319266,-0.932896481373459,5.59645484453801));
#5556=CARTESIAN_POINT('Ctrl Pts',(6.40046979710973,-0.731020873392239,5.28561082810503));
#5557=CARTESIAN_POINT('Ctrl Pts',(6.44606428801723,-0.531524437011667,5.08694606608001));
#5558=CARTESIAN_POINT('Ctrl Pts',(6.47532962705692,-0.331335197440921,4.96134256145303));
#5559=CARTESIAN_POINT('Ctrl Pts',(6.49188621271425,-0.178953097333738,4.89674759997033));
#5560=CARTESIAN_POINT('Ctrl Pts',(6.50020989421866,-0.0960372071680686,
4.87106271532807));
#5561=CARTESIAN_POINT('Ctrl Pts',(6.50417244250444,-0.043051183041492,4.86085729392623));
#5562=CARTESIAN_POINT('Ctrl Pts',(6.50504601049759,-0.0143576189216425,
4.85877698709008));
#5563=CARTESIAN_POINT('Ctrl Pts',(6.50504601049759,-1.40171138130652E-18,
4.85877698709008));
#5564=CARTESIAN_POINT('Ctrl Pts',(4.92947564588247,5.6114457292852E-15,
11.6902614749391));
#5565=CARTESIAN_POINT('Ctrl Pts',(4.92947564588247,-0.00424465292503777,
11.6902614749391));
#5566=CARTESIAN_POINT('Ctrl Pts',(4.92961148704119,-0.0129998034161886,
11.6895760068517));
#5567=CARTESIAN_POINT('Ctrl Pts',(4.93030574410151,-0.0285279518597646,
11.6860655770052));
#5568=CARTESIAN_POINT('Ctrl Pts',(4.9317789298273,-0.0451549257209798,11.6785640464325));
#5569=CARTESIAN_POINT('Ctrl Pts',(4.93343600562957,-0.0569354920711193,
11.6700226101022));
#5570=CARTESIAN_POINT('Ctrl Pts',(4.93475180115349,-0.0647003357231874,
11.6632150675779));
#5571=CARTESIAN_POINT('Ctrl Pts',(4.93800111629578,-0.081396536102017,11.6463637893842));
#5572=CARTESIAN_POINT('Ctrl Pts',(4.94534859142441,-0.105363061694745,11.6085218912969));
#5573=CARTESIAN_POINT('Ctrl Pts',(4.95644560903031,-0.129633925655732,11.5544520245353));
#5574=CARTESIAN_POINT('Ctrl Pts',(4.9699909552696,-0.154258121067097,11.4908318666824));
#5575=CARTESIAN_POINT('Ctrl Pts',(4.99735994129219,-0.198832652127954,11.3650541041113));
#5576=CARTESIAN_POINT('Ctrl Pts',(5.05808407332802,-0.285284447444212,11.0932228102515));
#5577=CARTESIAN_POINT('Ctrl Pts',(5.15284749637616,-0.408454142158161,10.6743065268727));
#5578=CARTESIAN_POINT('Ctrl Pts',(5.26751709126028,-0.547016715672113,10.1690540628177));
#5579=CARTESIAN_POINT('Ctrl Pts',(5.37003598836943,-0.661808943225207,9.71799106837516));
#5580=CARTESIAN_POINT('Ctrl Pts',(5.46017102097596,-0.755387606894992,9.32160533726847));
#5581=CARTESIAN_POINT('Ctrl Pts',(5.53767265456736,-0.83026903746653,8.98088493995587));
#5582=CARTESIAN_POINT('Ctrl Pts',(5.6413636743701,-0.92189601995314,8.52511667807987));
#5583=CARTESIAN_POINT('Ctrl Pts',(5.7457209941164,-0.999715439480026,8.06652542400851));
#5584=CARTESIAN_POINT('Ctrl Pts',(5.86408784168141,-1.06463352001483,7.54644815997921));
#5585=CARTESIAN_POINT('Ctrl Pts',(5.9699682226722,-1.10153761240337,7.08128865702491));
#5586=CARTESIAN_POINT('Ctrl Pts',(6.0896943917976,-1.10228987674328,6.55537727817676));
#5587=CARTESIAN_POINT('Ctrl Pts',(6.20913727283552,-1.04047081753642,6.03080396006027));
#5588=CARTESIAN_POINT('Ctrl Pts',(6.30600153680024,-0.900573242387088,5.60551092218637));
#5589=CARTESIAN_POINT('Ctrl Pts',(6.37511162891306,-0.703295111781355,5.30217513393998));
#5590=CARTESIAN_POINT('Ctrl Pts',(6.41914456947945,-0.509152112095761,5.10904516373359));
#5591=CARTESIAN_POINT('Ctrl Pts',(6.44703280049953,-0.314384843500833,4.9870736474003));
#5592=CARTESIAN_POINT('Ctrl Pts',(6.46154526101669,-0.166148602527582,4.92479465739137));
#5593=CARTESIAN_POINT('Ctrl Pts',(6.46744419615489,-0.087066208100906,4.9008630375642));
#5594=CARTESIAN_POINT('Ctrl Pts',(6.4698195109958,-0.0384568382212915,4.89174842602092));
#5595=CARTESIAN_POINT('Ctrl Pts',(6.47030533219479,-0.0128168449330802,
4.88993737070151));
#5596=CARTESIAN_POINT('Ctrl Pts',(6.47030533219479,2.13212547392796E-19,
4.88993737070151));
#5597=CARTESIAN_POINT('Ctrl Pts',(4.92598240592836,3.10193108707658E-15,
11.6478018933205));
#5598=CARTESIAN_POINT('Ctrl Pts',(4.92598240592836,-0.00234893363867561,
11.6478018933205));
#5599=CARTESIAN_POINT('Ctrl Pts',(4.92606592651171,-0.0071975978764781,
11.6474350725997));
#5600=CARTESIAN_POINT('Ctrl Pts',(4.92649975815095,-0.0159531689862111,
11.6455303570055));
#5601=CARTESIAN_POINT('Ctrl Pts',(4.92746708170852,-0.0258643619909446,
11.6412831432392));
#5602=CARTESIAN_POINT('Ctrl Pts',(4.9286795961487,-0.0336754376502471,11.6359595927146));
#5603=CARTESIAN_POINT('Ctrl Pts',(4.9297117395669,-0.0391668714186502,11.6314282899127));
#5604=CARTESIAN_POINT('Ctrl Pts',(4.93237326021531,-0.0516291325997941,
11.6197430866368));
#5605=CARTESIAN_POINT('Ctrl Pts',(4.9393868745212,-0.0735656730311115,11.5889473114166));
#5606=CARTESIAN_POINT('Ctrl Pts',(4.9508477499239,-0.098472538528822,11.5386115826036));
#5607=CARTESIAN_POINT('Ctrl Pts',(4.96477483136805,-0.124054532320458,11.4774393246486));
#5608=CARTESIAN_POINT('Ctrl Pts',(4.99282859479608,-0.170412841908936,11.3542203638561));
#5609=CARTESIAN_POINT('Ctrl Pts',(5.0542737984976,-0.259071144357307,11.0842698017714));
#5610=CARTESIAN_POINT('Ctrl Pts',(5.14941497121642,-0.383486412781481,10.666348038921));
#5611=CARTESIAN_POINT('Ctrl Pts',(5.26426323929774,-0.522777528805226,10.1618597943975));
#5612=CARTESIAN_POINT('Ctrl Pts',(5.36682667540072,-0.637879783268235,9.71133723146533));
#5613=CARTESIAN_POINT('Ctrl Pts',(5.45695620089782,-0.731626869676438,9.31543129578369));
#5614=CARTESIAN_POINT('Ctrl Pts',(5.53442582321002,-0.806589714991881,8.97513650134433));
#5615=CARTESIAN_POINT('Ctrl Pts',(5.63804060337027,-0.898272079099306,8.51999493372703));
#5616=CARTESIAN_POINT('Ctrl Pts',(5.74227221319278,-0.976078210312475,8.06214419738918));
#5617=CARTESIAN_POINT('Ctrl Pts',(5.86041507277112,-1.04093853180167,7.54318664606427));
#5618=CARTESIAN_POINT('Ctrl Pts',(5.96601973844937,-1.07777444552933,7.07930451501981));
#5619=CARTESIAN_POINT('Ctrl Pts',(6.08525605369053,-1.07850193930181,6.55554379319204));
#5620=CARTESIAN_POINT('Ctrl Pts',(6.2039095824232,-1.01696507492181,6.03434302541561));
#5621=CARTESIAN_POINT('Ctrl Pts',(6.29961631061777,-0.878358487053501,5.61393892390708));
#5622=CARTESIAN_POINT('Ctrl Pts',(6.36748565609729,-0.684206623824997,5.31581475133632));
#5623=CARTESIAN_POINT('Ctrl Pts',(6.41056973634494,-0.4937147476137,5.12656311727462));
#5624=CARTESIAN_POINT('Ctrl Pts',(6.43773622820324,-0.302639152993279,5.00723549497322));
#5625=CARTESIAN_POINT('Ctrl Pts',(6.45145865387185,-0.157178221438781,4.94696091350062));
#5626=CARTESIAN_POINT('Ctrl Pts',(6.45649596696233,-0.08068797499767,4.92482990598244));
#5627=CARTESIAN_POINT('Ctrl Pts',(6.45830280477761,-0.0351582597940938,
4.91688883220686));
#5628=CARTESIAN_POINT('Ctrl Pts',(6.45864823619248,-0.011710092879034,4.91537067179043));
#5629=CARTESIAN_POINT('Ctrl Pts',(6.45864823619248,5.21189805443284E-19,
4.91537067179043));
#5630=CARTESIAN_POINT('Ctrl Pts',(4.93050386850629,1.84326239107705E-15,
11.6279407890761));
#5631=CARTESIAN_POINT('Ctrl Pts',(4.93050386850629,-0.00139445856186556,
11.6279407890761));
#5632=CARTESIAN_POINT('Ctrl Pts',(4.93055133496944,-0.00427648696751697,
11.6277322865492));
#5633=CARTESIAN_POINT('Ctrl Pts',(4.93080319137263,-0.00962262998286977,
11.626625974998));
#5634=CARTESIAN_POINT('Ctrl Pts',(4.93140237712133,-0.0161549792665504,
11.6239939747522));
#5635=CARTESIAN_POINT('Ctrl Pts',(4.9322521232238,-0.0219712146374567,11.6202613560184));
#5636=CARTESIAN_POINT('Ctrl Pts',(4.93302819394274,-0.0263208755250438,
11.6168523658555));
#5637=CARTESIAN_POINT('Ctrl Pts',(4.93511011674568,-0.0366594658863659,
11.6077072529402));
#5638=CARTESIAN_POINT('Ctrl Pts',(4.94134491720447,-0.0575936756571529,
11.5803200923211));
#5639=CARTESIAN_POINT('Ctrl Pts',(4.95240851622061,-0.0828386235503898,
11.5317218147527));
#5640=CARTESIAN_POINT('Ctrl Pts',(4.96607967609445,-0.108915073059281,11.4716694917011));
#5641=CARTESIAN_POINT('Ctrl Pts',(4.99387093808932,-0.156181359068811,11.349592809201));
#5642=CARTESIAN_POINT('Ctrl Pts',(5.05514874403577,-0.245957740739358,11.0804221877944));
#5643=CARTESIAN_POINT('Ctrl Pts',(5.15019094207909,-0.370993624691926,10.6629371438697));
#5644=CARTESIAN_POINT('Ctrl Pts',(5.26496234300086,-0.51065220376874,10.1587890460608));
#5645=CARTESIAN_POINT('Ctrl Pts',(5.36746779694519,-0.625908751723602,9.70852069343953));
#5646=CARTESIAN_POINT('Ctrl Pts',(5.45754550767559,-0.719740748231162,9.31284279672488));
#5647=CARTESIAN_POINT('Ctrl Pts',(5.53496806640896,-0.79474437724768,8.9727542781615));
#5648=CARTESIAN_POINT('Ctrl Pts',(5.63851324756208,-0.886454623873562,8.51791879043217));
#5649=CARTESIAN_POINT('Ctrl Pts',(5.74266156170199,-0.964254137825149,8.06043396370745));
#5650=CARTESIAN_POINT('Ctrl Pts',(5.86067765616662,-1.02908567284471,7.54203313338437));
#5651=CARTESIAN_POINT('Ctrl Pts',(5.96613724373252,-1.06588749993945,7.07878836996716));
#5652=CARTESIAN_POINT('Ctrl Pts',(6.0851286020356,-1.06660257223701,6.5561035681576));
#5653=CARTESIAN_POINT('Ctrl Pts',(6.20339763018767,-1.00520680363642,6.03659169417408));
#5654=CARTESIAN_POINT('Ctrl Pts',(6.29854644664572,-0.867245715861506,5.61863831518904));
#5655=CARTESIAN_POINT('Ctrl Pts',(6.36582085623211,-0.674657534095049,5.32312684323863));
#5656=CARTESIAN_POINT('Ctrl Pts',(6.40846143937392,-0.485992055710792,5.13582261319738));
#5657=CARTESIAN_POINT('Ctrl Pts',(6.43532324079568,-0.296762123472926,5.01782870546658));
#5658=CARTESIAN_POINT('Ctrl Pts',(6.44880867475393,-0.152687764873506,4.95859220731826));
#5659=CARTESIAN_POINT('Ctrl Pts',(6.45363004389978,-0.0774937387709469,
4.93741372501176));
#5660=CARTESIAN_POINT('Ctrl Pts',(6.45529610917567,-0.0335060420480423,
4.93009531961701));
#5661=CARTESIAN_POINT('Ctrl Pts',(6.45560640014082,-0.0111556684949402,
4.92873232675826));
#5662=CARTESIAN_POINT('Ctrl Pts',(6.45560640014082,4.96529921315074E-19,
4.92873232675826));
#5663=CARTESIAN_POINT('Ctrl Pts',(6.45560640014082,4.96529921315074E-19,
4.92873232675826));
#5664=CARTESIAN_POINT('Ctrl Pts',(6.45560640014082,-0.0111556684949402,
4.92873232675826));
#5665=CARTESIAN_POINT('Ctrl Pts',(6.45529610917567,-0.0335060420480423,
4.93009531961701));
#5666=CARTESIAN_POINT('Ctrl Pts',(6.45363004389978,-0.0774937387709469,
4.93741372501176));
#5667=CARTESIAN_POINT('Ctrl Pts',(6.44880867475393,-0.152687764873506,4.95859220731826));
#5668=CARTESIAN_POINT('Ctrl Pts',(6.43532324079568,-0.296762123472926,5.01782870546658));
#5669=CARTESIAN_POINT('Ctrl Pts',(6.40846143937392,-0.485992055710792,5.13582261319738));
#5670=CARTESIAN_POINT('Ctrl Pts',(6.36582085623211,-0.674657534095049,5.32312684323863));
#5671=CARTESIAN_POINT('Ctrl Pts',(6.29854644664572,-0.867245715861506,5.61863831518904));
#5672=CARTESIAN_POINT('Ctrl Pts',(6.20339763018767,-1.00520680363642,6.03659169417408));
#5673=CARTESIAN_POINT('Ctrl Pts',(6.0851286020356,-1.06660257223701,6.5561035681576));
#5674=CARTESIAN_POINT('Ctrl Pts',(5.96613724373252,-1.06588749993945,7.07878836996716));
#5675=CARTESIAN_POINT('Ctrl Pts',(5.86067765616662,-1.02908567284471,7.54203313338437));
#5676=CARTESIAN_POINT('Ctrl Pts',(5.74266156170199,-0.964254137825149,8.06043396370745));
#5677=CARTESIAN_POINT('Ctrl Pts',(5.63851324756208,-0.886454623873562,8.51791879043217));
#5678=CARTESIAN_POINT('Ctrl Pts',(5.53496806640896,-0.79474437724768,8.9727542781615));
#5679=CARTESIAN_POINT('Ctrl Pts',(5.45754550767559,-0.719740748231162,9.31284279672488));
#5680=CARTESIAN_POINT('Ctrl Pts',(5.36746779694519,-0.625908751723602,9.70852069343953));
#5681=CARTESIAN_POINT('Ctrl Pts',(5.26496234300086,-0.51065220376874,10.1587890460608));
#5682=CARTESIAN_POINT('Ctrl Pts',(5.15019094207909,-0.370993624691926,10.6629371438697));
#5683=CARTESIAN_POINT('Ctrl Pts',(5.05514874403577,-0.245957740739358,11.0804221877944));
#5684=CARTESIAN_POINT('Ctrl Pts',(4.99387093808932,-0.156181359068811,11.349592809201));
#5685=CARTESIAN_POINT('Ctrl Pts',(4.96607967609445,-0.108915073059281,11.4716694917011));
#5686=CARTESIAN_POINT('Ctrl Pts',(4.95240851622061,-0.0828386235503898,
11.5317218147527));
#5687=CARTESIAN_POINT('Ctrl Pts',(4.94134491720447,-0.0575936756571529,
11.5803200923211));
#5688=CARTESIAN_POINT('Ctrl Pts',(4.93511011674568,-0.0366594658863659,
11.6077072529402));
#5689=CARTESIAN_POINT('Ctrl Pts',(4.93302819394274,-0.0263208755250438,
11.6168523658555));
#5690=CARTESIAN_POINT('Ctrl Pts',(4.9322521232238,-0.0219712146374567,11.6202613560184));
#5691=CARTESIAN_POINT('Ctrl Pts',(4.93140237712133,-0.0161549792665504,
11.6239939747522));
#5692=CARTESIAN_POINT('Ctrl Pts',(4.93080319137263,-0.00962262998286977,
11.626625974998));
#5693=CARTESIAN_POINT('Ctrl Pts',(4.93055133496944,-0.00427648696751697,
11.6277322865492));
#5694=CARTESIAN_POINT('Ctrl Pts',(4.93050386850629,-0.00139445856186556,
11.6279407890761));
#5695=CARTESIAN_POINT('Ctrl Pts',(4.93050386850629,1.84326239107705E-15,
11.6279407890761));
#5696=CARTESIAN_POINT('Ctrl Pts',(5.11510065034648,3.59738313526986E-15,
11.699281558684));
#5697=CARTESIAN_POINT('Ctrl Pts',(5.11510065034648,-0.00273073175571405,
11.699281558684));
#5698=CARTESIAN_POINT('Ctrl Pts',(5.11508873174471,-0.0083739470413799,
11.6990590629973));
#5699=CARTESIAN_POINT('Ctrl Pts',(5.11502646159907,-0.0188162930811713,
11.6978787244239));
#5700=CARTESIAN_POINT('Ctrl Pts',(5.11488486329036,-0.031479223303943,11.6950720970298));
#5701=CARTESIAN_POINT('Ctrl Pts',(5.11470934550049,-0.04256057759283,11.6910975788749));
#5702=CARTESIAN_POINT('Ctrl Pts',(5.11457148338419,-0.0507250180859713,
11.6874727645142));
#5703=CARTESIAN_POINT('Ctrl Pts',(5.11423714727266,-0.069919410889202,11.6777567430154));
#5704=CARTESIAN_POINT('Ctrl Pts',(5.1137602479927,-0.106489277310424,11.6487790844804));
#5705=CARTESIAN_POINT('Ctrl Pts',(5.11545541343273,-0.144763632409627,11.5979361199652));
#5706=CARTESIAN_POINT('Ctrl Pts',(5.1204098633858,-0.18007218927872,11.5357593797305));
#5707=CARTESIAN_POINT('Ctrl Pts',(5.13449937406423,-0.238659455213914,11.4102752170524));
#5708=CARTESIAN_POINT('Ctrl Pts',(5.17984748221038,-0.336339883542672,11.1368217132506));
#5709=CARTESIAN_POINT('Ctrl Pts',(5.26554415211359,-0.464491653054195,10.7161025758646));
#5710=CARTESIAN_POINT('Ctrl Pts',(5.37474126298173,-0.605859399509424,10.2091587095942));
#5711=CARTESIAN_POINT('Ctrl Pts',(5.47469238434798,-0.721988936858078,9.75671971782143));
#5712=CARTESIAN_POINT('Ctrl Pts',(5.56330340650904,-0.816465186319643,9.35907972775779));
#5713=CARTESIAN_POINT('Ctrl Pts',(5.63992166049027,-0.891956428105995,9.01721572345861));
#5714=CARTESIAN_POINT('Ctrl Pts',(5.74281661791533,-0.984287632389774,8.55975163620108));
#5715=CARTESIAN_POINT('Ctrl Pts',(5.84686354629062,-1.06268946395818,8.09913830090652));
#5716=CARTESIAN_POINT('Ctrl Pts',(5.9653676147507,-1.12815898263789,7.57601225833858));
#5717=CARTESIAN_POINT('Ctrl Pts',(6.07176407116399,-1.16544146077292,7.10738388641638));
#5718=CARTESIAN_POINT('Ctrl Pts',(6.19281292253268,-1.16625607624901,6.57568534017778));
#5719=CARTESIAN_POINT('Ctrl Pts',(6.31468777733653,-1.10340158747481,6.04214296020977));
#5720=CARTESIAN_POINT('Ctrl Pts',(6.41525578105408,-0.959490030380033,5.6041094377242));
#5721=CARTESIAN_POINT('Ctrl Pts',(6.48834239621134,-0.753348286621668,5.28757084738799));
#5722=CARTESIAN_POINT('Ctrl Pts',(6.53567368840508,-0.549044934612215,5.08512141272729));
#5723=CARTESIAN_POINT('Ctrl Pts',(6.56684484821364,-0.3438806749922,4.95804056153124));
#5724=CARTESIAN_POINT('Ctrl Pts',(6.58706535745384,-0.187021394791099,4.89581004273179));
#5725=CARTESIAN_POINT('Ctrl Pts',(6.59946445024882,-0.100402325628828,4.87481047127454));
#5726=CARTESIAN_POINT('Ctrl Pts',(6.60579290163462,-0.0448616209745299,
4.86803170468279));
#5727=CARTESIAN_POINT('Ctrl Pts',(6.60720413177081,-0.0149567801625161,
4.86682270871659));
#5728=CARTESIAN_POINT('Ctrl Pts',(6.60720413177081,-7.70717333384034E-18,
4.86682270871659));
#5729=CARTESIAN_POINT('Ctrl Pts',(6.48583371933524,0.,4.7959549505884));
#5730=CARTESIAN_POINT('Ctrl Pts',(6.48583371933524,0.,4.7959549505884));
#5731=CARTESIAN_POINT('Ctrl Pts',(6.48583371933524,0.,4.7959549505884));
#5732=CARTESIAN_POINT('Ctrl Pts',(6.57665626950703,0.,4.84402880965382));
#5733=CARTESIAN_POINT('Ctrl Pts',(6.57665626950703,0.0992279288040866,4.84402880965382));
#5734=CARTESIAN_POINT('Ctrl Pts',(6.47990383727449,0.0992279288040866,4.82200271803873));
#5735=CARTESIAN_POINT('Ctrl Pts',(6.74555086585931,0.,4.95054942228571));
#5736=CARTESIAN_POINT('Ctrl Pts',(6.74555086585931,0.287553896966113,4.95054942228571));
#5737=CARTESIAN_POINT('Ctrl Pts',(6.46517074239279,0.287553896966113,4.88671972680392));
#5738=CARTESIAN_POINT('Ctrl Pts',(6.96064825141522,0.,5.14144332759756));
#5739=CARTESIAN_POINT('Ctrl Pts',(6.96064825141522,0.539658744543329,5.14144332759756));
#5740=CARTESIAN_POINT('Ctrl Pts',(6.43445268591858,0.53965874454333,5.02165272941156));
#5741=CARTESIAN_POINT('Ctrl Pts',(7.16963610465206,0.,5.45926807410917));
#5742=CARTESIAN_POINT('Ctrl Pts',(7.16963610465206,0.813981915650476,5.45926807410917));
#5743=CARTESIAN_POINT('Ctrl Pts',(6.37596106697212,0.813981915650477,5.27858466709634));
#5744=CARTESIAN_POINT('Ctrl Pts',(7.29515576558471,0.,5.96695711286965));
#5745=CARTESIAN_POINT('Ctrl Pts',(7.29515576558471,1.04906429668064,5.96695711286965));
#5746=CARTESIAN_POINT('Ctrl Pts',(6.2722630830964,1.04906429668064,5.73409136038139));
#5747=CARTESIAN_POINT('Ctrl Pts',(7.2800519965485,0.,6.58904727683097));
#5748=CARTESIAN_POINT('Ctrl Pts',(7.2800519965485,1.17242561946204,6.58904727683097));
#5749=CARTESIAN_POINT('Ctrl Pts',(6.13687555759794,1.17242561946204,6.32879842938054));
#5750=CARTESIAN_POINT('Ctrl Pts',(7.12911948561297,0.,7.32163795206147));
#5751=CARTESIAN_POINT('Ctrl Pts',(7.12911948561297,1.18787511852437,7.32163795206147));
#5752=CARTESIAN_POINT('Ctrl Pts',(5.97087897519514,1.18787511852437,7.05795970639769));
#5753=CARTESIAN_POINT('Ctrl Pts',(6.85540501024678,0.,8.15411521723225));
#5754=CARTESIAN_POINT('Ctrl Pts',(6.85540501024678,1.10577806362283,8.15411521723225));
#5755=CARTESIAN_POINT('Ctrl Pts',(5.77721343198529,1.10577806362283,7.90866044226251));
#5756=CARTESIAN_POINT('Ctrl Pts',(6.47368397364687,0.,9.07445886524482));
#5757=CARTESIAN_POINT('Ctrl Pts',(6.47368397364687,0.937873065325771,9.07445886524482));
#5758=CARTESIAN_POINT('Ctrl Pts',(5.55920857050896,0.937873065325771,8.8662747550939));
#5759=CARTESIAN_POINT('Ctrl Pts',(5.99774428070203,0.,10.0714520467168));
#5760=CARTESIAN_POINT('Ctrl Pts',(5.99774428070203,0.695114196688575,10.0714520467168));
#5761=CARTESIAN_POINT('Ctrl Pts',(5.31997150020015,0.695114196688575,9.91715426822095));
#5762=CARTESIAN_POINT('Ctrl Pts',(5.55000785819047,0.,10.9235405080905));
#5763=CARTESIAN_POINT('Ctrl Pts',(5.55000785819047,0.447689810645213,10.9235405080905));
#5764=CARTESIAN_POINT('Ctrl Pts',(5.11348682436772,0.447689810645213,10.824164688165));
#5765=CARTESIAN_POINT('Ctrl Pts',(5.17935834923463,0.,11.5909560273972));
#5766=CARTESIAN_POINT('Ctrl Pts',(5.17935834923463,0.234436481882636,11.5909560273972));
#5767=CARTESIAN_POINT('Ctrl Pts',(4.95077048995392,0.234436481882636,11.5389170552035));
#5768=CARTESIAN_POINT('Ctrl Pts',(4.91702255832181,0.,12.0482947187384));
#5769=CARTESIAN_POINT('Ctrl Pts',(4.91702255832181,0.0801629612886779,12.0482947187384));
#5770=CARTESIAN_POINT('Ctrl Pts',(4.83885946882555,0.0801629612886779,12.0305005679306));
#5771=CARTESIAN_POINT('Ctrl Pts',(4.78204558004885,0.,12.2800628606783));
#5772=CARTESIAN_POINT('Ctrl Pts',(4.78204558004885,0.,12.2800628606783));
#5773=CARTESIAN_POINT('Ctrl Pts',(4.78204558004885,0.,12.2800628606783));
#5774=CARTESIAN_POINT('Ctrl Pts',(5.11510065034648,0.,11.699281558684));
#5775=CARTESIAN_POINT('Ctrl Pts',(5.17768151726592,0.,11.5883760169039));
#5776=CARTESIAN_POINT('Ctrl Pts',(5.36466741150156,0.,11.2543029133661));
#5777=CARTESIAN_POINT('Ctrl Pts',(5.66267116117257,0.,10.7079530898503));
#5778=CARTESIAN_POINT('Ctrl Pts',(6.04610783588021,0.,9.97014060860993));
#5779=CARTESIAN_POINT('Ctrl Pts',(6.47368397364687,0.,9.07445886524482));
#5780=CARTESIAN_POINT('Ctrl Pts',(6.85540501024678,0.,8.15411521723225));
#5781=CARTESIAN_POINT('Ctrl Pts',(7.12911948561297,0.,7.32163795206147));
#5782=CARTESIAN_POINT('Ctrl Pts',(7.2800519965485,0.,6.58904727683097));
#5783=CARTESIAN_POINT('Ctrl Pts',(7.29515576558471,0.,5.96695711286965));
#5784=CARTESIAN_POINT('Ctrl Pts',(7.17661832519607,0.,5.48750904297464));
#5785=CARTESIAN_POINT('Ctrl Pts',(6.98918648244435,0.,5.18606907629902));
#5786=CARTESIAN_POINT('Ctrl Pts',(6.80386951030301,0.,5.00486916715072));
#5787=CARTESIAN_POINT('Ctrl Pts',(6.66764306099661,0.,4.90569329795286));
#5788=CARTESIAN_POINT('Ctrl Pts',(6.60720413177081,0.,4.86682270871659));
#5789=CARTESIAN_POINT('Origin',(5.65387842159324,0.394565710368971,8.45042529293977));
#5790=CARTESIAN_POINT('Ctrl Pts',(4.78204558004885,0.,12.2800628606783));
#5791=CARTESIAN_POINT('Ctrl Pts',(4.78204558004885,0.,12.2800628606783));
#5792=CARTESIAN_POINT('Ctrl Pts',(4.78204558004885,0.,12.2800628606783));
#5793=CARTESIAN_POINT('Ctrl Pts',(4.91702255832181,0.,12.0482947187384));
#5794=CARTESIAN_POINT('Ctrl Pts',(4.91702255832181,-0.0801629612886779,
12.0482947187384));
#5795=CARTESIAN_POINT('Ctrl Pts',(4.83885946882555,-0.0801629612886779,
12.0305005679306));
#5796=CARTESIAN_POINT('Ctrl Pts',(5.17935834923463,0.,11.5909560273972));
#5797=CARTESIAN_POINT('Ctrl Pts',(5.17935834923463,-0.234436481882636,11.5909560273972));
#5798=CARTESIAN_POINT('Ctrl Pts',(4.95077048995392,-0.234436481882636,11.5389170552035));
#5799=CARTESIAN_POINT('Ctrl Pts',(5.55000785819047,0.,10.9235405080905));
#5800=CARTESIAN_POINT('Ctrl Pts',(5.55000785819047,-0.447689810645213,10.9235405080905));
#5801=CARTESIAN_POINT('Ctrl Pts',(5.11348682436772,-0.447689810645213,10.824164688165));
#5802=CARTESIAN_POINT('Ctrl Pts',(5.99774428070203,0.,10.0714520467168));
#5803=CARTESIAN_POINT('Ctrl Pts',(5.99774428070203,-0.695114196688575,10.0714520467168));
#5804=CARTESIAN_POINT('Ctrl Pts',(5.31997150020015,-0.695114196688575,9.91715426822095));
#5805=CARTESIAN_POINT('Ctrl Pts',(6.47368397364687,0.,9.07445886524482));
#5806=CARTESIAN_POINT('Ctrl Pts',(6.47368397364687,-0.937873065325771,9.07445886524482));
#5807=CARTESIAN_POINT('Ctrl Pts',(5.55920857050896,-0.937873065325771,8.8662747550939));
#5808=CARTESIAN_POINT('Ctrl Pts',(6.85540501024678,0.,8.15411521723225));
#5809=CARTESIAN_POINT('Ctrl Pts',(6.85540501024678,-1.10577806362283,8.15411521723225));
#5810=CARTESIAN_POINT('Ctrl Pts',(5.77721343198529,-1.10577806362283,7.90866044226251));
#5811=CARTESIAN_POINT('Ctrl Pts',(7.12911948561297,0.,7.32163795206147));
#5812=CARTESIAN_POINT('Ctrl Pts',(7.12911948561297,-1.18787511852437,7.32163795206147));
#5813=CARTESIAN_POINT('Ctrl Pts',(5.97087897519514,-1.18787511852437,7.05795970639769));
#5814=CARTESIAN_POINT('Ctrl Pts',(7.2800519965485,0.,6.58904727683097));
#5815=CARTESIAN_POINT('Ctrl Pts',(7.2800519965485,-1.17242561946204,6.58904727683097));
#5816=CARTESIAN_POINT('Ctrl Pts',(6.13687555759794,-1.17242561946204,6.32879842938054));
#5817=CARTESIAN_POINT('Ctrl Pts',(7.29515576558471,0.,5.96695711286965));
#5818=CARTESIAN_POINT('Ctrl Pts',(7.29515576558471,-1.04906429668064,5.96695711286965));
#5819=CARTESIAN_POINT('Ctrl Pts',(6.2722630830964,-1.04906429668064,5.73409136038139));
#5820=CARTESIAN_POINT('Ctrl Pts',(7.16963610465206,0.,5.45926807410917));
#5821=CARTESIAN_POINT('Ctrl Pts',(7.16963610465206,-0.813981915650476,5.45926807410917));
#5822=CARTESIAN_POINT('Ctrl Pts',(6.37596106697212,-0.813981915650477,5.27858466709634));
#5823=CARTESIAN_POINT('Ctrl Pts',(6.96064825141522,0.,5.14144332759756));
#5824=CARTESIAN_POINT('Ctrl Pts',(6.96064825141522,-0.539658744543329,5.14144332759756));
#5825=CARTESIAN_POINT('Ctrl Pts',(6.43445268591858,-0.53965874454333,5.02165272941156));
#5826=CARTESIAN_POINT('Ctrl Pts',(6.74555086585931,0.,4.95054942228571));
#5827=CARTESIAN_POINT('Ctrl Pts',(6.74555086585931,-0.287553896966113,4.95054942228571));
#5828=CARTESIAN_POINT('Ctrl Pts',(6.46517074239279,-0.287553896966113,4.88671972680392));
#5829=CARTESIAN_POINT('Ctrl Pts',(6.57665626950703,0.,4.84402880965382));
#5830=CARTESIAN_POINT('Ctrl Pts',(6.57665626950703,-0.0992279288040866,
4.84402880965382));
#5831=CARTESIAN_POINT('Ctrl Pts',(6.47990383727449,-0.0992279288040866,
4.82200271803873));
#5832=CARTESIAN_POINT('Ctrl Pts',(6.48583371933524,0.,4.7959549505884));
#5833=CARTESIAN_POINT('Ctrl Pts',(6.48583371933524,0.,4.7959549505884));
#5834=CARTESIAN_POINT('Ctrl Pts',(6.48583371933524,0.,4.7959549505884));
#5835=CARTESIAN_POINT('',(0.,0.,0.));
#5836=CARTESIAN_POINT('',(0.,0.,0.));
#5837=CARTESIAN_POINT('',(0.,0.,0.));
#5838=CARTESIAN_POINT('Origin',(0.59,-0.59,2.67));
#5839=CARTESIAN_POINT('',(0.815,-0.59,2.99));
#5840=CARTESIAN_POINT('Origin',(0.59,-0.59,2.99));
#5841=CARTESIAN_POINT('',(0.815,-0.59,2.67));
#5842=CARTESIAN_POINT('',(0.815,-0.59,2.67));
#5843=CARTESIAN_POINT('Origin',(0.59,-0.59,2.67));
#5844=CARTESIAN_POINT('Origin',(0.59,-0.59,2.99));
#5845=CARTESIAN_POINT('Origin',(0.59,-0.59,2.27));
#5846=CARTESIAN_POINT('',(1.18,-0.59,2.27));
#5847=CARTESIAN_POINT('',(0.83219000805153,-1.128,2.27));
#5848=CARTESIAN_POINT('Origin',(0.59,-0.59,2.27));
#5849=CARTESIAN_POINT('',(0.59,0.,2.27));
#5850=CARTESIAN_POINT('Origin',(0.59,-0.59,2.27));
#5851=CARTESIAN_POINT('',(0.,-0.59,2.27));
#5852=CARTESIAN_POINT('Origin',(0.59,-0.59,2.27));
#5853=CARTESIAN_POINT('',(0.34780999194847,-1.128,2.27));
#5854=CARTESIAN_POINT('Origin',(0.59,-0.59,2.27));
#5855=CARTESIAN_POINT('',(0.34780999194847,-1.128,2.67));
#5856=CARTESIAN_POINT('',(0.34780999194847,-1.128,2.27));
#5857=CARTESIAN_POINT('',(0.83219000805153,-1.128,2.67));
#5858=CARTESIAN_POINT('Origin',(0.59,-0.59,2.67));
#5859=CARTESIAN_POINT('',(0.83219000805153,-1.128,2.27));
#5860=CARTESIAN_POINT('Origin',(0.59,-1.19,2.27));
#5861=CARTESIAN_POINT('Origin',(0.59,-1.19,2.27));
#5862=CARTESIAN_POINT('Origin',(0.59,-1.19,2.67));
#5863=CARTESIAN_POINT('Origin',(0.59,-0.72,2.67));
#5864=CARTESIAN_POINT('Origin',(0.59,-1.125,2.27));
#5865=CARTESIAN_POINT('',(0.,0.,2.27));
#5866=CARTESIAN_POINT('',(0.,0.,2.27));
#5867=CARTESIAN_POINT('',(0.,-2.25,2.27));
#5868=CARTESIAN_POINT('Origin',(0.59,-1.125,2.27));
#5869=CARTESIAN_POINT('',(1.18,0.,2.27));
#5870=CARTESIAN_POINT('',(1.18,0.,2.27));
#5871=CARTESIAN_POINT('',(0.,0.,2.27));
#5872=CARTESIAN_POINT('Origin',(0.59,-1.125,2.27));
#5873=CARTESIAN_POINT('',(0.,-2.25,2.27));
#5874=CARTESIAN_POINT('',(0.,-2.25,2.27));
#5875=CARTESIAN_POINT('',(1.18,-2.25,2.27));
#5876=CARTESIAN_POINT('',(1.18,-2.25,2.27));
#5877=CARTESIAN_POINT('',(1.18,0.,2.27));
#5878=CARTESIAN_POINT('Origin',(0.599999986588955,0.21,1.59));
#5879=CARTESIAN_POINT('',(0.664999986588955,0.285993410262535,1.59));
#5880=CARTESIAN_POINT('',(0.534999986588955,0.285993410262535,1.59));
#5881=CARTESIAN_POINT('Origin',(0.599999986588955,0.21,1.59));
#5882=CARTESIAN_POINT('',(0.534999986588955,0.285993410262535,1.84));
#5883=CARTESIAN_POINT('',(0.534999986588955,0.285993410262535,1.59));
#5884=CARTESIAN_POINT('',(0.664999986588955,0.285993410262535,1.84));
#5885=CARTESIAN_POINT('Origin',(0.599999986588955,0.21,1.84));
#5886=CARTESIAN_POINT('',(0.664999986588955,0.285993410262535,1.59));
#5887=CARTESIAN_POINT('Origin',(0.664999986588955,0.469999989494681,1.59));
#5888=CARTESIAN_POINT('',(0.664999986588955,0.47,1.59));
#5889=CARTESIAN_POINT('',(0.664999986588955,0.469999989494681,1.59));
#5890=CARTESIAN_POINT('',(0.664999986588955,0.47,1.84));
#5891=CARTESIAN_POINT('',(0.664999986588955,0.469999989494681,1.84));
#5892=CARTESIAN_POINT('',(0.664999986588955,0.47,1.59));
#5893=CARTESIAN_POINT('Origin',(1.18,0.47,1.59));
#5894=CARTESIAN_POINT('',(1.18,0.47,1.59));
#5895=CARTESIAN_POINT('',(1.18,0.47,1.59));
#5896=CARTESIAN_POINT('',(1.18,0.47,1.84));
#5897=CARTESIAN_POINT('',(1.18,0.47,1.84));
#5898=CARTESIAN_POINT('',(1.18,0.47,1.59));
#5899=CARTESIAN_POINT('Origin',(0.534999986588955,0.469999989494681,1.59));
#5900=CARTESIAN_POINT('',(0.534999986588955,0.469999989494681,1.59));
#5901=CARTESIAN_POINT('',(0.,0.47,1.59));
#5902=CARTESIAN_POINT('',(0.534999986588955,0.469999989494681,1.59));
#5903=CARTESIAN_POINT('',(0.,0.47,1.84));
#5904=CARTESIAN_POINT('',(0.,0.47,1.59));
#5905=CARTESIAN_POINT('',(0.534999986588955,0.469999989494681,1.84));
#5906=CARTESIAN_POINT('',(0.534999986588955,0.469999989494681,1.84));
#5907=CARTESIAN_POINT('',(0.534999986588955,0.469999989494681,1.59));
#5908=CARTESIAN_POINT('Origin',(0.534999986588955,0.285993410262535,1.59));
#5909=CARTESIAN_POINT('',(0.534999986588955,0.469999989494681,1.59));
#5910=CARTESIAN_POINT('',(0.534999986588955,0.469999989494681,1.84));
#5911=CARTESIAN_POINT('Origin',(0.59,0.235,1.59));
#5912=CARTESIAN_POINT('',(1.18,0.,1.59));
#5913=CARTESIAN_POINT('',(1.18,0.,1.59));
#5914=CARTESIAN_POINT('',(0.,0.,1.59));
#5915=CARTESIAN_POINT('',(0.885,0.,1.59));
#5916=CARTESIAN_POINT('',(0.,0.47,1.59));
#5917=CARTESIAN_POINT('Origin',(0.59,0.235,1.84));
#5918=CARTESIAN_POINT('',(0.,0.,1.84));
#5919=CARTESIAN_POINT('',(0.,0.47,1.84));
#5920=CARTESIAN_POINT('',(1.18,0.,1.84));
#5921=CARTESIAN_POINT('',(0.885,0.,1.84));
#5922=CARTESIAN_POINT('',(1.18,0.,1.84));
#5923=CARTESIAN_POINT('Origin',(1.18,0.,0.));
#5924=CARTESIAN_POINT('',(1.18,0.,0.));
#5925=CARTESIAN_POINT('',(1.18,0.,0.));
#5926=CARTESIAN_POINT('',(0.,0.,0.));
#5927=CARTESIAN_POINT('',(0.,0.,0.));
#5928=CARTESIAN_POINT('',(0.,0.,0.));
#5929=CARTESIAN_POINT('Origin',(1.18,0.,0.));
#5930=CARTESIAN_POINT('',(0.,0.,0.));
#5931=CARTESIAN_POINT('',(1.18,0.,0.));
#5932=CARTESIAN_POINT('Origin',(1.11022302462516E-16,-2.72,1.59));
#5933=CARTESIAN_POINT('',(0.534999986588955,-2.71999998949468,1.59));
#5934=CARTESIAN_POINT('',(0.,-2.72,1.59));
#5935=CARTESIAN_POINT('',(0.534999986588955,-2.71999998949468,1.59));
#5936=CARTESIAN_POINT('',(0.534999986588955,-2.71999998949468,1.84));
#5937=CARTESIAN_POINT('',(0.534999986588955,-2.71999998949468,1.59));
#5938=CARTESIAN_POINT('',(0.,-2.72,1.84));
#5939=CARTESIAN_POINT('',(0.534999986588955,-2.71999998949468,1.84));
#5940=CARTESIAN_POINT('',(0.,-2.72,1.59));
#5941=CARTESIAN_POINT('Origin',(0.664999986588955,-2.71999998949468,1.59));
#5942=CARTESIAN_POINT('',(1.18,-2.72,1.59));
#5943=CARTESIAN_POINT('',(0.664999986588955,-2.71999998949468,1.59));
#5944=CARTESIAN_POINT('',(1.18,-2.72,1.59));
#5945=CARTESIAN_POINT('',(1.18,-2.72,1.84));
#5946=CARTESIAN_POINT('',(1.18,-2.72,1.59));
#5947=CARTESIAN_POINT('',(0.664999986588955,-2.71999998949468,1.84));
#5948=CARTESIAN_POINT('',(1.18,-2.72,1.84));
#5949=CARTESIAN_POINT('',(0.664999986588955,-2.71999998949468,1.59));
#5950=CARTESIAN_POINT('Origin',(0.664999986588955,-2.53599341026253,1.59));
#5951=CARTESIAN_POINT('',(0.664999986588955,-2.53599341026253,1.59));
#5952=CARTESIAN_POINT('',(0.664999986588955,-2.71999998949468,1.59));
#5953=CARTESIAN_POINT('',(0.664999986588955,-2.53599341026253,1.84));
#5954=CARTESIAN_POINT('',(0.664999986588955,-2.71999998949468,1.84));
#5955=CARTESIAN_POINT('',(0.664999986588955,-2.53599341026253,1.59));
#5956=CARTESIAN_POINT('Origin',(0.599999986588955,-2.46,1.59));
#5957=CARTESIAN_POINT('',(0.534999986588955,-2.53599341026253,1.59));
#5958=CARTESIAN_POINT('Origin',(0.599999986588955,-2.46,1.59));
#5959=CARTESIAN_POINT('',(0.534999986588955,-2.53599341026253,1.84));
#5960=CARTESIAN_POINT('Origin',(0.599999986588955,-2.46,1.84));
#5961=CARTESIAN_POINT('',(0.534999986588955,-2.53599341026253,1.59));
#5962=CARTESIAN_POINT('Origin',(0.534999986588955,-2.71999998949468,1.59));
#5963=CARTESIAN_POINT('',(0.534999986588955,-2.71999998949468,1.59));
#5964=CARTESIAN_POINT('',(0.534999986588955,-2.71999998949468,1.84));
#5965=CARTESIAN_POINT('Origin',(0.59,-2.485,1.59));
#5966=CARTESIAN_POINT('',(0.,-2.25,1.59));
#5967=CARTESIAN_POINT('',(0.,-2.72,1.59));
#5968=CARTESIAN_POINT('',(1.18,-2.25,1.59));
#5969=CARTESIAN_POINT('',(0.295,-2.25,1.59));
#5970=CARTESIAN_POINT('',(1.18,-2.25,1.59));
#5971=CARTESIAN_POINT('Origin',(0.59,-2.485,1.84));
#5972=CARTESIAN_POINT('',(1.18,-2.25,1.84));
#5973=CARTESIAN_POINT('',(1.18,-2.25,1.84));
#5974=CARTESIAN_POINT('',(0.,-2.25,1.84));
#5975=CARTESIAN_POINT('',(0.295,-2.25,1.84));
#5976=CARTESIAN_POINT('',(0.,-2.72,1.84));
#5977=CARTESIAN_POINT('Origin',(0.,-2.25,0.));
#5978=CARTESIAN_POINT('',(0.,-2.25,0.));
#5979=CARTESIAN_POINT('',(0.,-2.25,0.));
#5980=CARTESIAN_POINT('',(1.18,-2.25,0.));
#5981=CARTESIAN_POINT('',(1.18,-2.25,0.));
#5982=CARTESIAN_POINT('',(1.18,-2.25,0.));
#5983=CARTESIAN_POINT('Origin',(0.,-2.25,0.));
#5984=CARTESIAN_POINT('',(1.18,-2.25,0.));
#5985=CARTESIAN_POINT('',(0.,-2.25,0.));
#5986=CARTESIAN_POINT('Origin',(0.,0.,0.));
#5987=CARTESIAN_POINT('',(0.,-2.25,0.));
#5988=CARTESIAN_POINT('Origin',(1.18,-2.25,0.));
#5989=CARTESIAN_POINT('',(1.18,0.,0.));
#5990=CARTESIAN_POINT('Origin',(0.59,-1.125,0.));
#5991=CARTESIAN_POINT('',(0.,0.,0.));
#5992=CARTESIAN_POINT('Origin',(0.5877139383491,0.489998133542468,3.03));
#5993=CARTESIAN_POINT('',(0.6377139383491,0.489998133542468,3.03));
#5994=CARTESIAN_POINT('Origin',(0.5877139383491,0.489998133542468,3.03));
#5995=CARTESIAN_POINT('',(0.6377139383491,0.489998133542468,2.87));
#5996=CARTESIAN_POINT('',(0.6377139383491,0.489998133542468,3.03));
#5997=CARTESIAN_POINT('Origin',(0.5877139383491,0.489998133542468,2.87));
#5998=CARTESIAN_POINT('Origin',(0.5877139383491,-1.98999813354247,3.03));
#5999=CARTESIAN_POINT('',(0.6377139383491,-1.98999813354247,3.03));
#6000=CARTESIAN_POINT('Origin',(0.5877139383491,-1.98999813354247,3.03));
#6001=CARTESIAN_POINT('',(0.6377139383491,-1.98999813354247,2.87));
#6002=CARTESIAN_POINT('',(0.6377139383491,-1.98999813354247,3.03));
#6003=CARTESIAN_POINT('Origin',(0.5877139383491,-1.98999813354247,2.87));
#6004=CARTESIAN_POINT('Origin',(0.5877139383491,-1.34999813354247,3.03));
#6005=CARTESIAN_POINT('',(0.6377139383491,-1.34999813354247,3.03));
#6006=CARTESIAN_POINT('Origin',(0.5877139383491,-1.34999813354247,3.03));
#6007=CARTESIAN_POINT('',(0.6377139383491,-1.34999813354247,2.87));
#6008=CARTESIAN_POINT('',(0.6377139383491,-1.34999813354247,3.03));
#6009=CARTESIAN_POINT('Origin',(0.5877139383491,-1.34999813354247,2.87));
#6010=CARTESIAN_POINT('Origin',(0.5877139383491,-1.50999813354247,3.03));
#6011=CARTESIAN_POINT('',(0.6377139383491,-1.50999813354247,3.03));
#6012=CARTESIAN_POINT('Origin',(0.5877139383491,-1.50999813354247,3.03));
#6013=CARTESIAN_POINT('',(0.6377139383491,-1.50999813354247,2.87));
#6014=CARTESIAN_POINT('',(0.6377139383491,-1.50999813354247,3.03));
#6015=CARTESIAN_POINT('Origin',(0.5877139383491,-1.50999813354247,2.87));
#6016=CARTESIAN_POINT('Origin',(0.5877139383491,0.00999813354246792,3.03));
#6017=CARTESIAN_POINT('',(0.6377139383491,0.00999813354246793,3.03));
#6018=CARTESIAN_POINT('Origin',(0.5877139383491,0.00999813354246792,3.03));
#6019=CARTESIAN_POINT('',(0.6377139383491,0.00999813354246793,2.87));
#6020=CARTESIAN_POINT('',(0.6377139383491,0.00999813354246792,3.03));
#6021=CARTESIAN_POINT('Origin',(0.5877139383491,0.00999813354246792,2.87));
#6022=CARTESIAN_POINT('Origin',(0.5877139383491,0.649998133542468,3.03));
#6023=CARTESIAN_POINT('',(0.6377139383491,0.649998133542468,3.03));
#6024=CARTESIAN_POINT('Origin',(0.5877139383491,0.649998133542468,3.03));
#6025=CARTESIAN_POINT('',(0.6377139383491,0.649998133542468,2.87));
#6026=CARTESIAN_POINT('',(0.6377139383491,0.649998133542468,3.03));
#6027=CARTESIAN_POINT('Origin',(0.5877139383491,0.649998133542468,2.87));
#6028=CARTESIAN_POINT('Origin',(0.5877139383491,0.329998133542468,3.03));
#6029=CARTESIAN_POINT('',(0.6377139383491,0.329998133542468,3.03));
#6030=CARTESIAN_POINT('Origin',(0.5877139383491,0.329998133542468,3.03));
#6031=CARTESIAN_POINT('',(0.6377139383491,0.329998133542468,2.87));
#6032=CARTESIAN_POINT('',(0.6377139383491,0.329998133542468,3.03));
#6033=CARTESIAN_POINT('Origin',(0.5877139383491,0.329998133542468,2.87));
#6034=CARTESIAN_POINT('Origin',(0.5877139383491,-1.82999813354247,3.03));
#6035=CARTESIAN_POINT('',(0.6377139383491,-1.82999813354247,3.03));
#6036=CARTESIAN_POINT('Origin',(0.5877139383491,-1.82999813354247,3.03));
#6037=CARTESIAN_POINT('',(0.6377139383491,-1.82999813354247,2.87));
#6038=CARTESIAN_POINT('',(0.6377139383491,-1.82999813354247,3.03));
#6039=CARTESIAN_POINT('Origin',(0.5877139383491,-1.82999813354247,2.87));
#6040=CARTESIAN_POINT('Origin',(0.5877139383491,-1.18999813354247,3.03));
#6041=CARTESIAN_POINT('',(0.6377139383491,-1.18999813354247,3.03));
#6042=CARTESIAN_POINT('Origin',(0.5877139383491,-1.18999813354247,3.03));
#6043=CARTESIAN_POINT('',(0.6377139383491,-1.18999813354247,2.87));
#6044=CARTESIAN_POINT('',(0.6377139383491,-1.18999813354247,3.03));
#6045=CARTESIAN_POINT('Origin',(0.5877139383491,-1.18999813354247,2.87));
#6046=CARTESIAN_POINT('Origin',(0.5877139383491,-1.66999813354247,3.03));
#6047=CARTESIAN_POINT('',(0.6377139383491,-1.66999813354247,3.03));
#6048=CARTESIAN_POINT('Origin',(0.5877139383491,-1.66999813354247,3.03));
#6049=CARTESIAN_POINT('',(0.6377139383491,-1.66999813354247,2.87));
#6050=CARTESIAN_POINT('',(0.6377139383491,-1.66999813354247,3.03));
#6051=CARTESIAN_POINT('Origin',(0.5877139383491,-1.66999813354247,2.87));
#6052=CARTESIAN_POINT('Origin',(0.5877139383491,0.169998133542468,3.03));
#6053=CARTESIAN_POINT('',(0.6377139383491,0.169998133542468,3.03));
#6054=CARTESIAN_POINT('Origin',(0.5877139383491,0.169998133542468,3.03));
#6055=CARTESIAN_POINT('',(0.6377139383491,0.169998133542468,2.87));
#6056=CARTESIAN_POINT('',(0.6377139383491,0.169998133542468,3.03));
#6057=CARTESIAN_POINT('Origin',(0.5877139383491,0.169998133542468,2.87));
#6058=CARTESIAN_POINT('Origin',(0.5877139383491,0.809998133542468,3.03));
#6059=CARTESIAN_POINT('',(0.6377139383491,0.809998133542468,3.03));
#6060=CARTESIAN_POINT('Origin',(0.5877139383491,0.809998133542468,3.03));
#6061=CARTESIAN_POINT('',(0.6377139383491,0.809998133542468,2.87));
#6062=CARTESIAN_POINT('',(0.6377139383491,0.809998133542468,3.03));
#6063=CARTESIAN_POINT('Origin',(0.5877139383491,0.809998133542468,2.87));
#6064=CARTESIAN_POINT('Origin',(0.59,-0.59,2.687));
#6065=CARTESIAN_POINT('',(0.36,-0.59,2.687));
#6066=CARTESIAN_POINT('Origin',(0.59,-0.59,2.687));
#6067=CARTESIAN_POINT('',(0.36,-0.59,2.837));
#6068=CARTESIAN_POINT('',(0.36,-0.59,2.687));
#6069=CARTESIAN_POINT('Origin',(0.59,-0.59,2.837));
#6070=CARTESIAN_POINT('Origin',(0.59,-0.59,2.837));
#6071=CARTESIAN_POINT('',(0.69,-0.59,2.837));
#6072=CARTESIAN_POINT('Origin',(0.59,-0.59,2.837));
#6073=CARTESIAN_POINT('Origin',(0.59,-0.59,2.95));
#6074=CARTESIAN_POINT('',(0.69,-0.59,2.95));
#6075=CARTESIAN_POINT('Origin',(0.59,-0.59,2.95));
#6076=CARTESIAN_POINT('',(0.69,-0.59,2.95));
#6077=CARTESIAN_POINT('Origin',(0.59,-0.59,3.03));
#6078=CARTESIAN_POINT('',(0.84,-0.59,3.03));
#6079=CARTESIAN_POINT('Origin',(0.59,-0.59,3.03));
#6080=CARTESIAN_POINT('',(0.84,-0.59,2.95));
#6081=CARTESIAN_POINT('',(0.84,-0.59,3.03));
#6082=CARTESIAN_POINT('Origin',(0.59,-0.59,2.95));
#6083=CARTESIAN_POINT('Origin',(0.59,-0.59,2.95));
#6084=CARTESIAN_POINT('Origin',(0.590000000000006,-0.59,2.687));
#6085=CARTESIAN_POINT('',(0.948,-0.59,2.687));
#6086=CARTESIAN_POINT('Origin',(0.590000000000006,-0.59,2.687));
#6087=CARTESIAN_POINT('Origin',(0.59,-0.589999068396955,2.87));
#6088=CARTESIAN_POINT('',(0.234221682012923,-0.629821959397875,2.87));
#6089=CARTESIAN_POINT('',(0.945646370240933,-0.630983647158948,2.87));
#6090=CARTESIAN_POINT('Origin',(0.590000000000006,-0.59,2.87));
#6091=CARTESIAN_POINT('',(0.786399061388728,-2.01289402581004,2.87));
#6092=CARTESIAN_POINT('',(0.945646370240933,-0.630983647158948,2.87));
#6093=CARTESIAN_POINT('',(0.388955099656753,-2.01224502190173,2.87));
#6094=CARTESIAN_POINT('Origin',(0.5877139383491,-1.98999813354247,2.87));
#6095=CARTESIAN_POINT('',(0.388955099656753,-2.01224502190173,2.87));
#6096=CARTESIAN_POINT('Origin',(0.59,-0.589999068396955,2.87));
#6097=CARTESIAN_POINT('',(0.945710063876471,-0.549572899473284,2.87));
#6098=CARTESIAN_POINT('',(0.234284428839476,-0.549621386428681,2.87));
#6099=CARTESIAN_POINT('Origin',(0.590000000000006,-0.59,2.87));
#6100=CARTESIAN_POINT('',(0.391180798884573,0.832557865095862,2.87));
#6101=CARTESIAN_POINT('',(0.391180798884573,0.832557865095862,2.87));
#6102=CARTESIAN_POINT('',(0.788625289585668,0.832584969109851,2.87));
#6103=CARTESIAN_POINT('Origin',(0.589904583509428,0.809999996748557,2.87));
#6104=CARTESIAN_POINT('',(0.945710063876471,-0.549572899473284,2.87));
#6105=CARTESIAN_POINT('Origin',(0.786399061388728,-2.01289402581004,2.87));
#6106=CARTESIAN_POINT('',(0.945646370240933,-0.630983647158948,3.03));
#6107=CARTESIAN_POINT('',(0.945646370240933,-0.630983647158948,2.87));
#6108=CARTESIAN_POINT('',(0.786399061388728,-2.01289402581004,3.03));
#6109=CARTESIAN_POINT('',(0.945646370240933,-0.630983647158948,3.03));
#6110=CARTESIAN_POINT('',(0.786399061388728,-2.01289402581004,2.87));
#6111=CARTESIAN_POINT('Origin',(0.5877139383491,-1.98999813354247,2.87));
#6112=CARTESIAN_POINT('',(0.388955099656753,-2.01224502190173,3.03));
#6113=CARTESIAN_POINT('Origin',(0.5877139383491,-1.98999813354247,3.03));
#6114=CARTESIAN_POINT('',(0.388955099656753,-2.01224502190173,2.87));
#6115=CARTESIAN_POINT('Origin',(0.234221682012923,-0.629821959397875,2.87));
#6116=CARTESIAN_POINT('',(0.234221682012922,-0.629821959397875,3.03));
#6117=CARTESIAN_POINT('',(0.388955099656753,-2.01224502190173,3.03));
#6118=CARTESIAN_POINT('',(0.234221682012923,-0.629821959397875,2.87));
#6119=CARTESIAN_POINT('Origin',(0.391180798884573,0.832557865095862,2.87));
#6120=CARTESIAN_POINT('',(0.234284428839476,-0.549621386428681,3.03));
#6121=CARTESIAN_POINT('',(0.234284428839476,-0.549621386428681,2.87));
#6122=CARTESIAN_POINT('',(0.391180798884573,0.832557865095862,3.03));
#6123=CARTESIAN_POINT('',(0.391180798884573,0.832557865095862,3.03));
#6124=CARTESIAN_POINT('',(0.391180798884573,0.832557865095862,2.87));
#6125=CARTESIAN_POINT('Origin',(0.589904583509428,0.809999996748557,2.87));
#6126=CARTESIAN_POINT('',(0.788625289585668,0.832584969109851,3.03));
#6127=CARTESIAN_POINT('Origin',(0.589904583509428,0.809999996748557,3.03));
#6128=CARTESIAN_POINT('',(0.788625289585668,0.832584969109851,2.87));
#6129=CARTESIAN_POINT('Origin',(0.945710063876471,-0.549572899473284,2.87));
#6130=CARTESIAN_POINT('',(0.945710063876471,-0.549572899473284,3.03));
#6131=CARTESIAN_POINT('',(0.945710063876471,-0.549572899473284,3.03));
#6132=CARTESIAN_POINT('',(0.945710063876471,-0.549572899473284,2.87));
#6133=CARTESIAN_POINT('Origin',(0.59,-0.59,2.87));
#6134=CARTESIAN_POINT('',(0.948,-0.59,3.03));
#6135=CARTESIAN_POINT('Origin',(0.59,-0.59,3.03));
#6136=CARTESIAN_POINT('',(0.948,-0.59,2.87));
#6137=CARTESIAN_POINT('Origin',(0.59,-0.59,3.03));
#6138=CARTESIAN_POINT('Origin',(0.59,-0.59,3.03));
#6139=CARTESIAN_POINT('Origin',(0.59,-0.589999068396955,3.03));
#6140=CARTESIAN_POINT('',(0.,0.,0.));
#6141=CARTESIAN_POINT('',(0.,0.,0.));
#6142=CARTESIAN_POINT('',(0.,0.,0.));
#6143=CARTESIAN_POINT('',(0.,0.,0.));
#6144=CARTESIAN_POINT('',(0.,0.,0.));
#6145=CARTESIAN_POINT('Origin',(4.,0.,11.));
#6146=CARTESIAN_POINT('',(-4.,0.,11.));
#6147=CARTESIAN_POINT('',(4.,0.,11.));
#6148=CARTESIAN_POINT('',(-4.,0.,11.));
#6149=CARTESIAN_POINT('',(-4.,-0.1,11.));
#6150=CARTESIAN_POINT('',(-4.,0.,11.));
#6151=CARTESIAN_POINT('',(4.,-0.1,11.));
#6152=CARTESIAN_POINT('',(-4.,-0.1,11.));
#6153=CARTESIAN_POINT('',(4.,0.,11.));
#6154=CARTESIAN_POINT('Origin',(4.,0.,0.4));
#6155=CARTESIAN_POINT('',(4.,0.,0.4));
#6156=CARTESIAN_POINT('',(4.,0.,11.));
#6157=CARTESIAN_POINT('',(4.,-0.1,0.4));
#6158=CARTESIAN_POINT('',(4.,-0.1,11.));
#6159=CARTESIAN_POINT('',(4.,0.,0.4));
#6160=CARTESIAN_POINT('Origin',(-4.,0.,0.4));
#6161=CARTESIAN_POINT('',(-4.,0.,0.4));
#6162=CARTESIAN_POINT('',(4.,0.,0.4));
#6163=CARTESIAN_POINT('',(-4.,-0.1,0.4));
#6164=CARTESIAN_POINT('',(4.,-0.1,0.4));
#6165=CARTESIAN_POINT('',(-4.,0.,0.4));
#6166=CARTESIAN_POINT('Origin',(-4.,0.,11.));
#6167=CARTESIAN_POINT('',(-4.,0.,0.4));
#6168=CARTESIAN_POINT('',(-4.,-0.1,0.4));
#6169=CARTESIAN_POINT('Origin',(0.,-0.1,5.7));
#6170=CARTESIAN_POINT('',(-2.58643368888215,-0.1,9.98116507417611));
#6171=CARTESIAN_POINT('',(-2.58643368888215,-0.1,1.38116507417611));
#6172=CARTESIAN_POINT('',(-2.58643368888215,-0.1,7.84058253708805));
#6173=CARTESIAN_POINT('',(2.61356631111785,-0.1,9.98116507417611));
#6174=CARTESIAN_POINT('',(1.30678315555892,-0.1,9.98116507417611));
#6175=CARTESIAN_POINT('',(2.61356631111785,-0.1,1.38116507417611));
#6176=CARTESIAN_POINT('',(2.61356631111785,-0.1,3.54058253708805));
#6177=CARTESIAN_POINT('',(-1.29321684444108,-0.1,1.38116507417611));
#6178=CARTESIAN_POINT('Origin',(2.61356631111785,0.,1.38116507417611));
#6179=CARTESIAN_POINT('',(2.61356631111785,-0.2,9.98116507417611));
#6180=CARTESIAN_POINT('',(2.61356631111785,0.,9.98116507417611));
#6181=CARTESIAN_POINT('',(2.61356631111785,-0.2,1.38116507417611));
#6182=CARTESIAN_POINT('',(2.61356631111785,-0.2,9.98116507417611));
#6183=CARTESIAN_POINT('',(2.61356631111785,0.,1.38116507417611));
#6184=CARTESIAN_POINT('Origin',(2.61356631111785,0.,9.98116507417611));
#6185=CARTESIAN_POINT('',(-2.58643368888215,-0.2,9.98116507417611));
#6186=CARTESIAN_POINT('',(-2.58643368888215,0.,9.98116507417611));
#6187=CARTESIAN_POINT('',(-2.58643368888215,-0.2,9.98116507417611));
#6188=CARTESIAN_POINT('Origin',(-2.58643368888215,0.,1.38116507417611));
#6189=CARTESIAN_POINT('',(-2.58643368888215,-0.2,1.38116507417611));
#6190=CARTESIAN_POINT('',(2.61356631111785,-0.2,1.38116507417611));
#6191=CARTESIAN_POINT('',(-2.58643368888215,0.,1.38116507417611));
#6192=CARTESIAN_POINT('Origin',(-2.58643368888215,0.,9.98116507417611));
#6193=CARTESIAN_POINT('',(-2.58643368888215,-0.2,1.38116507417611));
#6194=CARTESIAN_POINT('Origin',(0.0135663111178457,0.,5.68116507417611));
#6195=CARTESIAN_POINT('Origin',(0.0135663111178457,-0.2,5.68116507417611));
#6196=CARTESIAN_POINT('Ctrl Pts',(2.85899310501321,-1.57003229863721,14.5640540377881));
#6197=CARTESIAN_POINT('Ctrl Pts',(3.06999737648511,-1.57003229863721,15.0972034341427));
#6198=CARTESIAN_POINT('Ctrl Pts',(2.48447520504396,-1.57003229863721,15.3289352527668));
#6199=CARTESIAN_POINT('Ctrl Pts',(1.8989530336028,-1.57003229863721,15.5606670713909));
#6200=CARTESIAN_POINT('Ctrl Pts',(1.6879487621309,-1.57003229863721,15.0275176750362));
#6201=CARTESIAN_POINT('Ctrl Pts',(1.476944490659,-1.57003229863721,14.4943682786816));
#6202=CARTESIAN_POINT('Ctrl Pts',(2.06246666210015,-1.57003229863721,14.2626364600575));
#6203=CARTESIAN_POINT('Ctrl Pts',(2.6479888335413,-1.57003229863721,14.0309046414335));
#6204=CARTESIAN_POINT('Ctrl Pts',(2.85899310501321,-1.57003229863721,14.5640540377881));
#6205=CARTESIAN_POINT('Ctrl Pts',(2.85899310501321,-3.49861710419577,14.5640540377881));
#6206=CARTESIAN_POINT('Ctrl Pts',(3.06999737648511,-3.49861710419577,15.0972034341427));
#6207=CARTESIAN_POINT('Ctrl Pts',(2.48447520504396,-3.49861710419577,15.3289352527668));
#6208=CARTESIAN_POINT('Ctrl Pts',(1.8989530336028,-3.49861710419577,15.5606670713909));
#6209=CARTESIAN_POINT('Ctrl Pts',(1.6879487621309,-3.49861710419577,15.0275176750362));
#6210=CARTESIAN_POINT('Ctrl Pts',(1.476944490659,-3.49861710419577,14.4943682786816));
#6211=CARTESIAN_POINT('Ctrl Pts',(2.06246666210015,-3.49861710419577,14.2626364600575));
#6212=CARTESIAN_POINT('Ctrl Pts',(2.6479888335413,-3.49861710419577,14.0309046414335));
#6213=CARTESIAN_POINT('Ctrl Pts',(2.85899310501321,-3.49861710419577,14.5640540377881));
#6214=CARTESIAN_POINT('',(2.88756333167475,-1.92309160301106,14.6646578719339));
#6215=CARTESIAN_POINT('',(2.85899310487952,-2.06431040343559,14.5640540374503));
#6216=CARTESIAN_POINT('Ctrl Pts',(2.88756333167475,-1.92309160301106,14.6646578719339));
#6217=CARTESIAN_POINT('Ctrl Pts',(2.89476840600674,-1.87033459976424,14.7049640703506));
#6218=CARTESIAN_POINT('Ctrl Pts',(2.89769408707464,-1.81783582261847,14.7485283052372));
#6219=CARTESIAN_POINT('Ctrl Pts',(2.89208254472284,-1.72836797872384,14.8335521153649));
#6220=CARTESIAN_POINT('Ctrl Pts',(2.88501909654903,-1.68828369151505,14.8762587255514));
#6221=CARTESIAN_POINT('Ctrl Pts',(2.86070249681142,-1.62852118669035,14.9561632172726));
#6222=CARTESIAN_POINT('Ctrl Pts',(2.84576730715779,-1.60581895900051,14.9932570384699));
#6223=CARTESIAN_POINT('Ctrl Pts',(2.80832740638693,-1.57803911317723,15.0623774140093));
#6224=CARTESIAN_POINT('Ctrl Pts',(2.78817430513707,-1.57100125391878,15.0931212696176));
#6225=CARTESIAN_POINT('Ctrl Pts',(2.7375568160778,-1.57003229863721,15.1567085140978));
#6226=CARTESIAN_POINT('Ctrl Pts',(2.70792730134714,-1.57799985221557,15.1869549246205));
#6227=CARTESIAN_POINT('Ctrl Pts',(2.63002517821126,-1.61365367454048,15.253335789925));
#6228=CARTESIAN_POINT('Ctrl Pts',(2.58077663676724,-1.64838696775022,15.2842245737292));
#6229=CARTESIAN_POINT('Ctrl Pts',(2.48568970797147,-1.72628979789502,15.3306344845268));
#6230=CARTESIAN_POINT('Ctrl Pts',(2.43746309690966,-1.77143639125777,15.347349180532));
#6231=CARTESIAN_POINT('Ctrl Pts',(2.35497339708543,-1.85387989597744,15.3670587369841));
#6232=CARTESIAN_POINT('Ctrl Pts',(2.31910532772575,-1.89157156737647,15.3725627031483));
#6233=CARTESIAN_POINT('Ctrl Pts',(2.25064202952069,-1.96612206331683,15.3777263568318));
#6234=CARTESIAN_POINT('Ctrl Pts',(2.21760614518889,-2.0033128227796,15.3777361274287));
#6235=CARTESIAN_POINT('Ctrl Pts',(2.1459261513055,-2.08632452936838,15.3724431712967));
#6236=CARTESIAN_POINT('Ctrl Pts',(2.10723957039338,-2.13267478302993,15.3660307792959));
#6237=CARTESIAN_POINT('Ctrl Pts',(2.00923864354399,-2.25415686565141,15.3402271370851));
#6238=CARTESIAN_POINT('Ctrl Pts',(1.95102269144004,-2.33039062209436,15.3151937775843));
#6239=CARTESIAN_POINT('Ctrl Pts',(1.81355959524217,-2.52506657902197,15.2263854370628));
#6240=CARTESIAN_POINT('Ctrl Pts',(1.74641713651742,-2.63563192174244,15.1517099128467));
#6241=CARTESIAN_POINT('Ctrl Pts',(1.67343090825673,-2.80194343680095,15.0007132282889));
#6242=CARTESIAN_POINT('Ctrl Pts',(1.65392137791827,-2.86689846253131,14.9292921401591));
#6243=CARTESIAN_POINT('Ctrl Pts',(1.64948920922317,-2.96672515408675,14.7923293002566));
#6244=CARTESIAN_POINT('Ctrl Pts',(1.65693157199404,-3.00470943319383,14.7305706172139));
#6245=CARTESIAN_POINT('Ctrl Pts',(1.69235496452116,-3.06051942780309,14.616295346322));
#6246=CARTESIAN_POINT('Ctrl Pts',(1.71609373366096,-3.08031304675689,14.5650487438442));
#6247=CARTESIAN_POINT('Ctrl Pts',(1.7775791404283,-3.10468240594337,14.4712082205935));
#6248=CARTESIAN_POINT('Ctrl Pts',(1.81315592699199,-3.1100929852585,14.4294703177125));
#6249=CARTESIAN_POINT('Ctrl Pts',(1.90295170284624,-3.1067225053285,14.3477889512477));
#6250=CARTESIAN_POINT('Ctrl Pts',(1.95736121952019,-3.09512986627506,14.3115349578933));
#6251=CARTESIAN_POINT('Ctrl Pts',(2.06130315069166,-3.05791017053901,14.2610030863694));
#6252=CARTESIAN_POINT('Ctrl Pts',(2.10886893895909,-3.0356264033215,14.2443788629921));
#6253=CARTESIAN_POINT('Ctrl Pts',(2.19186664469075,-2.98846668275991,14.2245292140855));
#6254=CARTESIAN_POINT('Ctrl Pts',(2.22739891450325,-2.96550831432198,14.2190972093219));
#6255=CARTESIAN_POINT('Ctrl Pts',(2.29756619431752,-2.91495175179519,14.2136948872463));
#6256=CARTESIAN_POINT('Ctrl Pts',(2.33216098565099,-2.88724513622536,14.2138677678519));
#6257=CARTESIAN_POINT('Ctrl Pts',(2.41289782018294,-2.81624339739827,14.2202818514126));
#6258=CARTESIAN_POINT('Ctrl Pts',(2.4577740071177,-2.77126485270284,14.2290648367503));
#6259=CARTESIAN_POINT('Ctrl Pts',(2.58666734418675,-2.62618425027459,14.2681805320222));
#6260=CARTESIAN_POINT('Ctrl Pts',(2.66107974144709,-2.51823520532258,14.3117288066854));
#6261=CARTESIAN_POINT('Ctrl Pts',(2.78386223969764,-2.2919856863462,14.4225876358908));
#6262=CARTESIAN_POINT('Ctrl Pts',(2.83004459931852,-2.17402238685334,14.490909175999));
#6263=CARTESIAN_POINT('Ctrl Pts',(2.85899310474584,-2.06431040343559,14.5640540371125));
#6264=CARTESIAN_POINT('Ctrl Pts',(2.85899310474584,-2.06431040343559,14.5640540371125));
#6265=CARTESIAN_POINT('Ctrl Pts',(2.87193689213376,-2.01525472452217,14.5967594053793));
#6266=CARTESIAN_POINT('Ctrl Pts',(2.88144841702284,-1.96786623784204,14.630450179979));
#6267=CARTESIAN_POINT('Ctrl Pts',(2.88756333167475,-1.92309160301106,14.6646578719339));
#6268=CARTESIAN_POINT('',(2.85899310501516,-2.60523803163094,14.564054037793));
#6269=CARTESIAN_POINT('Ctrl Pts',(2.85899310501321,-2.06431040343559,14.5640540377881));
#6270=CARTESIAN_POINT('Ctrl Pts',(2.85899310501321,-2.60523803163094,14.5640540377881));
#6271=CARTESIAN_POINT('',(2.89501380042055,-2.37420655687282,14.7886906897517));
#6272=CARTESIAN_POINT('Ctrl Pts',(2.89501380042055,-2.37420655687282,14.7886906897517));
#6273=CARTESIAN_POINT('Ctrl Pts',(2.89810912683108,-2.42065217637753,14.7329904812103));
#6274=CARTESIAN_POINT('Ctrl Pts',(2.89248694006523,-2.47278343010604,14.6803444925398));
#6275=CARTESIAN_POINT('Ctrl Pts',(2.87492306555951,-2.55197327061942,14.6086085820089));
#6276=CARTESIAN_POINT('Ctrl Pts',(2.86763787514591,-2.57847654907412,14.5858969793835));
#6277=CARTESIAN_POINT('Ctrl Pts',(2.85899310501711,-2.60523803163095,14.564054037798));
#6278=CARTESIAN_POINT('Ctrl Pts',(2.85899310501711,-2.60523803163095,14.564054037798));
#6279=CARTESIAN_POINT('Ctrl Pts',(2.84648466834705,-2.64396020755602,14.5324486801724));
#6280=CARTESIAN_POINT('Ctrl Pts',(2.83112470236011,-2.68322187323314,14.5026626440274));
#6281=CARTESIAN_POINT('Ctrl Pts',(2.7570372146344,-2.84640993513934,14.3866365967499));
#6282=CARTESIAN_POINT('Ctrl Pts',(2.67383999478442,-2.97415261520915,14.3144294459881));
#6283=CARTESIAN_POINT('Ctrl Pts',(2.52391547788002,-3.14177692475755,14.2473571046772));
#6284=CARTESIAN_POINT('Ctrl Pts',(2.47231088636328,-3.1922857224822,14.2316039568162));
#6285=CARTESIAN_POINT('Ctrl Pts',(2.38301831215764,-3.26763142570567,14.2172192848466));
#6286=CARTESIAN_POINT('Ctrl Pts',(2.34760480770755,-3.29488016152029,14.2143342832137));
#6287=CARTESIAN_POINT('Ctrl Pts',(2.27949089379228,-3.34215807909037,14.2145629174316));
#6288=CARTESIAN_POINT('Ctrl Pts',(2.24707171079034,-3.36265261211952,14.2169328552739));
#6289=CARTESIAN_POINT('Ctrl Pts',(2.17544648626131,-3.40336147854159,14.2276091942125));
#6290=CARTESIAN_POINT('Ctrl Pts',(2.13613996606854,-3.42282953054379,14.2368852347129));
#6291=CARTESIAN_POINT('Ctrl Pts',(2.03435636411465,-3.465334802969,14.271043279648));
#6292=CARTESIAN_POINT('Ctrl Pts',(1.97309400496988,-3.48314083550697,14.3015752017728));
#6293=CARTESIAN_POINT('Ctrl Pts',(1.863938816514,-3.49861710419577,14.379399140502));
#6294=CARTESIAN_POINT('Ctrl Pts',(1.81730849293366,-3.49746574494258,14.4238866217302));
#6295=CARTESIAN_POINT('Ctrl Pts',(1.7368997181177,-3.4783183555937,14.5271268893444));
#6296=CARTESIAN_POINT('Ctrl Pts',(1.70562333938523,-3.45968180777531,14.5846082581251));
#6297=CARTESIAN_POINT('Ctrl Pts',(1.65917383898873,-3.40373724709038,14.7141516316026));
#6298=CARTESIAN_POINT('Ctrl Pts',(1.64910557736212,-3.36439465427975,14.7847385094771));
#6299=CARTESIAN_POINT('Ctrl Pts',(1.65426062809593,-3.26417195430959,14.9344135786484));
#6300=CARTESIAN_POINT('Ctrl Pts',(1.67616503399624,-3.19834769929017,15.014645806429));
#6301=CARTESIAN_POINT('Ctrl Pts',(1.76429204483998,-3.03317610059667,15.1749646862213));
#6302=CARTESIAN_POINT('Ctrl Pts',(1.83669808713957,-2.93377492252374,15.2469739194196));
#6303=CARTESIAN_POINT('Ctrl Pts',(1.97502174140505,-2.7729211695527,15.3258479001756));
#6304=CARTESIAN_POINT('Ctrl Pts',(2.02934241936133,-2.71469257096508,15.346907431199));
#6305=CARTESIAN_POINT('Ctrl Pts',(2.12088204465118,-2.62313016336033,15.3683867899518));
#6306=CARTESIAN_POINT('Ctrl Pts',(2.15680748908139,-2.58868664416925,15.3736561760984));
#6307=CARTESIAN_POINT('Ctrl Pts',(2.22364791810663,-2.52738720580092,15.377746855451));
#6308=CARTESIAN_POINT('Ctrl Pts',(2.25450331126209,-2.50012440908061,15.3775136944077));
#6309=CARTESIAN_POINT('Ctrl Pts',(2.31917833037414,-2.44537056376015,15.3724676480678));
#6310=CARTESIAN_POINT('Ctrl Pts',(2.35328123376276,-2.41782840405514,15.3672679366515));
#6311=CARTESIAN_POINT('Ctrl Pts',(2.43468805808718,-2.35596492466979,15.3482596890077));
#6312=CARTESIAN_POINT('Ctrl Pts',(2.48288240402494,-2.32243347640743,15.3317068515296));
#6313=CARTESIAN_POINT('Ctrl Pts',(2.58251319158604,-2.2629058956324,15.2836862747035));
#6314=CARTESIAN_POINT('Ctrl Pts',(2.63443647169624,-2.23767636115111,15.2504918007174));
#6315=CARTESIAN_POINT('Ctrl Pts',(2.72080755851225,-2.21287281292627,15.1751410836765));
#6316=CARTESIAN_POINT('Ctrl Pts',(2.75538324522125,-2.20957272895147,15.1372711129046));
#6317=CARTESIAN_POINT('Ctrl Pts',(2.81545915701869,-2.22094318993616,15.0528236378743));
#6318=CARTESIAN_POINT('Ctrl Pts',(2.83891747995559,-2.23561775627185,15.0087036536941));
#6319=CARTESIAN_POINT('Ctrl Pts',(2.88032267849968,-2.28676627414469,14.9031994982155));
#6320=CARTESIAN_POINT('Ctrl Pts',(2.89195831538036,-2.32835876030573,14.8436739552821));
#6321=CARTESIAN_POINT('Ctrl Pts',(2.89501380042055,-2.37420655687282,14.7886906897517));
#6322=CARTESIAN_POINT('Ctrl Pts',(-2.98428257789553,-1.34821364330653,14.5496882202146));
#6323=CARTESIAN_POINT('Ctrl Pts',(-2.77327830642363,-1.34821364330653,14.01653882386));
#6324=CARTESIAN_POINT('Ctrl Pts',(-2.18775613498247,-1.34821364330653,14.248270642484));
#6325=CARTESIAN_POINT('Ctrl Pts',(-1.60223396354132,-1.34821364330653,14.4800024611081));
#6326=CARTESIAN_POINT('Ctrl Pts',(-1.81323823501322,-1.34821364330653,15.0131518574628));
#6327=CARTESIAN_POINT('Ctrl Pts',(-2.02424250648513,-1.34821364330653,15.5463012538174));
#6328=CARTESIAN_POINT('Ctrl Pts',(-2.60976467792628,-1.34821364330653,15.3145694351933));
#6329=CARTESIAN_POINT('Ctrl Pts',(-3.19528684936743,-1.34821364330653,15.0828376165692));
#6330=CARTESIAN_POINT('Ctrl Pts',(-2.98428257789553,-1.34821364330653,14.5496882202146));
#6331=CARTESIAN_POINT('Ctrl Pts',(-2.98428257789553,-3.4366717685936,14.5496882202146));
#6332=CARTESIAN_POINT('Ctrl Pts',(-2.77327830642363,-3.4366717685936,14.01653882386));
#6333=CARTESIAN_POINT('Ctrl Pts',(-2.18775613498247,-3.4366717685936,14.248270642484));
#6334=CARTESIAN_POINT('Ctrl Pts',(-1.60223396354132,-3.4366717685936,14.4800024611081));
#6335=CARTESIAN_POINT('Ctrl Pts',(-1.81323823501322,-3.4366717685936,15.0131518574628));
#6336=CARTESIAN_POINT('Ctrl Pts',(-2.02424250648513,-3.4366717685936,15.5463012538174));
#6337=CARTESIAN_POINT('Ctrl Pts',(-2.60976467792628,-3.4366717685936,15.3145694351933));
#6338=CARTESIAN_POINT('Ctrl Pts',(-3.19528684936743,-3.4366717685936,15.0828376165692));
#6339=CARTESIAN_POINT('Ctrl Pts',(-2.98428257789553,-3.4366717685936,14.5496882202146));
#6340=CARTESIAN_POINT('',(-1.77778022871361,-2.84413165476447,14.8575033847813));
#6341=CARTESIAN_POINT('',(-2.98428257755454,-1.89358347258623,14.549688219353));
#6342=CARTESIAN_POINT('Ctrl Pts',(-1.77778022871361,-2.84413165476447,14.8575033847813));
#6343=CARTESIAN_POINT('Ctrl Pts',(-1.78305276584113,-2.787569212706,14.930296388185));
#6344=CARTESIAN_POINT('Ctrl Pts',(-1.8027253925661,-2.72396583657427,14.996269415119));
#6345=CARTESIAN_POINT('Ctrl Pts',(-1.87947334999128,-2.54443473156271,15.1504385934257));
#6346=CARTESIAN_POINT('Ctrl Pts',(-1.9557316506911,-2.41573633708257,15.2287852990909));
#6347=CARTESIAN_POINT('Ctrl Pts',(-2.10082742646638,-2.1997758416201,15.3119154977703));
#6348=CARTESIAN_POINT('Ctrl Pts',(-2.15549222550377,-2.12304887123684,15.3327000586348));
#6349=CARTESIAN_POINT('Ctrl Pts',(-2.2495498669683,-1.99567403146641,15.354843809653));
#6350=CARTESIAN_POINT('Ctrl Pts',(-2.28873854888801,-1.94395711508905,15.3601787782762));
#6351=CARTESIAN_POINT('Ctrl Pts',(-2.36335431781451,-1.84776454178662,15.3637008068715));
#6352=CARTESIAN_POINT('Ctrl Pts',(-2.39906076898664,-1.80273183681116,15.3624783759285));
#6353=CARTESIAN_POINT('Ctrl Pts',(-2.47471776971772,-1.70974979988454,15.3539024094865));
#6354=CARTESIAN_POINT('Ctrl Pts',(-2.51533114305522,-1.66131461204774,15.3456151069372));
#6355=CARTESIAN_POINT('Ctrl Pts',(-2.60707184712598,-1.55706594873317,15.3178936913485));
#6356=CARTESIAN_POINT('Ctrl Pts',(-2.66111342954527,-1.49934910598019,15.2947809998163));
#6357=CARTESIAN_POINT('Ctrl Pts',(-2.74892848668274,-1.42033223775093,15.2416235911624));
#6358=CARTESIAN_POINT('Ctrl Pts',(-2.78581019376253,-1.39154226211817,15.2147199295862));
#6359=CARTESIAN_POINT('Ctrl Pts',(-2.84546354872035,-1.35944774521029,15.1598541181158));
#6360=CARTESIAN_POINT('Ctrl Pts',(-2.86896025310298,-1.35127735850092,15.1347856650805));
#6361=CARTESIAN_POINT('Ctrl Pts',(-2.91228321446055,-1.34821364330652,15.0801097032734));
#6362=CARTESIAN_POINT('Ctrl Pts',(-2.93069960097491,-1.35338476664598,15.0523204246458));
#6363=CARTESIAN_POINT('Ctrl Pts',(-2.96751265157631,-1.378238425901,14.9865870471336));
#6364=CARTESIAN_POINT('Ctrl Pts',(-2.98258869416479,-1.40157769375194,14.950382800941));
#6365=CARTESIAN_POINT('Ctrl Pts',(-3.01093782917821,-1.4710676279535,14.8631087228317));
#6366=CARTESIAN_POINT('Ctrl Pts',(-3.01966115836428,-1.52809999249926,14.8095210086375));
#6367=CARTESIAN_POINT('Ctrl Pts',(-3.02274079734025,-1.67799958048512,14.6878666247816));
#6368=CARTESIAN_POINT('Ctrl Pts',(-3.01091507543029,-1.78196035935291,14.6169811699626));
#6369=CARTESIAN_POINT('Ctrl Pts',(-2.98428257721355,-1.89358347258623,14.5496882184914));
#6370=CARTESIAN_POINT('Ctrl Pts',(-2.98428257721355,-1.89358347258623,14.5496882184914));
#6371=CARTESIAN_POINT('Ctrl Pts',(-2.96936673644774,-1.95609929702084,14.5120000173832));
#6372=CARTESIAN_POINT('Ctrl Pts',(-2.94982004150801,-2.02103427723727,14.4754593315497));
#6373=CARTESIAN_POINT('Ctrl Pts',(-2.86602088538564,-2.24844599301214,14.3562846165964));
#6374=CARTESIAN_POINT('Ctrl Pts',(-2.77964449416597,-2.41009406688907,14.28634339418));
#6375=CARTESIAN_POINT('Ctrl Pts',(-2.6236361818249,-2.61836359187288,14.2247201656971));
#6376=CARTESIAN_POINT('Ctrl Pts',(-2.57101399324926,-2.6794932539787,14.211097614434));
#6377=CARTESIAN_POINT('Ctrl Pts',(-2.47892085155021,-2.77149285102082,14.2003028807493));
#6378=CARTESIAN_POINT('Ctrl Pts',(-2.44153855742414,-2.80531715500129,14.1989956447421));
#6379=CARTESIAN_POINT('Ctrl Pts',(-2.36844240835842,-2.86470968638376,14.2028766134898));
#6380=CARTESIAN_POINT('Ctrl Pts',(-2.33286645942029,-2.89075579365536,14.2074961187277));
#6381=CARTESIAN_POINT('Ctrl Pts',(-2.25259588010609,-2.94304605883644,14.2246939470165));
#6382=CARTESIAN_POINT('Ctrl Pts',(-2.20771949727359,-2.96784714952842,14.2389424173494));
#6383=CARTESIAN_POINT('Ctrl Pts',(-2.10618293422442,-3.01336578962346,14.2836389370179));
#6384=CARTESIAN_POINT('Ctrl Pts',(-2.05109444896781,-3.03012573406208,14.3172484101064));
#6385=CARTESIAN_POINT('Ctrl Pts',(-1.95439967489222,-3.04337391689033,14.3978959761872));
#6386=CARTESIAN_POINT('Ctrl Pts',(-1.91409611891004,-3.04088023655711,14.4422916457431));
#6387=CARTESIAN_POINT('Ctrl Pts',(-1.84450116683122,-3.01920020349817,14.5436253593088));
#6388=CARTESIAN_POINT('Ctrl Pts',(-1.81834858184648,-2.99869259309291,14.599264231122));
#6389=CARTESIAN_POINT('Ctrl Pts',(-1.78071140126542,-2.93932021756707,14.7215628178702));
#6390=CARTESIAN_POINT('Ctrl Pts',(-1.77291261867206,-2.89635014166739,14.7903008320532));
#6391=CARTESIAN_POINT('Ctrl Pts',(-1.77778022871361,-2.84413165476448,14.8575033847813));
#6392=CARTESIAN_POINT('',(-2.98428257789338,-2.47271009659145,14.5496882202092));
#6393=CARTESIAN_POINT('Ctrl Pts',(-2.98428257789553,-1.89358347258623,14.5496882202146));
#6394=CARTESIAN_POINT('Ctrl Pts',(-2.98428257789553,-2.47271009659145,14.5496882202146));
#6395=CARTESIAN_POINT('',(-1.85978939393908,-3.02773833531609,15.1037959691133));
#6396=CARTESIAN_POINT('Ctrl Pts',(-1.85978939393908,-3.02773833531609,15.1037959691133));
#6397=CARTESIAN_POINT('Ctrl Pts',(-1.83618041654575,-3.06992147723187,15.0671005190685));
#6398=CARTESIAN_POINT('Ctrl Pts',(-1.81654454330055,-3.11103301997648,15.0265719510256));
#6399=CARTESIAN_POINT('Ctrl Pts',(-1.78926273959039,-3.18580643682712,14.9427509774821));
#6400=CARTESIAN_POINT('Ctrl Pts',(-1.78059865601644,-3.21999084097804,14.8998690170365));
#6401=CARTESIAN_POINT('Ctrl Pts',(-1.77359170700272,-3.29379870523146,14.7948643044945));
#6402=CARTESIAN_POINT('Ctrl Pts',(-1.77939176597626,-3.33136925692627,14.7315121883096));
#6403=CARTESIAN_POINT('Ctrl Pts',(-1.81271857688677,-3.38690839673593,14.6138102803281));
#6404=CARTESIAN_POINT('Ctrl Pts',(-1.83600421047529,-3.40669913386605,14.5608021259334));
#6405=CARTESIAN_POINT('Ctrl Pts',(-1.89746021669285,-3.43118610331075,14.4636295901283));
#6406=CARTESIAN_POINT('Ctrl Pts',(-1.93345032325071,-3.4366717685936,14.420352091793));
#6407=CARTESIAN_POINT('Ctrl Pts',(-2.02474966905666,-3.43349768876123,14.3358378668487));
#6408=CARTESIAN_POINT('Ctrl Pts',(-2.0803788724861,-3.42205901764885,14.2983605720142));
#6409=CARTESIAN_POINT('Ctrl Pts',(-2.18650925899356,-3.38534897886122,14.2466087442917));
#6410=CARTESIAN_POINT('Ctrl Pts',(-2.23491726363887,-3.36354068441309,14.2297000418457));
#6411=CARTESIAN_POINT('Ctrl Pts',(-2.31824859694513,-3.31810761537477,14.2100029821775));
#6412=CARTESIAN_POINT('Ctrl Pts',(-2.3532325524916,-3.29656415218605,14.2046817157137));
#6413=CARTESIAN_POINT('Ctrl Pts',(-2.42188707734092,-3.24963682834243,14.199411496161));
#6414=CARTESIAN_POINT('Ctrl Pts',(-2.45554475970749,-3.22423934911611,14.1994885760667));
#6415=CARTESIAN_POINT('Ctrl Pts',(-2.53307069079915,-3.16033559380729,14.2053318493213));
#6416=CARTESIAN_POINT('Ctrl Pts',(-2.57597339251705,-3.12050242149724,14.2132447001015));
#6417=CARTESIAN_POINT('Ctrl Pts',(-2.69464375030904,-2.99789360734278,14.2474013995409));
#6418=CARTESIAN_POINT('Ctrl Pts',(-2.76370767423791,-2.90950537552945,14.2839903687581));
#6419=CARTESIAN_POINT('Ctrl Pts',(-2.89615833325812,-2.70197952505493,14.3902073998165));
#6420=CARTESIAN_POINT('Ctrl Pts',(-2.95120080021563,-2.58212840892325,14.4660997237534));
#6421=CARTESIAN_POINT('Ctrl Pts',(-2.98428257789124,-2.47271009659145,14.5496882202037));
#6422=CARTESIAN_POINT('Ctrl Pts',(-2.98428257789124,-2.47271009659145,14.5496882202037));
#6423=CARTESIAN_POINT('Ctrl Pts',(-2.9907327758624,-2.45137600193877,14.5659860853156));
#6424=CARTESIAN_POINT('Ctrl Pts',(-2.9963516930977,-2.43044372179403,14.5825819248929));
#6425=CARTESIAN_POINT('Ctrl Pts',(-3.01982078593975,-2.33006271955717,14.6653427754584));
#6426=CARTESIAN_POINT('Ctrl Pts',(-3.02554684752062,-2.25828378932804,14.7345754487253));
#6427=CARTESIAN_POINT('Ctrl Pts',(-3.01281545915851,-2.16379476189858,14.849335393776));
#6428=CARTESIAN_POINT('Ctrl Pts',(-3.00189839435008,-2.13017638667992,14.8975897577701));
#6429=CARTESIAN_POINT('Ctrl Pts',(-2.96797653116134,-2.08633252980687,14.9852366919888));
#6430=CARTESIAN_POINT('Ctrl Pts',(-2.94879303420463,-2.07276194138359,15.0233006035834));
#6431=CARTESIAN_POINT('Ctrl Pts',(-2.89903320957212,-2.05991150531113,15.0993785113432));
#6432=CARTESIAN_POINT('Ctrl Pts',(-2.86959411178197,-2.06147075217779,15.1351051875137));
#6433=CARTESIAN_POINT('Ctrl Pts',(-2.79274956601286,-2.08220148553,15.210595083881));
#6434=CARTESIAN_POINT('Ctrl Pts',(-2.74488025717993,-2.10630433333515,15.2455813236557));
#6435=CARTESIAN_POINT('Ctrl Pts',(-2.64498691511262,-2.16914388190165,15.3022865431947));
#6436=CARTESIAN_POINT('Ctrl Pts',(-2.59198956526741,-2.20924854235664,15.323530754432));
#6437=CARTESIAN_POINT('Ctrl Pts',(-2.50338153404756,-2.28270365880539,15.3481362293445));
#6438=CARTESIAN_POINT('Ctrl Pts',(-2.46632770398524,-2.31540960257347,15.3550877620173));
#6439=CARTESIAN_POINT('Ctrl Pts',(-2.39736484895742,-2.3791146862199,15.3624322572902));
#6440=CARTESIAN_POINT('Ctrl Pts',(-2.36502440934827,-2.41020202927384,15.363493146823));
#6441=CARTESIAN_POINT('Ctrl Pts',(-2.29681168327921,-2.47803335875922,15.3608387058257));
#6442=CARTESIAN_POINT('Ctrl Pts',(-2.26087473201793,-2.51516584092618,15.3564182471172));
#6443=CARTESIAN_POINT('Ctrl Pts',(-2.1728303839696,-2.60953916024809,15.3379464542156));
#6444=CARTESIAN_POINT('Ctrl Pts',(-2.1214987458326,-2.66770439675362,15.3200626839776));
#6445=CARTESIAN_POINT('Ctrl Pts',(-1.98935070648479,-2.82767911718858,15.2524399346049));
#6446=CARTESIAN_POINT('Ctrl Pts',(-1.91422546217827,-2.930475147944,15.1884059879815));
#6447=CARTESIAN_POINT('Ctrl Pts',(-1.85978939393909,-3.02773833531609,15.1037959691133));
#6448=CARTESIAN_POINT('Ctrl Pts',(-2.74707937474028E-9,0.,16.549916830098));
#6449=CARTESIAN_POINT('Ctrl Pts',(-2.74707937474028E-9,-2.74707937474028E-9,
16.549916830098));
#6450=CARTESIAN_POINT('Ctrl Pts',(0.,-2.74707937474028E-9,16.549916830098));
#6451=CARTESIAN_POINT('Ctrl Pts',(2.74707937474028E-9,-2.74707937474028E-9,
16.549916830098));
#6452=CARTESIAN_POINT('Ctrl Pts',(2.74707937474028E-9,0.,16.549916830098));
#6453=CARTESIAN_POINT('Ctrl Pts',(2.74707937474028E-9,2.74707937474028E-9,
16.549916830098));
#6454=CARTESIAN_POINT('Ctrl Pts',(0.,2.74707937474028E-9,16.549916830098));
#6455=CARTESIAN_POINT('Ctrl Pts',(-2.74707937474028E-9,2.74707937474028E-9,
16.549916830098));
#6456=CARTESIAN_POINT('Ctrl Pts',(-2.74707937474028E-9,0.,16.549916830098));
#6457=CARTESIAN_POINT('Ctrl Pts',(0.508071512044659,0.,16.5377788774821));
#6458=CARTESIAN_POINT('Ctrl Pts',(0.508071512044659,0.508071512044659,16.5377788774821));
#6459=CARTESIAN_POINT('Ctrl Pts',(0.,0.508071512044659,16.5377788774821));
#6460=CARTESIAN_POINT('Ctrl Pts',(-0.508071512044659,0.508071512044659,
16.5377788774821));
#6461=CARTESIAN_POINT('Ctrl Pts',(-0.508071512044659,0.,16.5377788774821));
#6462=CARTESIAN_POINT('Ctrl Pts',(-0.508071512044659,-0.508071512044659,
16.5377788774821));
#6463=CARTESIAN_POINT('Ctrl Pts',(0.,-0.508071512044659,16.5377788774821));
#6464=CARTESIAN_POINT('Ctrl Pts',(0.508071512044659,-0.508071512044659,
16.5377788774821));
#6465=CARTESIAN_POINT('Ctrl Pts',(0.508071512044659,0.,16.5377788774821));
#6466=CARTESIAN_POINT('Ctrl Pts',(0.974121639072042,0.,16.4847132614752));
#6467=CARTESIAN_POINT('Ctrl Pts',(0.974121639072042,0.974121639072042,16.4847132614752));
#6468=CARTESIAN_POINT('Ctrl Pts',(0.,0.974121639072042,16.4847132614752));
#6469=CARTESIAN_POINT('Ctrl Pts',(-0.974121639072042,0.974121639072042,
16.4847132614752));
#6470=CARTESIAN_POINT('Ctrl Pts',(-0.974121639072042,0.,16.4847132614752));
#6471=CARTESIAN_POINT('Ctrl Pts',(-0.974121639072042,-0.974121639072042,
16.4847132614752));
#6472=CARTESIAN_POINT('Ctrl Pts',(0.,-0.974121639072042,16.4847132614752));
#6473=CARTESIAN_POINT('Ctrl Pts',(0.974121639072042,-0.974121639072042,
16.4847132614752));
#6474=CARTESIAN_POINT('Ctrl Pts',(0.974121639072042,0.,16.4847132614752));
#6475=CARTESIAN_POINT('Ctrl Pts',(1.38777867602095,0.,16.3823560658609));
#6476=CARTESIAN_POINT('Ctrl Pts',(1.38777867602095,1.38777867602095,16.3823560658609));
#6477=CARTESIAN_POINT('Ctrl Pts',(0.,1.38777867602095,16.3823560658609));
#6478=CARTESIAN_POINT('Ctrl Pts',(-1.38777867602095,1.38777867602095,16.3823560658609));
#6479=CARTESIAN_POINT('Ctrl Pts',(-1.38777867602095,0.,16.3823560658609));
#6480=CARTESIAN_POINT('Ctrl Pts',(-1.38777867602095,-1.38777867602095,16.3823560658609));
#6481=CARTESIAN_POINT('Ctrl Pts',(0.,-1.38777867602095,16.3823560658609));
#6482=CARTESIAN_POINT('Ctrl Pts',(1.38777867602095,-1.38777867602095,16.3823560658609));
#6483=CARTESIAN_POINT('Ctrl Pts',(1.38777867602095,0.,16.3823560658609));
#6484=CARTESIAN_POINT('Ctrl Pts',(1.71254930798521,0.,16.3019933302214));
#6485=CARTESIAN_POINT('Ctrl Pts',(1.71254930798521,1.71254930798521,16.3019933302214));
#6486=CARTESIAN_POINT('Ctrl Pts',(0.,1.71254930798521,16.3019933302214));
#6487=CARTESIAN_POINT('Ctrl Pts',(-1.71254930798521,1.71254930798521,16.3019933302214));
#6488=CARTESIAN_POINT('Ctrl Pts',(-1.71254930798521,0.,16.3019933302214));
#6489=CARTESIAN_POINT('Ctrl Pts',(-1.71254930798521,-1.71254930798521,16.3019933302214));
#6490=CARTESIAN_POINT('Ctrl Pts',(0.,-1.71254930798521,16.3019933302214));
#6491=CARTESIAN_POINT('Ctrl Pts',(1.71254930798521,-1.71254930798521,16.3019933302214));
#6492=CARTESIAN_POINT('Ctrl Pts',(1.71254930798521,0.,16.3019933302214));
#6493=CARTESIAN_POINT('Ctrl Pts',(2.00229813734221,0.,16.1922591907939));
#6494=CARTESIAN_POINT('Ctrl Pts',(2.00229813734221,2.00229813734221,16.1922591907939));
#6495=CARTESIAN_POINT('Ctrl Pts',(0.,2.00229813734221,16.1922591907939));
#6496=CARTESIAN_POINT('Ctrl Pts',(-2.00229813734221,2.00229813734221,16.1922591907939));
#6497=CARTESIAN_POINT('Ctrl Pts',(-2.00229813734221,0.,16.1922591907939));
#6498=CARTESIAN_POINT('Ctrl Pts',(-2.00229813734221,-2.00229813734221,16.1922591907939));
#6499=CARTESIAN_POINT('Ctrl Pts',(0.,-2.00229813734221,16.1922591907939));
#6500=CARTESIAN_POINT('Ctrl Pts',(2.00229813734221,-2.00229813734221,16.1922591907939));
#6501=CARTESIAN_POINT('Ctrl Pts',(2.00229813734221,0.,16.1922591907939));
#6502=CARTESIAN_POINT('Ctrl Pts',(2.26676702843436,0.,16.0299381866731));
#6503=CARTESIAN_POINT('Ctrl Pts',(2.26676702843436,2.26676702843436,16.0299381866731));
#6504=CARTESIAN_POINT('Ctrl Pts',(0.,2.26676702843436,16.0299381866731));
#6505=CARTESIAN_POINT('Ctrl Pts',(-2.26676702843436,2.26676702843436,16.0299381866731));
#6506=CARTESIAN_POINT('Ctrl Pts',(-2.26676702843436,0.,16.0299381866731));
#6507=CARTESIAN_POINT('Ctrl Pts',(-2.26676702843436,-2.26676702843436,16.0299381866731));
#6508=CARTESIAN_POINT('Ctrl Pts',(0.,-2.26676702843436,16.0299381866731));
#6509=CARTESIAN_POINT('Ctrl Pts',(2.26676702843436,-2.26676702843436,16.0299381866731));
#6510=CARTESIAN_POINT('Ctrl Pts',(2.26676702843436,0.,16.0299381866731));
#6511=CARTESIAN_POINT('Ctrl Pts',(2.50718816564824,0.,15.8823767844859));
#6512=CARTESIAN_POINT('Ctrl Pts',(2.50718816564824,2.50718816564824,15.8823767844859));
#6513=CARTESIAN_POINT('Ctrl Pts',(0.,2.50718816564824,15.8823767844859));
#6514=CARTESIAN_POINT('Ctrl Pts',(-2.50718816564824,2.50718816564824,15.8823767844859));
#6515=CARTESIAN_POINT('Ctrl Pts',(-2.50718816564824,0.,15.8823767844859));
#6516=CARTESIAN_POINT('Ctrl Pts',(-2.50718816564824,-2.50718816564824,15.8823767844859));
#6517=CARTESIAN_POINT('Ctrl Pts',(0.,-2.50718816564824,15.8823767844859));
#6518=CARTESIAN_POINT('Ctrl Pts',(2.50718816564824,-2.50718816564824,15.8823767844859));
#6519=CARTESIAN_POINT('Ctrl Pts',(2.50718816564824,0.,15.8823767844859));
#6520=CARTESIAN_POINT('Ctrl Pts',(2.73218536150203,0.,15.6860553365572));
#6521=CARTESIAN_POINT('Ctrl Pts',(2.73218536150203,2.73218536150203,15.6860553365572));
#6522=CARTESIAN_POINT('Ctrl Pts',(0.,2.73218536150203,15.6860553365572));
#6523=CARTESIAN_POINT('Ctrl Pts',(-2.73218536150203,2.73218536150203,15.6860553365572));
#6524=CARTESIAN_POINT('Ctrl Pts',(-2.73218536150203,0.,15.6860553365572));
#6525=CARTESIAN_POINT('Ctrl Pts',(-2.73218536150203,-2.73218536150203,15.6860553365572));
#6526=CARTESIAN_POINT('Ctrl Pts',(0.,-2.73218536150203,15.6860553365572));
#6527=CARTESIAN_POINT('Ctrl Pts',(2.73218536150203,-2.73218536150203,15.6860553365572));
#6528=CARTESIAN_POINT('Ctrl Pts',(2.73218536150203,0.,15.6860553365572));
#6529=CARTESIAN_POINT('Ctrl Pts',(2.95577461726001,0.,15.4171007794805));
#6530=CARTESIAN_POINT('Ctrl Pts',(2.95577461726001,2.95577461726001,15.4171007794805));
#6531=CARTESIAN_POINT('Ctrl Pts',(0.,2.95577461726001,15.4171007794805));
#6532=CARTESIAN_POINT('Ctrl Pts',(-2.95577461726001,2.95577461726001,15.4171007794805));
#6533=CARTESIAN_POINT('Ctrl Pts',(-2.95577461726001,0.,15.4171007794805));
#6534=CARTESIAN_POINT('Ctrl Pts',(-2.95577461726001,-2.95577461726001,15.4171007794805));
#6535=CARTESIAN_POINT('Ctrl Pts',(0.,-2.95577461726001,15.4171007794805));
#6536=CARTESIAN_POINT('Ctrl Pts',(2.95577461726001,-2.95577461726001,15.4171007794805));
#6537=CARTESIAN_POINT('Ctrl Pts',(2.95577461726001,0.,15.4171007794805));
#6538=CARTESIAN_POINT('Ctrl Pts',(3.4303085877882,0.,14.8462859009722));
#6539=CARTESIAN_POINT('Ctrl Pts',(3.43030858778819,3.43030858778819,14.8462859009722));
#6540=CARTESIAN_POINT('Ctrl Pts',(0.,3.4303085877882,14.8462859009722));
#6541=CARTESIAN_POINT('Ctrl Pts',(-3.43030858778819,3.43030858778819,14.8462859009722));
#6542=CARTESIAN_POINT('Ctrl Pts',(-3.4303085877882,0.,14.8462859009722));
#6543=CARTESIAN_POINT('Ctrl Pts',(-3.43030858778819,-3.43030858778819,14.8462859009722));
#6544=CARTESIAN_POINT('Ctrl Pts',(0.,-3.4303085877882,14.8462859009722));
#6545=CARTESIAN_POINT('Ctrl Pts',(3.43030858778819,-3.43030858778819,14.8462859009722));
#6546=CARTESIAN_POINT('Ctrl Pts',(3.4303085877882,0.,14.8462859009722));
#6547=CARTESIAN_POINT('Ctrl Pts',(3.88788834659381,0.,13.9536078414977));
#6548=CARTESIAN_POINT('Ctrl Pts',(3.88788834659381,3.88788834659381,13.9536078414977));
#6549=CARTESIAN_POINT('Ctrl Pts',(0.,3.88788834659381,13.9536078414977));
#6550=CARTESIAN_POINT('Ctrl Pts',(-3.88788834659381,3.88788834659381,13.9536078414977));
#6551=CARTESIAN_POINT('Ctrl Pts',(-3.88788834659381,0.,13.9536078414977));
#6552=CARTESIAN_POINT('Ctrl Pts',(-3.88788834659381,-3.88788834659381,13.9536078414977));
#6553=CARTESIAN_POINT('Ctrl Pts',(0.,-3.88788834659381,13.9536078414977));
#6554=CARTESIAN_POINT('Ctrl Pts',(3.88788834659381,-3.88788834659381,13.9536078414977));
#6555=CARTESIAN_POINT('Ctrl Pts',(3.88788834659381,0.,13.9536078414977));
#6556=CARTESIAN_POINT('Ctrl Pts',(4.31883166431519,0.,12.7953850477063));
#6557=CARTESIAN_POINT('Ctrl Pts',(4.31883166431519,4.31883166431519,12.7953850477063));
#6558=CARTESIAN_POINT('Ctrl Pts',(0.,4.31883166431519,12.7953850477063));
#6559=CARTESIAN_POINT('Ctrl Pts',(-4.31883166431519,4.31883166431519,12.7953850477063));
#6560=CARTESIAN_POINT('Ctrl Pts',(-4.31883166431519,0.,12.7953850477063));
#6561=CARTESIAN_POINT('Ctrl Pts',(-4.31883166431519,-4.31883166431519,12.7953850477063));
#6562=CARTESIAN_POINT('Ctrl Pts',(0.,-4.31883166431519,12.7953850477063));
#6563=CARTESIAN_POINT('Ctrl Pts',(4.31883166431519,-4.31883166431519,12.7953850477063));
#6564=CARTESIAN_POINT('Ctrl Pts',(4.31883166431519,0.,12.7953850477063));
#6565=CARTESIAN_POINT('',(4.2795584362764,-1.04818950814999E-15,12.900000192225));
#6566=CARTESIAN_POINT('',(2.74707937474028E-9,-3.3642019632794E-25,16.549916830098));
#6567=CARTESIAN_POINT('Ctrl Pts',(4.27955843627605,6.87144152083385E-17,
12.9000001922259));
#6568=CARTESIAN_POINT('Ctrl Pts',(3.86008103152355,6.7062291309766E-17,
14.0074223294794));
#6569=CARTESIAN_POINT('Ctrl Pts',(3.41592003980147,-8.36659108577234E-16,
14.8635938236523));
#6570=CARTESIAN_POINT('Ctrl Pts',(2.95577461726001,-7.23955984805692E-16,
15.4171007794805));
#6571=CARTESIAN_POINT('Ctrl Pts',(2.73218536150203,-6.69192411528144E-16,
15.6860553365572));
#6572=CARTESIAN_POINT('Ctrl Pts',(2.50718816564824,-6.14083992384249E-16,
15.8823767844859));
#6573=CARTESIAN_POINT('Ctrl Pts',(2.26676702843436,-5.5519779715698E-16,
16.0299381866731));
#6574=CARTESIAN_POINT('Ctrl Pts',(2.00229813734221,-4.90421600966969E-16,
16.1922591907939));
#6575=CARTESIAN_POINT('Ctrl Pts',(1.71254930798521,-4.19453605681221E-16,
16.3019933302214));
#6576=CARTESIAN_POINT('Ctrl Pts',(1.38777867602095,-3.39907742702802E-16,
16.3823560658609));
#6577=CARTESIAN_POINT('Ctrl Pts',(0.974121640562246,-2.38590989818945E-16,
16.4847132611065));
#6578=CARTESIAN_POINT('Ctrl Pts',(0.508071515402136,5.97367137519523E-18,
16.5377788770863));
#6579=CARTESIAN_POINT('Ctrl Pts',(2.74381650039457E-9,1.75492598410154E-18,
16.5499168299668));
#6580=CARTESIAN_POINT('Ctrl Pts',(4.2795584362764,1.79878334449768E-12,
12.900000192225));
#6581=CARTESIAN_POINT('Ctrl Pts',(4.27955843627622,0.43191894207613,12.900000192225));
#6582=CARTESIAN_POINT('Ctrl Pts',(4.21416532702217,0.86209551443217,12.900000192225));
#6583=CARTESIAN_POINT('Ctrl Pts',(3.91887099539661,1.80765356539385,12.900000192225));
#6584=CARTESIAN_POINT('Ctrl Pts',(3.65044354948185,2.30204760660771,12.900000192225));
#6585=CARTESIAN_POINT('Ctrl Pts',(2.93918894648777,3.16011544534152,12.900000192225));
#6586=CARTESIAN_POINT('Ctrl Pts',(2.50316177107679,3.51558564664007,12.900000192225));
#6587=CARTESIAN_POINT('Ctrl Pts',(1.51939299691677,4.03938190964437,12.900000192225));
#6588=CARTESIAN_POINT('Ctrl Pts',(0.981056763844112,4.20270019358479,12.900000192225));
#6589=CARTESIAN_POINT('Ctrl Pts',(-0.127916729647325,4.3137916733795,12.900000192225));
#6590=CARTESIAN_POINT('Ctrl Pts',(-0.687951599031072,4.2605027741374,12.900000192225));
#6591=CARTESIAN_POINT('Ctrl Pts',(-1.75607221608939,3.94225464206979,12.900000192225));
#6592=CARTESIAN_POINT('Ctrl Pts',(-2.25394614849418,3.68033803484547,12.900000192225));
#6593=CARTESIAN_POINT('Ctrl Pts',(-3.12127359956674,2.98040473890538,12.900000192225));
#6594=CARTESIAN_POINT('Ctrl Pts',(-3.48243499507228,2.54907979399192,12.900000192225));
#6595=CARTESIAN_POINT('Ctrl Pts',(-4.0190957420529,1.57226928585855,12.900000192225));
#6596=CARTESIAN_POINT('Ctrl Pts',(-4.18946432428415,1.03612256349925,12.900000192225));
#6597=CARTESIAN_POINT('Ctrl Pts',(-4.31509883296592,-0.0712976351506862,
12.900000192225));
#6598=CARTESIAN_POINT('Ctrl Pts',(-4.26916362503734,-0.631983570751592,
12.900000192225));
#6599=CARTESIAN_POINT('Ctrl Pts',(-3.96495939486979,-1.70418845438986,12.900000192225));
#6600=CARTESIAN_POINT('Ctrl Pts',(-3.70959873087534,-2.20545653934282,12.900000192225));
#6601=CARTESIAN_POINT('Ctrl Pts',(-3.02110727718277,-3.08189424068952,12.900000192225));
#6602=CARTESIAN_POINT('Ctrl Pts',(-2.5945588410388,-3.44868463496292,12.900000192225));
#6603=CARTESIAN_POINT('Ctrl Pts',(-1.62487481502399,-3.99811744781749,12.900000192225));
#6604=CARTESIAN_POINT('Ctrl Pts',(-1.09100993296049,-4.17550698924376,12.900000192225));
#6605=CARTESIAN_POINT('Ctrl Pts',(0.0146662625208289,-4.31566289135118,
12.900000192225));
#6606=CARTESIAN_POINT('Ctrl Pts',(0.575906708869748,-4.27708928521731,12.900000192225));
#6607=CARTESIAN_POINT('Ctrl Pts',(1.65201121517416,-3.9869813438215,12.900000192225));
#6608=CARTESIAN_POINT('Ctrl Pts',(2.15658712952711,-3.73822059860035,12.900000192225));
#6609=CARTESIAN_POINT('Ctrl Pts',(2.84993777286316,-3.20811877340624,12.900000192225));
#6610=CARTESIAN_POINT('Ctrl Pts',(3.07862992553039,-2.98934928623313,12.900000192225));
#6611=CARTESIAN_POINT('Ctrl Pts',(3.48374813791507,-2.5055279453734,12.900000192225));
#6612=CARTESIAN_POINT('Ctrl Pts',(3.65893459014684,-2.24195652020746,12.900000192225));
#6613=CARTESIAN_POINT('Ctrl Pts',(3.80355166896397,-1.96153386690772,12.900000192225));
#6614=CARTESIAN_POINT('Ctrl Pts',(4.05897245712023,-1.46625505400025,12.900000192225));
#6615=CARTESIAN_POINT('Ctrl Pts',(4.21521231780267,-0.925822016851301,12.900000192225));
#6616=CARTESIAN_POINT('Ctrl Pts',(4.27421049107441,-0.247191060702083,12.900000192225));
#6617=CARTESIAN_POINT('Ctrl Pts',(4.27955843627645,-0.123524276152716,12.900000192225));
#6618=CARTESIAN_POINT('Ctrl Pts',(4.2795584362764,1.79878334449768E-12,
12.900000192225));
#6619=CARTESIAN_POINT('Origin',(4.60000006854534,0.,12.900000192225));
#6620=CARTESIAN_POINT('',(4.60000006854534,0.,12.900000192225));
#6621=CARTESIAN_POINT('Origin',(0.,0.,12.900000192225));
#6622=CARTESIAN_POINT('Ctrl Pts',(0.,0.,16.8499996233732));
#6623=CARTESIAN_POINT('Ctrl Pts',(0.,0.,16.8499996233732));
#6624=CARTESIAN_POINT('Ctrl Pts',(0.,0.,16.8499996233732));
#6625=CARTESIAN_POINT('Ctrl Pts',(0.,0.,16.8499996233732));
#6626=CARTESIAN_POINT('Ctrl Pts',(0.,0.,16.8499996233732));
#6627=CARTESIAN_POINT('Ctrl Pts',(0.,0.,16.8499996233732));
#6628=CARTESIAN_POINT('Ctrl Pts',(0.,0.,16.8499996233732));
#6629=CARTESIAN_POINT('Ctrl Pts',(0.,0.,16.8499996233732));
#6630=CARTESIAN_POINT('Ctrl Pts',(0.,0.,16.8499996233732));
#6631=CARTESIAN_POINT('Ctrl Pts',(0.126730487024013,0.,16.8470712282866));
#6632=CARTESIAN_POINT('Ctrl Pts',(0.126730487024013,0.126730487024013,16.8470712282866));
#6633=CARTESIAN_POINT('Ctrl Pts',(0.,0.126730487024013,16.8470712282866));
#6634=CARTESIAN_POINT('Ctrl Pts',(-0.126730487024013,0.126730487024013,
16.8470712282866));
#6635=CARTESIAN_POINT('Ctrl Pts',(-0.126730487024013,0.,16.8470712282866));
#6636=CARTESIAN_POINT('Ctrl Pts',(-0.126730487024013,-0.126730487024013,
16.8470712282866));
#6637=CARTESIAN_POINT('Ctrl Pts',(0.,-0.126730487024013,16.8470712282866));
#6638=CARTESIAN_POINT('Ctrl Pts',(0.126730487024013,-0.126730487024013,
16.8470712282866));
#6639=CARTESIAN_POINT('Ctrl Pts',(0.126730487024013,0.,16.8470712282866));
#6640=CARTESIAN_POINT('Ctrl Pts',(0.376280752710658,0.,16.8369217425351));
#6641=CARTESIAN_POINT('Ctrl Pts',(0.376280752710658,0.376280752710658,16.8369217425351));
#6642=CARTESIAN_POINT('Ctrl Pts',(0.,0.376280752710658,16.8369217425351));
#6643=CARTESIAN_POINT('Ctrl Pts',(-0.376280752710658,0.376280752710658,
16.8369217425351));
#6644=CARTESIAN_POINT('Ctrl Pts',(-0.376280752710658,0.,16.8369217425351));
#6645=CARTESIAN_POINT('Ctrl Pts',(-0.376280752710658,-0.376280752710658,
16.8369217425351));
#6646=CARTESIAN_POINT('Ctrl Pts',(0.,-0.376280752710658,16.8369217425351));
#6647=CARTESIAN_POINT('Ctrl Pts',(0.376280752710658,-0.376280752710658,
16.8369217425351));
#6648=CARTESIAN_POINT('Ctrl Pts',(0.376280752710658,0.,16.8369217425351));
#6649=CARTESIAN_POINT('Ctrl Pts',(0.738873974655253,0.,16.8088172415419));
#6650=CARTESIAN_POINT('Ctrl Pts',(0.738873974655253,0.738873974655253,16.8088172415419));
#6651=CARTESIAN_POINT('Ctrl Pts',(0.,0.738873974655253,16.8088172415419));
#6652=CARTESIAN_POINT('Ctrl Pts',(-0.738873974655253,0.738873974655253,
16.8088172415419));
#6653=CARTESIAN_POINT('Ctrl Pts',(-0.738873974655253,0.,16.8088172415419));
#6654=CARTESIAN_POINT('Ctrl Pts',(-0.738873974655253,-0.738873974655253,
16.8088172415419));
#6655=CARTESIAN_POINT('Ctrl Pts',(0.,-0.738873974655253,16.8088172415419));
#6656=CARTESIAN_POINT('Ctrl Pts',(0.738873974655253,-0.738873974655253,
16.8088172415419));
#6657=CARTESIAN_POINT('Ctrl Pts',(0.738873974655253,0.,16.8088172415419));
#6658=CARTESIAN_POINT('Ctrl Pts',(1.19848151164221,0.,16.7451797090424));
#6659=CARTESIAN_POINT('Ctrl Pts',(1.19848151164221,1.19848151164221,16.7451797090424));
#6660=CARTESIAN_POINT('Ctrl Pts',(0.,1.19848151164221,16.7451797090424));
#6661=CARTESIAN_POINT('Ctrl Pts',(-1.19848151164221,1.19848151164221,16.7451797090424));
#6662=CARTESIAN_POINT('Ctrl Pts',(-1.19848151164221,0.,16.7451797090424));
#6663=CARTESIAN_POINT('Ctrl Pts',(-1.19848151164221,-1.19848151164221,16.7451797090424));
#6664=CARTESIAN_POINT('Ctrl Pts',(0.,-1.19848151164221,16.7451797090424));
#6665=CARTESIAN_POINT('Ctrl Pts',(1.19848151164221,-1.19848151164221,16.7451797090424));
#6666=CARTESIAN_POINT('Ctrl Pts',(1.19848151164221,0.,16.7451797090424));
#6667=CARTESIAN_POINT('Ctrl Pts',(1.73160278255915,0.,16.6160113462377));
#6668=CARTESIAN_POINT('Ctrl Pts',(1.73160278255915,1.73160278255915,16.6160113462377));
#6669=CARTESIAN_POINT('Ctrl Pts',(0.,1.73160278255915,16.6160113462377));
#6670=CARTESIAN_POINT('Ctrl Pts',(-1.73160278255915,1.73160278255915,16.6160113462377));
#6671=CARTESIAN_POINT('Ctrl Pts',(-1.73160278255915,0.,16.6160113462377));
#6672=CARTESIAN_POINT('Ctrl Pts',(-1.73160278255915,-1.73160278255915,16.6160113462377));
#6673=CARTESIAN_POINT('Ctrl Pts',(0.,-1.73160278255915,16.6160113462377));
#6674=CARTESIAN_POINT('Ctrl Pts',(1.73160278255915,-1.73160278255915,16.6160113462377));
#6675=CARTESIAN_POINT('Ctrl Pts',(1.73160278255915,0.,16.6160113462377));
#6676=CARTESIAN_POINT('Ctrl Pts',(2.22283920618955,0.,16.4241758945662));
#6677=CARTESIAN_POINT('Ctrl Pts',(2.22283920618955,2.22283920618955,16.4241758945662));
#6678=CARTESIAN_POINT('Ctrl Pts',(0.,2.22283920618955,16.4241758945662));
#6679=CARTESIAN_POINT('Ctrl Pts',(-2.22283920618955,2.22283920618955,16.4241758945662));
#6680=CARTESIAN_POINT('Ctrl Pts',(-2.22283920618955,0.,16.4241758945662));
#6681=CARTESIAN_POINT('Ctrl Pts',(-2.22283920618955,-2.22283920618955,16.4241758945662));
#6682=CARTESIAN_POINT('Ctrl Pts',(0.,-2.22283920618955,16.4241758945662));
#6683=CARTESIAN_POINT('Ctrl Pts',(2.22283920618955,-2.22283920618955,16.4241758945662));
#6684=CARTESIAN_POINT('Ctrl Pts',(2.22283920618955,0.,16.4241758945662));
#6685=CARTESIAN_POINT('Ctrl Pts',(2.67502356328242,0.,16.1466870210559));
#6686=CARTESIAN_POINT('Ctrl Pts',(2.67502356328242,2.67502356328242,16.1466870210559));
#6687=CARTESIAN_POINT('Ctrl Pts',(0.,2.67502356328242,16.1466870210559));
#6688=CARTESIAN_POINT('Ctrl Pts',(-2.67502356328242,2.67502356328242,16.1466870210559));
#6689=CARTESIAN_POINT('Ctrl Pts',(-2.67502356328242,0.,16.1466870210559));
#6690=CARTESIAN_POINT('Ctrl Pts',(-2.67502356328242,-2.67502356328242,16.1466870210559));
#6691=CARTESIAN_POINT('Ctrl Pts',(0.,-2.67502356328242,16.1466870210559));
#6692=CARTESIAN_POINT('Ctrl Pts',(2.67502356328242,-2.67502356328242,16.1466870210559));
#6693=CARTESIAN_POINT('Ctrl Pts',(2.67502356328242,0.,16.1466870210559));
#6694=CARTESIAN_POINT('Ctrl Pts',(3.09790958606149,0.,15.7498533956521));
#6695=CARTESIAN_POINT('Ctrl Pts',(3.09790958606149,3.09790958606149,15.7498533956521));
#6696=CARTESIAN_POINT('Ctrl Pts',(0.,3.09790958606149,15.7498533956521));
#6697=CARTESIAN_POINT('Ctrl Pts',(-3.09790958606149,3.09790958606149,15.7498533956521));
#6698=CARTESIAN_POINT('Ctrl Pts',(-3.09790958606149,0.,15.7498533956521));
#6699=CARTESIAN_POINT('Ctrl Pts',(-3.09790958606149,-3.09790958606149,15.7498533956521));
#6700=CARTESIAN_POINT('Ctrl Pts',(0.,-3.09790958606149,15.7498533956521));
#6701=CARTESIAN_POINT('Ctrl Pts',(3.09790958606149,-3.09790958606149,15.7498533956521));
#6702=CARTESIAN_POINT('Ctrl Pts',(3.09790958606149,0.,15.7498533956521));
#6703=CARTESIAN_POINT('Ctrl Pts',(3.49811472438585,0.,15.226160934601));
#6704=CARTESIAN_POINT('Ctrl Pts',(3.49811472438584,3.49811472438584,15.226160934601));
#6705=CARTESIAN_POINT('Ctrl Pts',(0.,3.49811472438585,15.226160934601));
#6706=CARTESIAN_POINT('Ctrl Pts',(-3.49811472438584,3.49811472438584,15.226160934601));
#6707=CARTESIAN_POINT('Ctrl Pts',(-3.49811472438585,0.,15.226160934601));
#6708=CARTESIAN_POINT('Ctrl Pts',(-3.49811472438584,-3.49811472438584,15.226160934601));
#6709=CARTESIAN_POINT('Ctrl Pts',(0.,-3.49811472438585,15.226160934601));
#6710=CARTESIAN_POINT('Ctrl Pts',(3.49811472438584,-3.49811472438584,15.226160934601));
#6711=CARTESIAN_POINT('Ctrl Pts',(3.49811472438585,0.,15.226160934601));
#6712=CARTESIAN_POINT('Ctrl Pts',(3.88065670573206,0.,14.5768131750829));
#6713=CARTESIAN_POINT('Ctrl Pts',(3.88065670573206,3.88065670573206,14.5768131750829));
#6714=CARTESIAN_POINT('Ctrl Pts',(0.,3.88065670573206,14.5768131750829));
#6715=CARTESIAN_POINT('Ctrl Pts',(-3.88065670573206,3.88065670573206,14.5768131750829));
#6716=CARTESIAN_POINT('Ctrl Pts',(-3.88065670573206,0.,14.5768131750829));
#6717=CARTESIAN_POINT('Ctrl Pts',(-3.88065670573206,-3.88065670573206,14.5768131750829));
#6718=CARTESIAN_POINT('Ctrl Pts',(0.,-3.88065670573206,14.5768131750829));
#6719=CARTESIAN_POINT('Ctrl Pts',(3.88065670573206,-3.88065670573206,14.5768131750829));
#6720=CARTESIAN_POINT('Ctrl Pts',(3.88065670573206,0.,14.5768131750829));
#6721=CARTESIAN_POINT('Ctrl Pts',(4.17495028823127,0.,13.962221755287));
#6722=CARTESIAN_POINT('Ctrl Pts',(4.17495028823127,4.17495028823127,13.962221755287));
#6723=CARTESIAN_POINT('Ctrl Pts',(0.,4.17495028823127,13.962221755287));
#6724=CARTESIAN_POINT('Ctrl Pts',(-4.17495028823127,4.17495028823127,13.962221755287));
#6725=CARTESIAN_POINT('Ctrl Pts',(-4.17495028823127,0.,13.962221755287));
#6726=CARTESIAN_POINT('Ctrl Pts',(-4.17495028823127,-4.17495028823127,13.962221755287));
#6727=CARTESIAN_POINT('Ctrl Pts',(0.,-4.17495028823127,13.962221755287));
#6728=CARTESIAN_POINT('Ctrl Pts',(4.17495028823127,-4.17495028823127,13.962221755287));
#6729=CARTESIAN_POINT('Ctrl Pts',(4.17495028823127,0.,13.962221755287));
#6730=CARTESIAN_POINT('Ctrl Pts',(4.38974422495639,0.,13.4505178116075));
#6731=CARTESIAN_POINT('Ctrl Pts',(4.38974422495639,4.38974422495639,13.4505178116075));
#6732=CARTESIAN_POINT('Ctrl Pts',(0.,4.38974422495639,13.4505178116075));
#6733=CARTESIAN_POINT('Ctrl Pts',(-4.38974422495639,4.38974422495639,13.4505178116075));
#6734=CARTESIAN_POINT('Ctrl Pts',(-4.38974422495639,0.,13.4505178116075));
#6735=CARTESIAN_POINT('Ctrl Pts',(-4.38974422495639,-4.38974422495639,13.4505178116075));
#6736=CARTESIAN_POINT('Ctrl Pts',(0.,-4.38974422495639,13.4505178116075));
#6737=CARTESIAN_POINT('Ctrl Pts',(4.38974422495639,-4.38974422495639,13.4505178116075));
#6738=CARTESIAN_POINT('Ctrl Pts',(4.38974422495639,0.,13.4505178116075));
#6739=CARTESIAN_POINT('Ctrl Pts',(4.53034692083124,0.,13.0872031491437));
#6740=CARTESIAN_POINT('Ctrl Pts',(4.53034692083124,4.53034692083124,13.0872031491437));
#6741=CARTESIAN_POINT('Ctrl Pts',(0.,4.53034692083124,13.0872031491437));
#6742=CARTESIAN_POINT('Ctrl Pts',(-4.53034692083124,4.53034692083124,13.0872031491437));
#6743=CARTESIAN_POINT('Ctrl Pts',(-4.53034692083124,0.,13.0872031491437));
#6744=CARTESIAN_POINT('Ctrl Pts',(-4.53034692083124,-4.53034692083124,13.0872031491437));
#6745=CARTESIAN_POINT('Ctrl Pts',(0.,-4.53034692083124,13.0872031491437));
#6746=CARTESIAN_POINT('Ctrl Pts',(4.53034692083124,-4.53034692083124,13.0872031491437));
#6747=CARTESIAN_POINT('Ctrl Pts',(4.53034692083124,0.,13.0872031491437));
#6748=CARTESIAN_POINT('Ctrl Pts',(4.60000006854534,0.,12.900000192225));
#6749=CARTESIAN_POINT('Ctrl Pts',(4.60000006854534,4.60000006854534,12.900000192225));
#6750=CARTESIAN_POINT('Ctrl Pts',(0.,4.60000006854534,12.900000192225));
#6751=CARTESIAN_POINT('Ctrl Pts',(-4.60000006854534,4.60000006854534,12.900000192225));
#6752=CARTESIAN_POINT('Ctrl Pts',(-4.60000006854534,0.,12.900000192225));
#6753=CARTESIAN_POINT('Ctrl Pts',(-4.60000006854534,-4.60000006854534,12.900000192225));
#6754=CARTESIAN_POINT('Ctrl Pts',(0.,-4.60000006854534,12.900000192225));
#6755=CARTESIAN_POINT('Ctrl Pts',(4.60000006854534,-4.60000006854534,12.900000192225));
#6756=CARTESIAN_POINT('Ctrl Pts',(4.60000006854534,0.,12.900000192225));
#6757=CARTESIAN_POINT('',(0.,0.,16.8499996233732));
#6758=CARTESIAN_POINT('Ctrl Pts',(4.60000006854534,0.,12.900000192225));
#6759=CARTESIAN_POINT('Ctrl Pts',(4.53034692083124,0.,13.0872031491437));
#6760=CARTESIAN_POINT('Ctrl Pts',(4.38974422495639,0.,13.4505178116075));
#6761=CARTESIAN_POINT('Ctrl Pts',(4.17495028823127,0.,13.962221755287));
#6762=CARTESIAN_POINT('Ctrl Pts',(3.88065670573206,0.,14.5768131750829));
#6763=CARTESIAN_POINT('Ctrl Pts',(3.49811472438585,0.,15.226160934601));
#6764=CARTESIAN_POINT('Ctrl Pts',(3.09790958606149,0.,15.7498533956521));
#6765=CARTESIAN_POINT('Ctrl Pts',(2.67502356328242,0.,16.1466870210559));
#6766=CARTESIAN_POINT('Ctrl Pts',(2.22283920618955,0.,16.4241758945662));
#6767=CARTESIAN_POINT('Ctrl Pts',(1.73160278255915,0.,16.6160113462377));
#6768=CARTESIAN_POINT('Ctrl Pts',(1.19848151164221,0.,16.7451797090424));
#6769=CARTESIAN_POINT('Ctrl Pts',(0.738873974655253,0.,16.8088172415419));
#6770=CARTESIAN_POINT('Ctrl Pts',(0.376280752710658,0.,16.8369217425351));
#6771=CARTESIAN_POINT('Ctrl Pts',(0.126730487024013,0.,16.8470712282866));
#6772=CARTESIAN_POINT('Ctrl Pts',(0.,0.,16.8499996233732));
#6773=CARTESIAN_POINT('Origin',(-2.46859593184086,-0.15515397888991,16.6));
#6774=CARTESIAN_POINT('',(-2.46859593184086,0.155153978889911,16.6));
#6775=CARTESIAN_POINT('',(-2.46859593184086,-0.15515397888991,16.6));
#6776=CARTESIAN_POINT('',(-2.46859593184085,-0.0810410084641641,16.6));
#6777=CARTESIAN_POINT('',(-2.46859593184086,0.155153978889911,16.2));
#6778=CARTESIAN_POINT('',(-2.46859593184086,0.155153978889911,16.6));
#6779=CARTESIAN_POINT('',(-2.46859593184086,-0.15515397888991,16.2));
#6780=CARTESIAN_POINT('',(-2.46859593184086,0.155153978889911,16.2));
#6781=CARTESIAN_POINT('',(-2.46859593184086,-0.15515397888991,16.6));
#6782=CARTESIAN_POINT('Origin',(-2.1390125083251,-0.15515397888991,16.6));
#6783=CARTESIAN_POINT('',(-2.1390125083251,-0.15515397888991,16.6));
#6784=CARTESIAN_POINT('',(-2.23106015152431,-0.15515397888991,16.6));
#6785=CARTESIAN_POINT('',(-2.1390125083251,-0.15515397888991,16.2));
#6786=CARTESIAN_POINT('',(-2.46859593184086,-0.15515397888991,16.2));
#6787=CARTESIAN_POINT('',(-2.1390125083251,-0.15515397888991,16.6));
#6788=CARTESIAN_POINT('Origin',(-2.1390125083251,0.155153978889911,16.6));
#6789=CARTESIAN_POINT('',(-2.1390125083251,0.155153978889911,16.6));
#6790=CARTESIAN_POINT('',(-2.1390125083251,0.0741129704257466,16.6));
#6791=CARTESIAN_POINT('',(-2.1390125083251,0.155153978889911,16.2));
#6792=CARTESIAN_POINT('',(-2.1390125083251,-0.15515397888991,16.2));
#6793=CARTESIAN_POINT('',(-2.1390125083251,0.155153978889911,16.6));
#6794=CARTESIAN_POINT('Origin',(-2.46859593184086,0.155153978889911,16.6));
#6795=CARTESIAN_POINT('',(-2.39585186328218,0.155153978889911,16.6));
#6796=CARTESIAN_POINT('',(-2.1390125083251,0.155153978889911,16.2));
#6797=CARTESIAN_POINT('Origin',(-2.30380422008298,4.44089209850063E-16,
16.2));
#6798=CARTESIAN_POINT('Origin',(-2.32310779472351,-0.00692803803841796,
16.6));
#6799=CARTESIAN_POINT('',(-2.57198967116064,0.,16.6));
#6800=CARTESIAN_POINT('Ctrl Pts',(-2.57198967116064,1.66533453693773E-16,
16.6));
#6801=CARTESIAN_POINT('Ctrl Pts',(-2.54056927942945,-0.0442872729137047,
16.6));
#6802=CARTESIAN_POINT('Ctrl Pts',(-2.50985054766657,-0.0897062699711612,
16.6));
#6803=CARTESIAN_POINT('Ctrl Pts',(-2.47672397771134,-0.142104083740503,
16.6));
#6804=CARTESIAN_POINT('Ctrl Pts',(-2.4726461045282,-0.14861753818926,16.6));
#6805=CARTESIAN_POINT('Ctrl Pts',(-2.46859593184098,-0.15515397888999,16.6));
#6806=CARTESIAN_POINT('Ctrl Pts',(-2.46859593184098,0.15515397888999,16.6));
#6807=CARTESIAN_POINT('Ctrl Pts',(-2.48006799953257,0.136639585561141,16.6));
#6808=CARTESIAN_POINT('Ctrl Pts',(-2.49177614531726,0.118287255501001,16.6));
#6809=CARTESIAN_POINT('Ctrl Pts',(-2.5257292708323,0.0663753960346874,16.6));
#6810=CARTESIAN_POINT('Ctrl Pts',(-2.54864151666999,0.0329093952362324,
16.6));
#6811=CARTESIAN_POINT('Ctrl Pts',(-2.57198967116064,-2.08166817117217E-17,
16.6));
#6812=CARTESIAN_POINT('Origin',(-2.32310779472351,-0.00692803803841796,
16.6));
#6813=CARTESIAN_POINT('',(-2.1838459324207,-0.23,16.6));
#6814=CARTESIAN_POINT('',(-2.08417813159106,-0.0636121214167185,16.6));
#6815=CARTESIAN_POINT('',(-2.42411241118591,-0.23,16.6000146213164));
#6816=CARTESIAN_POINT('',(-2.30941447664055,-0.23,16.6));
#6817=CARTESIAN_POINT('',(-2.42417920021942,-0.229915649495932,16.6));
#6818=CARTESIAN_POINT('',(-2.58820493708382,0.,16.5484210667865));
#6819=CARTESIAN_POINT('Ctrl Pts',(-2.46859593184098,-0.15515397888999,16.6));
#6820=CARTESIAN_POINT('Ctrl Pts',(-2.45333103758818,-0.179789490457519,
16.6));
#6821=CARTESIAN_POINT('Ctrl Pts',(-2.43845966002395,-0.204751540895061,
16.6));
#6822=CARTESIAN_POINT('Ctrl Pts',(-2.42417920021942,-0.229915649495931,
16.6));
#6823=CARTESIAN_POINT('Origin',(-2.32310779472351,-0.00692803803841796,
16.6));
#6824=CARTESIAN_POINT('',(-2.12872492540491,0.137979634883199,16.6));
#6825=CARTESIAN_POINT('',(-2.08112402469702,0.058513520235236,16.6));
#6826=CARTESIAN_POINT('',(-2.04606209543619,0.109891825432473,16.6));
#6827=CARTESIAN_POINT('',(-2.11118829554669,0.132020904483511,16.6));
#6828=CARTESIAN_POINT('',(-2.00635704867072,0.,16.6));
#6829=CARTESIAN_POINT('',(-2.02490277436895,0.0513290832519099,16.6));
#6830=CARTESIAN_POINT('',(-2.04606209543619,-0.109891825432473,16.6));
#6831=CARTESIAN_POINT('',(-2.02711690218154,-0.0574571341393458,16.6));
#6832=CARTESIAN_POINT('',(-2.12872492540491,-0.137979634883199,16.6));
#6833=CARTESIAN_POINT('',(-2.1132986993245,-0.132737993641936,16.6));
#6834=CARTESIAN_POINT('',(-2.08417813159106,-0.0636121214167185,16.6));
#6835=CARTESIAN_POINT('Origin',(-2.32310779472351,-0.00692803803841796,
16.6));
#6836=CARTESIAN_POINT('',(-2.42417920021942,0.229915649495932,16.6));
#6837=CARTESIAN_POINT('Ctrl Pts',(-2.42417920021942,0.229915649495932,16.6));
#6838=CARTESIAN_POINT('Ctrl Pts',(-2.43843929134577,0.204787433270851,16.6));
#6839=CARTESIAN_POINT('Ctrl Pts',(-2.45330793704602,0.17982677166394,16.6));
#6840=CARTESIAN_POINT('Ctrl Pts',(-2.46859593184098,0.15515397888999,16.6));
#6841=CARTESIAN_POINT('',(-2.42408993768107,0.23,16.6));
#6842=CARTESIAN_POINT('Ctrl Pts',(-2.42408993768107,0.23,16.6));
#6843=CARTESIAN_POINT('Ctrl Pts',(-2.42411969031162,0.229971881526277,16.6));
#6844=CARTESIAN_POINT('Ctrl Pts',(-2.42414944449125,0.229943764691625,16.6));
#6845=CARTESIAN_POINT('Ctrl Pts',(-2.42417920021942,0.229915649495932,16.6));
#6846=CARTESIAN_POINT('',(-2.1838459324207,0.23,16.6));
#6847=CARTESIAN_POINT('',(-2.30941447664055,0.23,16.6));
#6848=CARTESIAN_POINT('',(-2.08112402469702,0.058513520235236,16.6));
#6849=CARTESIAN_POINT('Origin',(-2.04607391209084,0.,16.6382249155211));
#6850=CARTESIAN_POINT('',(-2.1838459324207,0.23,16.7136200835469));
#6851=CARTESIAN_POINT('',(-2.1838459324207,0.23,16.5745073199694));
#6852=CARTESIAN_POINT('',(-2.04607391209084,0.,16.7564422212003));
#6853=CARTESIAN_POINT('',(-2.04607391209084,0.,16.7564422212003));
#6854=CARTESIAN_POINT('',(-2.04607391209084,0.,16.6382249155211));
#6855=CARTESIAN_POINT('',(-2.04607391209084,0.,16.7564422212003));
#6856=CARTESIAN_POINT('',(-2.04607391209084,0.,16.6382249155211));
#6857=CARTESIAN_POINT('Origin',(-2.29572115855758,0.23,16.6800887293798));
#6858=CARTESIAN_POINT('',(-2.3543057552465,0.23,16.7073245014863));
#6859=CARTESIAN_POINT('',(-2.3543057552465,0.23,16.7073245014863));
#6860=CARTESIAN_POINT('',(-2.4687976788838,0.23,16.7621100975685));
#6861=CARTESIAN_POINT('',(-2.4687976788838,0.23,16.7621100975685));
#6862=CARTESIAN_POINT('',(-2.39117821481906,0.23,16.842776494945));
#6863=CARTESIAN_POINT('',(-2.39117821481906,0.23,16.842776494945));
#6864=CARTESIAN_POINT('',(-2.42295564331943,0.23,16.9380506933622));
#6865=CARTESIAN_POINT('',(-2.42295564331943,0.23,16.9380506933622));
#6866=CARTESIAN_POINT('',(-2.36910851688311,0.23,16.9643285132668));
#6867=CARTESIAN_POINT('',(-2.42295564331943,0.23,16.9380506933622));
#6868=CARTESIAN_POINT('',(-2.31680092113484,0.23,16.9836537322285));
#6869=CARTESIAN_POINT('Ctrl Pts',(-2.36910851688311,0.23,16.9643285132668));
#6870=CARTESIAN_POINT('Ctrl Pts',(-2.35167265163369,0.23,16.9707702529207));
#6871=CARTESIAN_POINT('Ctrl Pts',(-2.33423678638427,0.23,16.9772119925746));
#6872=CARTESIAN_POINT('Ctrl Pts',(-2.31680092113484,0.23,16.9836537322285));
#6873=CARTESIAN_POINT('',(-2.17378203785116,0.23,16.8886370424874));
#6874=CARTESIAN_POINT('',(-2.17378203785116,0.23,16.8886370424874));
#6875=CARTESIAN_POINT('',(-2.28750332393512,0.23,16.7626349600968));
#6876=CARTESIAN_POINT('',(-2.28750332393512,0.23,16.7626349600968));
#6877=CARTESIAN_POINT('',(-2.1838459324207,0.23,16.7136200835469));
#6878=CARTESIAN_POINT('Ctrl Pts',(-2.55000003799796,0.,16.66994654455));
#6879=CARTESIAN_POINT('Ctrl Pts',(-2.48476861041414,0.0766666666666667,
16.6824058635288));
#6880=CARTESIAN_POINT('Ctrl Pts',(-2.41953718283032,0.153333333333333,16.6948651825076));
#6881=CARTESIAN_POINT('Ctrl Pts',(-2.3543057552465,0.23,16.7073245014863));
#6882=CARTESIAN_POINT('Ctrl Pts',(-2.56273500435991,0.,16.6294380519622));
#6883=CARTESIAN_POINT('Ctrl Pts',(-2.5010156177541,0.0766666666666666,16.6434773597569));
#6884=CARTESIAN_POINT('Ctrl Pts',(-2.43929623114828,0.153333333333333,16.6575166675516));
#6885=CARTESIAN_POINT('Ctrl Pts',(-2.37757684454247,0.23,16.6715559753462));
#6886=CARTESIAN_POINT('Ctrl Pts',(-2.57546997072187,0.,16.5889295593744));
#6887=CARTESIAN_POINT('Ctrl Pts',(-2.51726262509406,0.0766666666666667,
16.604548855985));
#6888=CARTESIAN_POINT('Ctrl Pts',(-2.45905527946625,0.153333333333333,16.6201681525955));
#6889=CARTESIAN_POINT('Ctrl Pts',(-2.40084793383844,0.23,16.6357874492061));
#6890=CARTESIAN_POINT('Ctrl Pts',(-2.58820493708382,0.,16.5484210667865));
#6891=CARTESIAN_POINT('Ctrl Pts',(-2.53350963243402,0.0766666666666667,
16.565620352213));
#6892=CARTESIAN_POINT('Ctrl Pts',(-2.47881432778421,0.153333333333333,16.5828196376395));
#6893=CARTESIAN_POINT('Ctrl Pts',(-2.42411902313441,0.23,16.600018923066));
#6894=CARTESIAN_POINT('',(-2.55000003799796,0.,16.66994654455));
#6895=CARTESIAN_POINT('',(-2.55000003799796,0.,16.66994654455));
#6896=CARTESIAN_POINT('',(-2.55000003799796,0.,16.66994654455));
#6897=CARTESIAN_POINT('Ctrl Pts',(-2.55000003799796,0.,16.66994654455));
#6898=CARTESIAN_POINT('Ctrl Pts',(-2.48476861041414,-0.0766666666666667,
16.6824058635288));
#6899=CARTESIAN_POINT('Ctrl Pts',(-2.41953718283032,-0.153333333333333,
16.6948651825076));
#6900=CARTESIAN_POINT('Ctrl Pts',(-2.3543057552465,-0.23,16.7073245014863));
#6901=CARTESIAN_POINT('Ctrl Pts',(-2.56273500435991,0.,16.6294380519622));
#6902=CARTESIAN_POINT('Ctrl Pts',(-2.5010156177541,-0.0766666666666666,
16.6434773597569));
#6903=CARTESIAN_POINT('Ctrl Pts',(-2.43929623114828,-0.153333333333333,
16.6575166675516));
#6904=CARTESIAN_POINT('Ctrl Pts',(-2.37757684454247,-0.23,16.6715559753462));
#6905=CARTESIAN_POINT('Ctrl Pts',(-2.57546997072187,0.,16.5889295593744));
#6906=CARTESIAN_POINT('Ctrl Pts',(-2.51726262509406,-0.0766666666666667,
16.604548855985));
#6907=CARTESIAN_POINT('Ctrl Pts',(-2.45905527946625,-0.153333333333333,
16.6201681525955));
#6908=CARTESIAN_POINT('Ctrl Pts',(-2.40084793383844,-0.23,16.6357874492061));
#6909=CARTESIAN_POINT('Ctrl Pts',(-2.58820493708382,0.,16.5484210667865));
#6910=CARTESIAN_POINT('Ctrl Pts',(-2.53350963243402,-0.0766666666666667,
16.565620352213));
#6911=CARTESIAN_POINT('Ctrl Pts',(-2.47881432778421,-0.153333333333333,
16.5828196376395));
#6912=CARTESIAN_POINT('Ctrl Pts',(-2.42411902313441,-0.23,16.600018923066));
#6913=CARTESIAN_POINT('',(-2.3543057552465,-0.23,16.7073245014863));
#6914=CARTESIAN_POINT('',(-2.3543057552465,-0.23,16.7073245014863));
#6915=CARTESIAN_POINT('',(-2.55000003799796,0.,16.66994654455));
#6916=CARTESIAN_POINT('Ctrl Pts',(-2.33296501860366,0.,16.975639779885));
#6917=CARTESIAN_POINT('Ctrl Pts',(-2.34326541212841,0.0766666666666667,
16.9727221217269));
#6918=CARTESIAN_POINT('Ctrl Pts',(-2.35356580565317,0.153333333333333,16.9698044635689));
#6919=CARTESIAN_POINT('Ctrl Pts',(-2.36386619917792,0.23,16.9668868054108));
#6920=CARTESIAN_POINT('Ctrl Pts',(-2.42197669198345,0.,16.9504266038665));
#6921=CARTESIAN_POINT('Ctrl Pts',(-2.40917202150844,0.0766666666666666,
16.9527093252648));
#6922=CARTESIAN_POINT('Ctrl Pts',(-2.39636735103343,0.153333333333333,16.954992046663));
#6923=CARTESIAN_POINT('Ctrl Pts',(-2.38356268055842,0.23,16.9572747680613));
#6924=CARTESIAN_POINT('Ctrl Pts',(-2.51098836536323,0.,16.9252134278481));
#6925=CARTESIAN_POINT('Ctrl Pts',(-2.47507863088846,0.0766666666666667,
16.9326965288026));
#6926=CARTESIAN_POINT('Ctrl Pts',(-2.43916889641369,0.153333333333333,16.9401796297572));
#6927=CARTESIAN_POINT('Ctrl Pts',(-2.40325916193893,0.23,16.9476627307117));
#6928=CARTESIAN_POINT('Ctrl Pts',(-2.60000003874302,0.,16.9000002518296));
#6929=CARTESIAN_POINT('Ctrl Pts',(-2.54098524026849,0.0766666666666667,
16.9126837323405));
#6930=CARTESIAN_POINT('Ctrl Pts',(-2.48197044179396,0.153333333333333,16.9253672128513));
#6931=CARTESIAN_POINT('Ctrl Pts',(-2.42295564331943,0.23,16.9380506933622));
#6932=CARTESIAN_POINT('',(-2.33296501860366,0.,16.975639779885));
#6933=CARTESIAN_POINT('Ctrl Pts',(-2.33296501860366,0.,16.975639779885));
#6934=CARTESIAN_POINT('Ctrl Pts',(-2.33304936175724,0.000355343179898795,
16.9756158890997));
#6935=CARTESIAN_POINT('Ctrl Pts',(-2.33313358028137,0.00071071786183774,
16.9755920259304));
#6936=CARTESIAN_POINT('Ctrl Pts',(-2.33321767405975,0.00106612385066,16.9755681904059));
#6937=CARTESIAN_POINT('Ctrl Pts',(-2.34215591438813,0.0388418571305885,
16.9730347372755));
#6938=CARTESIAN_POINT('Ctrl Pts',(-2.34967379240126,0.0769245041228988,
16.9708167342195));
#6939=CARTESIAN_POINT('Ctrl Pts',(-2.35569765421994,0.115310369532445,16.9689308099386));
#6940=CARTESIAN_POINT('Ctrl Pts',(-2.3616672771711,0.153350608509789,16.9670618665249));
#6941=CARTESIAN_POINT('Ctrl Pts',(-2.3661527709471,0.191580955677719,16.9655243385938));
#6942=CARTESIAN_POINT('Ctrl Pts',(-2.36910851688311,0.23,16.9643285132668));
#6943=CARTESIAN_POINT('',(-2.60000003874302,0.,16.9000002518296));
#6944=CARTESIAN_POINT('',(-2.60000003874302,0.,16.9000002518296));
#6945=CARTESIAN_POINT('',(-2.60000003874302,0.,16.9000002518296));
#6946=CARTESIAN_POINT('Ctrl Pts',(-2.60000003874302,0.,16.9000002518296));
#6947=CARTESIAN_POINT('Ctrl Pts',(-2.54098524026849,0.0766666666666667,
16.9126837323405));
#6948=CARTESIAN_POINT('Ctrl Pts',(-2.48197044179396,0.153333333333333,16.9253672128513));
#6949=CARTESIAN_POINT('Ctrl Pts',(-2.42295564331943,0.23,16.9380506933622));
#6950=CARTESIAN_POINT('Ctrl Pts',(-2.583333371828,0.,16.8666669179996));
#6951=CARTESIAN_POINT('Ctrl Pts',(-2.52634330360288,0.0766666666666666,
16.8798754877408));
#6952=CARTESIAN_POINT('Ctrl Pts',(-2.46935323537776,0.153333333333333,16.8930840574819));
#6953=CARTESIAN_POINT('Ctrl Pts',(-2.41236316715264,0.23,16.9062926272231));
#6954=CARTESIAN_POINT('Ctrl Pts',(-2.56666670491298,0.,16.8333335841695));
#6955=CARTESIAN_POINT('Ctrl Pts',(-2.51170136693727,0.0766666666666667,
16.847067243141));
#6956=CARTESIAN_POINT('Ctrl Pts',(-2.45673602896156,0.153333333333333,16.8608009021125));
#6957=CARTESIAN_POINT('Ctrl Pts',(-2.40177069098585,0.23,16.874534561084));
#6958=CARTESIAN_POINT('Ctrl Pts',(-2.55000003799796,0.,16.8000002503395));
#6959=CARTESIAN_POINT('Ctrl Pts',(-2.49705943027166,0.0766666666666667,
16.8142589985413));
#6960=CARTESIAN_POINT('Ctrl Pts',(-2.44411882254536,0.153333333333333,16.8285177467431));
#6961=CARTESIAN_POINT('Ctrl Pts',(-2.39117821481906,0.23,16.842776494945));
#6962=CARTESIAN_POINT('',(-2.55000003799796,0.,16.8000002503395));
#6963=CARTESIAN_POINT('',(-2.60000003874302,0.,16.9000002518296));
#6964=CARTESIAN_POINT('',(-2.55000003799796,0.,16.8000002503395));
#6965=CARTESIAN_POINT('Ctrl Pts',(-2.55000003799796,0.,16.8000002503395));
#6966=CARTESIAN_POINT('Ctrl Pts',(-2.49705943027166,0.0766666666666667,
16.8142589985413));
#6967=CARTESIAN_POINT('Ctrl Pts',(-2.44411882254536,0.153333333333333,16.8285177467431));
#6968=CARTESIAN_POINT('Ctrl Pts',(-2.39117821481906,0.23,16.842776494945));
#6969=CARTESIAN_POINT('Ctrl Pts',(-2.57546997072187,0.,16.7646561937137));
#6970=CARTESIAN_POINT('Ctrl Pts',(-2.52266377031701,0.0766666666666666,
16.7817333610823));
#6971=CARTESIAN_POINT('Ctrl Pts',(-2.46985756991216,0.153333333333333,16.7988105284509));
#6972=CARTESIAN_POINT('Ctrl Pts',(-2.41705136950731,0.23,16.8158876958195));
#6973=CARTESIAN_POINT('Ctrl Pts',(-2.60093990344578,0.,16.7293121370879));
#6974=CARTESIAN_POINT('Ctrl Pts',(-2.54826811036237,0.0766666666666667,
16.7492077236233));
#6975=CARTESIAN_POINT('Ctrl Pts',(-2.49559631727896,0.153333333333333,16.7691033101586));
#6976=CARTESIAN_POINT('Ctrl Pts',(-2.44292452419555,0.23,16.788998896694));
#6977=CARTESIAN_POINT('Ctrl Pts',(-2.62640983616968,0.,16.6939680804621));
#6978=CARTESIAN_POINT('Ctrl Pts',(-2.57387245040772,0.0766666666666667,
16.7166820861642));
#6979=CARTESIAN_POINT('Ctrl Pts',(-2.52133506464576,0.153333333333333,16.7393960918664));
#6980=CARTESIAN_POINT('Ctrl Pts',(-2.4687976788838,0.23,16.7621100975685));
#6981=CARTESIAN_POINT('',(-2.62640983616968,0.,16.6939680804621));
#6982=CARTESIAN_POINT('',(-2.55000003799796,0.,16.8000002503395));
#6983=CARTESIAN_POINT('',(-2.62640983616968,0.,16.6939680804621));
#6984=CARTESIAN_POINT('Ctrl Pts',(-2.62640983616968,0.,16.6939680804621));
#6985=CARTESIAN_POINT('Ctrl Pts',(-2.57387245040772,0.0766666666666667,
16.7166820861642));
#6986=CARTESIAN_POINT('Ctrl Pts',(-2.52133506464576,0.153333333333333,16.7393960918664));
#6987=CARTESIAN_POINT('Ctrl Pts',(-2.4687976788838,0.23,16.7621100975685));
#6988=CARTESIAN_POINT('Ctrl Pts',(-2.60093990344578,0.,16.6859609018247));
#6989=CARTESIAN_POINT('Ctrl Pts',(-2.54417117040986,0.0766666666666666,
16.7052566786191));
#6990=CARTESIAN_POINT('Ctrl Pts',(-2.48740243737395,0.153333333333333,16.7245524554134));
#6991=CARTESIAN_POINT('Ctrl Pts',(-2.43063370433803,0.23,16.7438482322078));
#6992=CARTESIAN_POINT('Ctrl Pts',(-2.57546997072187,0.,16.6779537231874));
#6993=CARTESIAN_POINT('Ctrl Pts',(-2.514469890412,0.0766666666666667,16.6938312710739));
#6994=CARTESIAN_POINT('Ctrl Pts',(-2.45346981010213,0.153333333333333,16.7097088189605));
#6995=CARTESIAN_POINT('Ctrl Pts',(-2.39246972979227,0.23,16.7255863668471));
#6996=CARTESIAN_POINT('Ctrl Pts',(-2.55000003799796,0.,16.66994654455));
#6997=CARTESIAN_POINT('Ctrl Pts',(-2.48476861041414,0.0766666666666667,
16.6824058635288));
#6998=CARTESIAN_POINT('Ctrl Pts',(-2.41953718283032,0.153333333333333,16.6948651825076));
#6999=CARTESIAN_POINT('Ctrl Pts',(-2.3543057552465,0.23,16.7073245014863));
#7000=CARTESIAN_POINT('',(-2.62640983616968,0.,16.6939680804621));
#7001=CARTESIAN_POINT('Origin',(-2.02999995462596,0.,16.5499996300787));
#7002=CARTESIAN_POINT('',(-1.99134100624327,0.,16.6317561503458));
#7003=CARTESIAN_POINT('',(-1.99134100624327,0.,16.6317561503458));
#7004=CARTESIAN_POINT('',(-1.99134100624327,0.,16.6317561503458));
#7005=CARTESIAN_POINT('Origin',(-1.99134100624327,0.,16.6317561503458));
#7006=CARTESIAN_POINT('',(-2.04607391209084,0.,16.6382249155211));
#7007=CARTESIAN_POINT('Origin',(-2.04607391209084,0.,16.7564422212003));
#7008=CARTESIAN_POINT('',(-2.13955027384246,0.,16.800642950783));
#7009=CARTESIAN_POINT('',(-2.13955027384246,0.,16.800642950783));
#7010=CARTESIAN_POINT('',(-2.13955027384246,0.,16.800642950783));
#7011=CARTESIAN_POINT('Origin',(-2.13955027384246,0.,16.800642950783));
#7012=CARTESIAN_POINT('',(-2.02823169768765,0.,16.9239828538677));
#7013=CARTESIAN_POINT('',(-2.02823169768765,0.,16.9239828538677));
#7014=CARTESIAN_POINT('',(-2.02823169768765,0.,16.9239828538677));
#7015=CARTESIAN_POINT('Ctrl Pts',(-2.02823169768765,0.,16.9239828538677));
#7016=CARTESIAN_POINT('Ctrl Pts',(-2.07674847774215,0.0766666666666667,
16.9122009167409));
#7017=CARTESIAN_POINT('Ctrl Pts',(-2.12526525779665,0.153333333333333,16.9004189796141));
#7018=CARTESIAN_POINT('Ctrl Pts',(-2.17378203785116,0.23,16.8886370424874));
#7019=CARTESIAN_POINT('Ctrl Pts',(-2.06701724295512,0.,16.9589881649356));
#7020=CARTESIAN_POINT('Ctrl Pts',(-2.11909442062928,0.0766666666666666,
16.9464924414382));
#7021=CARTESIAN_POINT('Ctrl Pts',(-2.17117159830345,0.153333333333333,16.9339967179409));
#7022=CARTESIAN_POINT('Ctrl Pts',(-2.22324877597761,0.23,16.9215009944436));
#7023=CARTESIAN_POINT('Ctrl Pts',(-2.10580278822259,0.,16.9939934760035));
#7024=CARTESIAN_POINT('Ctrl Pts',(-2.16144036351641,0.0766666666666667,
16.9807839661356));
#7025=CARTESIAN_POINT('Ctrl Pts',(-2.21707793881024,0.153333333333333,16.9675744562677));
#7026=CARTESIAN_POINT('Ctrl Pts',(-2.27271551410407,0.23,16.9543649463998));
#7027=CARTESIAN_POINT('Ctrl Pts',(-2.14458833349005,0.,17.0289987870714));
#7028=CARTESIAN_POINT('Ctrl Pts',(-2.20378630640355,0.0766666666666667,
17.0150754908329));
#7029=CARTESIAN_POINT('Ctrl Pts',(-2.26298427931704,0.153333333333333,17.0011521945945));
#7030=CARTESIAN_POINT('Ctrl Pts',(-2.32218225223053,0.23,16.987228898356));
#7031=CARTESIAN_POINT('',(-2.14458833349005,0.,17.0289987870714));
#7032=CARTESIAN_POINT('Ctrl Pts',(-2.31680092113484,0.23,16.9836537322285));
#7033=CARTESIAN_POINT('Ctrl Pts',(-2.29984359156925,0.206186476397585,16.988824605871));
#7034=CARTESIAN_POINT('Ctrl Pts',(-2.28077621641529,0.180284270704577,16.9941122390005));
#7035=CARTESIAN_POINT('Ctrl Pts',(-2.22632896982469,0.107132600288602,17.0087172109251));
#7036=CARTESIAN_POINT('Ctrl Pts',(-2.18066874492057,0.0471734583705306,
17.0201208167576));
#7037=CARTESIAN_POINT('Ctrl Pts',(-2.14458833349005,0.,17.0289987870714));
#7038=CARTESIAN_POINT('',(-2.14458833349005,0.,17.0289987870714));
#7039=CARTESIAN_POINT('Ctrl Pts',(-2.14458833349005,0.,17.0289987870714));
#7040=CARTESIAN_POINT('Ctrl Pts',(-2.20378630640355,0.1,17.0150754908329));
#7041=CARTESIAN_POINT('Ctrl Pts',(-2.26298427931704,0.2,17.0011521945945));
#7042=CARTESIAN_POINT('Ctrl Pts',(-2.32218225223053,0.3,16.987228898356));
#7043=CARTESIAN_POINT('Ctrl Pts',(-2.29639223524104,0.,16.9859992753241));
#7044=CARTESIAN_POINT('Ctrl Pts',(-2.31618595102519,0.0999999999999999,
16.9809449046688));
#7045=CARTESIAN_POINT('Ctrl Pts',(-2.33597966680935,0.2,16.9758905340134));
#7046=CARTESIAN_POINT('Ctrl Pts',(-2.3557733825935,0.3,16.9708361633581));
#7047=CARTESIAN_POINT('Ctrl Pts',(-2.44819613699203,0.,16.9429997635769));
#7048=CARTESIAN_POINT('Ctrl Pts',(-2.42858559564684,0.1,16.9468143185046));
#7049=CARTESIAN_POINT('Ctrl Pts',(-2.40897505430165,0.2,16.9506288734324));
#7050=CARTESIAN_POINT('Ctrl Pts',(-2.38936451295646,0.3,16.9544434283601));
#7051=CARTESIAN_POINT('Ctrl Pts',(-2.60000003874302,0.,16.9000002518296));
#7052=CARTESIAN_POINT('Ctrl Pts',(-2.54098524026849,0.1,16.9126837323405));
#7053=CARTESIAN_POINT('Ctrl Pts',(-2.48197044179396,0.2,16.9253672128513));
#7054=CARTESIAN_POINT('Ctrl Pts',(-2.42295564331943,0.3,16.9380506933622));
#7055=CARTESIAN_POINT('',(-2.60000003874302,0.,16.9000002518296));
#7056=CARTESIAN_POINT('',(-2.42295564331943,0.3,16.9380506933622));
#7057=CARTESIAN_POINT('',(-2.60000003874302,0.,16.9000002518296));
#7058=CARTESIAN_POINT('',(-2.32218225223053,0.3,16.987228898356));
#7059=CARTESIAN_POINT('',(-2.42295564331943,0.3,16.9380506933622));
#7060=CARTESIAN_POINT('',(-2.14458833349005,0.,17.0289987870714));
#7061=CARTESIAN_POINT('Origin',(-2.46100212065447,0.3,17.6555637687642));
#7062=CARTESIAN_POINT('',(-2.45000003650784,0.3,17.0000002533197));
#7063=CARTESIAN_POINT('',(-2.45000003650784,0.3,17.0000002533197));
#7064=CARTESIAN_POINT('',(-2.67999994009733,0.3,17.3099996130913));
#7065=CARTESIAN_POINT('',(-2.67999994009733,0.3,17.3099996130913));
#7066=CARTESIAN_POINT('',(-2.14999995194376,0.3,17.4199996106327));
#7067=CARTESIAN_POINT('Ctrl Pts',(-2.67999994009733,0.3,17.3099996130913));
#7068=CARTESIAN_POINT('Ctrl Pts',(-2.68012906481893,0.3,17.3829346441951));
#7069=CARTESIAN_POINT('Ctrl Pts',(-2.67945324694812,0.3,17.5226465822557));
#7070=CARTESIAN_POINT('Ctrl Pts',(-2.67563741814914,0.3,17.7137407758521));
#7071=CARTESIAN_POINT('Ctrl Pts',(-2.6648523784584,0.3,17.9309720543153));
#7072=CARTESIAN_POINT('Ctrl Pts',(-2.64122867694031,0.3,18.1356442691033));
#7073=CARTESIAN_POINT('Ctrl Pts',(-2.60654639583504,0.3,18.2674094193194));
#7074=CARTESIAN_POINT('Ctrl Pts',(-2.55988769081648,0.3,18.3202163358257));
#7075=CARTESIAN_POINT('Ctrl Pts',(-2.50072371349066,0.3,18.2905784240127));
#7076=CARTESIAN_POINT('Ctrl Pts',(-2.42951416440822,0.3,18.1815264002101));
#7077=CARTESIAN_POINT('Ctrl Pts',(-2.34715348344355,0.3,17.9989571325606));
#7078=CARTESIAN_POINT('Ctrl Pts',(-2.27306855070331,0.3,17.7988645265834));
#7079=CARTESIAN_POINT('Ctrl Pts',(-2.21318632381073,0.3,17.6203238612242));
#7080=CARTESIAN_POINT('Ctrl Pts',(-2.17137676321939,0.3,17.4888490331306));
#7081=CARTESIAN_POINT('Ctrl Pts',(-2.14999995194376,0.3,17.4199996106327));
#7082=CARTESIAN_POINT('',(-2.32218225223053,0.3,16.987228898356));
#7083=CARTESIAN_POINT('Ctrl Pts',(-2.60000003874302,0.,16.9000002518296));
#7084=CARTESIAN_POINT('Ctrl Pts',(-2.54098524026849,0.1,16.9126837323405));
#7085=CARTESIAN_POINT('Ctrl Pts',(-2.48197044179396,0.2,16.9253672128513));
#7086=CARTESIAN_POINT('Ctrl Pts',(-2.42295564331943,0.3,16.9380506933622));
#7087=CARTESIAN_POINT('Ctrl Pts',(-2.61490203537477,0.,16.9149022484614));
#7088=CARTESIAN_POINT('Ctrl Pts',(-2.55392483726615,0.0999999999999999,
16.9295016812014));
#7089=CARTESIAN_POINT('Ctrl Pts',(-2.49294763915753,0.2,16.9441011139414));
#7090=CARTESIAN_POINT('Ctrl Pts',(-2.4319704410489,0.3,16.9587005466813));
#7091=CARTESIAN_POINT('Ctrl Pts',(-2.62980403200653,0.,16.9298042450931));
#7092=CARTESIAN_POINT('Ctrl Pts',(-2.56686443426381,0.1,16.9463196300623));
#7093=CARTESIAN_POINT('Ctrl Pts',(-2.50392483652109,0.2,16.9628350150314));
#7094=CARTESIAN_POINT('Ctrl Pts',(-2.44098523877837,0.3,16.9793504000005));
#7095=CARTESIAN_POINT('Ctrl Pts',(-2.64470602863828,0.,16.9447062417249));
#7096=CARTESIAN_POINT('Ctrl Pts',(-2.57980403126147,0.1,16.9631375789232));
#7097=CARTESIAN_POINT('Ctrl Pts',(-2.51490203388466,0.2,16.9815689161215));
#7098=CARTESIAN_POINT('Ctrl Pts',(-2.45000003650784,0.3,17.0000002533197));
#7099=CARTESIAN_POINT('',(-2.64470602863828,0.,16.9447062417249));
#7100=CARTESIAN_POINT('',(-2.90000004321337,0.,17.2000002563));
#7101=CARTESIAN_POINT('',(-2.64470602863828,0.,16.9447062417249));
#7102=CARTESIAN_POINT('Ctrl Pts',(-2.64470602863828,0.,16.9447062417249));
#7103=CARTESIAN_POINT('Ctrl Pts',(-2.57980403126147,0.1,16.9631375789232));
#7104=CARTESIAN_POINT('Ctrl Pts',(-2.51490203388466,0.2,16.9815689161215));
#7105=CARTESIAN_POINT('Ctrl Pts',(-2.45000003650784,0.3,17.0000002533197));
#7106=CARTESIAN_POINT('Ctrl Pts',(-2.72980403349664,0.,17.0298042465832));
#7107=CARTESIAN_POINT('Ctrl Pts',(-2.66209157934365,0.0999999999999999,
17.05431395547));
#7108=CARTESIAN_POINT('Ctrl Pts',(-2.59437912519066,0.2,17.0788236643568));
#7109=CARTESIAN_POINT('Ctrl Pts',(-2.52666667103767,0.3,17.1033333732436));
#7110=CARTESIAN_POINT('Ctrl Pts',(-2.814902038355,0.,17.1149022514416));
#7111=CARTESIAN_POINT('Ctrl Pts',(-2.74437912742584,0.1,17.1454903320169));
#7112=CARTESIAN_POINT('Ctrl Pts',(-2.67385621649667,0.2,17.1760784125922));
#7113=CARTESIAN_POINT('Ctrl Pts',(-2.6033333055675,0.3,17.2066664931675));
#7114=CARTESIAN_POINT('Ctrl Pts',(-2.90000004321337,0.,17.2000002563));
#7115=CARTESIAN_POINT('Ctrl Pts',(-2.82666667550802,0.1,17.2366667085638));
#7116=CARTESIAN_POINT('Ctrl Pts',(-2.75333330780268,0.2,17.2733331608276));
#7117=CARTESIAN_POINT('Ctrl Pts',(-2.67999994009733,0.3,17.3099996130913));
#7118=CARTESIAN_POINT('',(-2.90000004321337,0.,17.2000002563));
#7119=CARTESIAN_POINT('',(-2.90000004321337,0.,17.2000002563));
#7120=CARTESIAN_POINT('',(-2.90000004321337,0.,17.2000002563));
#7121=CARTESIAN_POINT('Ctrl Pts',(-2.90000004321337,0.,17.2000002563));
#7122=CARTESIAN_POINT('Ctrl Pts',(-2.82666667550802,0.1,17.2366667085638));
#7123=CARTESIAN_POINT('Ctrl Pts',(-2.75333330780268,0.2,17.2733331608276));
#7124=CARTESIAN_POINT('Ctrl Pts',(-2.67999994009733,0.3,17.3099996130913));
#7125=CARTESIAN_POINT('Ctrl Pts',(-2.90612404782117,0.,17.5576805829849));
#7126=CARTESIAN_POINT('Ctrl Pts',(-2.83085702291214,0.1,17.5330392226677));
#7127=CARTESIAN_POINT('Ctrl Pts',(-2.75557440481969,0.2,17.5082958093698));
#7128=CARTESIAN_POINT('Ctrl Pts',(-2.68030737991066,0.3,17.4836544490526));
#7129=CARTESIAN_POINT('Ctrl Pts',(-2.90504156743955,0.,18.1855029389557));
#7130=CARTESIAN_POINT('Ctrl Pts',(-2.82823185163151,0.0999999999999998,
18.0534569870259));
#7131=CARTESIAN_POINT('Ctrl Pts',(-2.75143308530188,0.2,17.9214827158358));
#7132=CARTESIAN_POINT('Ctrl Pts',(-2.67462336949385,0.3,17.789436763906));
#7133=CARTESIAN_POINT('Ctrl Pts',(-2.86138396466165,0.,18.8512095157229));
#7134=CARTESIAN_POINT('Ctrl Pts',(-2.78966969013221,0.1,18.6065402401311));
#7135=CARTESIAN_POINT('Ctrl Pts',(-2.71794680174225,0.2,18.3618145728884));
#7136=CARTESIAN_POINT('Ctrl Pts',(-2.64623252721282,0.3,18.1171452972966));
#7137=CARTESIAN_POINT('Ctrl Pts',(-2.77071428574911,0.,19.2081984664733));
#7138=CARTESIAN_POINT('Ctrl Pts',(-2.71233378968712,0.0999999999999998,
18.9048123157941));
#7139=CARTESIAN_POINT('Ctrl Pts',(-2.65396677723894,0.2,18.6015144325881));
#7140=CARTESIAN_POINT('Ctrl Pts',(-2.59558628117695,0.3,18.2981282819089));
#7141=CARTESIAN_POINT('Ctrl Pts',(-2.5798895814471,0.,19.2249574933116));
#7142=CARTESIAN_POINT('Ctrl Pts',(-2.55153856037367,0.1,18.9234435321038));
#7143=CARTESIAN_POINT('Ctrl Pts',(-2.52317030658331,0.2,18.6218168178429));
#7144=CARTESIAN_POINT('Ctrl Pts',(-2.49481928550987,0.3,18.3203028566351));
#7145=CARTESIAN_POINT('Ctrl Pts',(-2.28471688372246,0.,18.5564869481307));
#7146=CARTESIAN_POINT('Ctrl Pts',(-2.30448430524103,0.0999999999999995,
18.3751974721008));
#7147=CARTESIAN_POINT('Ctrl Pts',(-2.32424680769539,0.2,18.1938757049803));
#7148=CARTESIAN_POINT('Ctrl Pts',(-2.34401422921397,0.3,18.0125862289504));
#7149=CARTESIAN_POINT('Ctrl Pts',(-2.00114759499693,0.,17.646747974951));
#7150=CARTESIAN_POINT('Ctrl Pts',(-2.06772680201555,0.1,17.625781552357));
#7151=CARTESIAN_POINT('Ctrl Pts',(-2.13431791462902,0.2,17.6048932296503));
#7152=CARTESIAN_POINT('Ctrl Pts',(-2.20089712164764,0.3,17.5839268070564));
#7153=CARTESIAN_POINT('Ctrl Pts',(-1.90000002831221,0.,17.3000002577901));
#7154=CARTESIAN_POINT('Ctrl Pts',(-1.98333333618939,0.1,17.3400000420709));
#7155=CARTESIAN_POINT('Ctrl Pts',(-2.06666664406657,0.2,17.3799998263518));
#7156=CARTESIAN_POINT('Ctrl Pts',(-2.14999995194376,0.3,17.4199996106327));
#7157=CARTESIAN_POINT('',(-1.90000002831221,0.,17.3000002577901));
#7158=CARTESIAN_POINT('Ctrl Pts',(-2.90000004321337,0.,17.2000002563));
#7159=CARTESIAN_POINT('Ctrl Pts',(-2.90257212514865,0.,17.3502259935076));
#7160=CARTESIAN_POINT('Ctrl Pts',(-2.90573954954555,0.,17.637696668781));
#7161=CARTESIAN_POINT('Ctrl Pts',(-2.9045606213555,0.,18.0299612931552));
#7162=CARTESIAN_POINT('Ctrl Pts',(-2.89093213826758,0.,18.4738079775536));
#7163=CARTESIAN_POINT('Ctrl Pts',(-2.85244329839258,0.,18.8877378048636));
#7164=CARTESIAN_POINT('Ctrl Pts',(-2.79060280854519,0.,19.1483226507181));
#7165=CARTESIAN_POINT('Ctrl Pts',(-2.7035344099001,0.,19.2432415495689));
#7166=CARTESIAN_POINT('Ctrl Pts',(-2.59026776692326,0.,19.1661225283578));
#7167=CARTESIAN_POINT('Ctrl Pts',(-2.45190387248635,0.,18.9241955572018));
#7168=CARTESIAN_POINT('Ctrl Pts',(-2.2903632050252,0.,18.5300719817868));
#7169=CARTESIAN_POINT('Ctrl Pts',(-2.14412390248974,0.,18.103093535063));
#7170=CARTESIAN_POINT('Ctrl Pts',(-2.02548810769048,0.,17.7240455946544));
#7171=CARTESIAN_POINT('Ctrl Pts',(-1.94248200631979,0.,17.4456342989977));
#7172=CARTESIAN_POINT('Ctrl Pts',(-1.90000002831221,0.,17.3000002577901));
#7173=CARTESIAN_POINT('',(-1.90000002831221,0.,17.3000002577901));
#7174=CARTESIAN_POINT('Ctrl Pts',(-1.90000002831221,0.,17.3000002577901));
#7175=CARTESIAN_POINT('Ctrl Pts',(-1.98333333618939,0.1,17.3400000420709));
#7176=CARTESIAN_POINT('Ctrl Pts',(-2.06666664406657,0.2,17.3799998263518));
#7177=CARTESIAN_POINT('Ctrl Pts',(-2.14999995194376,0.3,17.4199996106327));
#7178=CARTESIAN_POINT('Ctrl Pts',(-1.98152946337149,0.,17.2096664342172));
#7179=CARTESIAN_POINT('Ctrl Pts',(-2.05681765959411,0.0999999999999999,
17.2316918583249));
#7180=CARTESIAN_POINT('Ctrl Pts',(-2.13210585581673,0.2,17.2537172824327));
#7181=CARTESIAN_POINT('Ctrl Pts',(-2.20739405203935,0.3,17.2757427065404));
#7182=CARTESIAN_POINT('Ctrl Pts',(-2.06305889843077,0.,17.1193326106443));
#7183=CARTESIAN_POINT('Ctrl Pts',(-2.13030198299883,0.1,17.1233836745789));
#7184=CARTESIAN_POINT('Ctrl Pts',(-2.19754506756688,0.2,17.1274347385136));
#7185=CARTESIAN_POINT('Ctrl Pts',(-2.26478815213494,0.3,17.1314858024482));
#7186=CARTESIAN_POINT('Ctrl Pts',(-2.14458833349005,0.,17.0289987870714));
#7187=CARTESIAN_POINT('Ctrl Pts',(-2.20378630640355,0.1,17.0150754908329));
#7188=CARTESIAN_POINT('Ctrl Pts',(-2.26298427931704,0.2,17.0011521945945));
#7189=CARTESIAN_POINT('Ctrl Pts',(-2.32218225223053,0.3,16.987228898356));
#7190=CARTESIAN_POINT('',(-1.90000002831221,0.,17.3000002577901));
#7191=CARTESIAN_POINT('Ctrl Pts',(-2.33296501860366,0.,16.975639779885));
#7192=CARTESIAN_POINT('Ctrl Pts',(-2.34326541212841,-0.0766666666666667,
16.9727221217269));
#7193=CARTESIAN_POINT('Ctrl Pts',(-2.35356580565317,-0.153333333333333,
16.9698044635689));
#7194=CARTESIAN_POINT('Ctrl Pts',(-2.36386619917792,-0.23,16.9668868054108));
#7195=CARTESIAN_POINT('Ctrl Pts',(-2.42197669198345,0.,16.9504266038665));
#7196=CARTESIAN_POINT('Ctrl Pts',(-2.40917202150844,-0.0766666666666666,
16.9527093252648));
#7197=CARTESIAN_POINT('Ctrl Pts',(-2.39636735103343,-0.153333333333333,
16.954992046663));
#7198=CARTESIAN_POINT('Ctrl Pts',(-2.38356268055842,-0.23,16.9572747680613));
#7199=CARTESIAN_POINT('Ctrl Pts',(-2.51098836536323,0.,16.9252134278481));
#7200=CARTESIAN_POINT('Ctrl Pts',(-2.47507863088846,-0.0766666666666667,
16.9326965288026));
#7201=CARTESIAN_POINT('Ctrl Pts',(-2.43916889641369,-0.153333333333333,
16.9401796297572));
#7202=CARTESIAN_POINT('Ctrl Pts',(-2.40325916193893,-0.23,16.9476627307117));
#7203=CARTESIAN_POINT('Ctrl Pts',(-2.60000003874302,0.,16.9000002518296));
#7204=CARTESIAN_POINT('Ctrl Pts',(-2.54098524026849,-0.0766666666666667,
16.9126837323405));
#7205=CARTESIAN_POINT('Ctrl Pts',(-2.48197044179396,-0.153333333333333,
16.9253672128513));
#7206=CARTESIAN_POINT('Ctrl Pts',(-2.42295564331943,-0.23,16.9380506933622));
#7207=CARTESIAN_POINT('',(-2.36910851688311,-0.23,16.9643285132668));
#7208=CARTESIAN_POINT('Ctrl Pts',(-2.33296501860366,0.,16.975639779885));
#7209=CARTESIAN_POINT('Ctrl Pts',(-2.33304936175724,-0.000355343179898795,
16.9756158890997));
#7210=CARTESIAN_POINT('Ctrl Pts',(-2.33313358028137,-0.00071071786183774,
16.9755920259304));
#7211=CARTESIAN_POINT('Ctrl Pts',(-2.33321767405975,-0.00106612385066,16.9755681904059));
#7212=CARTESIAN_POINT('Ctrl Pts',(-2.34215591438813,-0.0388418571305885,
16.9730347372755));
#7213=CARTESIAN_POINT('Ctrl Pts',(-2.34967379240126,-0.0769245041228988,
16.9708167342195));
#7214=CARTESIAN_POINT('Ctrl Pts',(-2.35569765421994,-0.115310369532445,
16.9689308099386));
#7215=CARTESIAN_POINT('Ctrl Pts',(-2.3616672771711,-0.153350608509789,16.9670618665249));
#7216=CARTESIAN_POINT('Ctrl Pts',(-2.3661527709471,-0.191580955677719,16.9655243385938));
#7217=CARTESIAN_POINT('Ctrl Pts',(-2.36910851688311,-0.23,16.9643285132668));
#7218=CARTESIAN_POINT('',(-2.42295564331943,-0.23,16.9380506933622));
#7219=CARTESIAN_POINT('',(-2.60000003874302,0.,16.9000002518296));
#7220=CARTESIAN_POINT('',(-2.42295564331943,-0.23,16.9380506933622));
#7221=CARTESIAN_POINT('Origin',(-2.29572115855758,-0.23,16.6800887293798));
#7222=CARTESIAN_POINT('',(-2.1838459324207,-0.23,16.7136200835469));
#7223=CARTESIAN_POINT('',(-2.1838459324207,-0.23,16.5745073199694));
#7224=CARTESIAN_POINT('',(-2.28750332393512,-0.23,16.7626349600968));
#7225=CARTESIAN_POINT('',(-2.1838459324207,-0.23,16.7136200835469));
#7226=CARTESIAN_POINT('',(-2.17378203785116,-0.23,16.8886370424874));
#7227=CARTESIAN_POINT('',(-2.28750332393512,-0.23,16.7626349600968));
#7228=CARTESIAN_POINT('',(-2.31680092113484,-0.23,16.9836537322285));
#7229=CARTESIAN_POINT('',(-2.17378203785116,-0.23,16.8886370424874));
#7230=CARTESIAN_POINT('Ctrl Pts',(-2.36910851688311,-0.23,16.9643285132668));
#7231=CARTESIAN_POINT('Ctrl Pts',(-2.35167265163369,-0.23,16.9707702529207));
#7232=CARTESIAN_POINT('Ctrl Pts',(-2.33423678638427,-0.23,16.9772119925746));
#7233=CARTESIAN_POINT('Ctrl Pts',(-2.31680092113484,-0.23,16.9836537322285));
#7234=CARTESIAN_POINT('',(-2.39117821481906,-0.23,16.842776494945));
#7235=CARTESIAN_POINT('',(-2.42295564331943,-0.23,16.9380506933622));
#7236=CARTESIAN_POINT('',(-2.4687976788838,-0.23,16.7621100975685));
#7237=CARTESIAN_POINT('',(-2.39117821481906,-0.23,16.842776494945));
#7238=CARTESIAN_POINT('',(-2.4687976788838,-0.23,16.7621100975685));
#7239=CARTESIAN_POINT('Ctrl Pts',(-2.60000003874302,0.,16.9000002518296));
#7240=CARTESIAN_POINT('Ctrl Pts',(-2.54098524026849,-0.0766666666666667,
16.9126837323405));
#7241=CARTESIAN_POINT('Ctrl Pts',(-2.48197044179396,-0.153333333333333,
16.9253672128513));
#7242=CARTESIAN_POINT('Ctrl Pts',(-2.42295564331943,-0.23,16.9380506933622));
#7243=CARTESIAN_POINT('Ctrl Pts',(-2.583333371828,0.,16.8666669179996));
#7244=CARTESIAN_POINT('Ctrl Pts',(-2.52634330360288,-0.0766666666666666,
16.8798754877408));
#7245=CARTESIAN_POINT('Ctrl Pts',(-2.46935323537776,-0.153333333333333,
16.8930840574819));
#7246=CARTESIAN_POINT('Ctrl Pts',(-2.41236316715264,-0.23,16.9062926272231));
#7247=CARTESIAN_POINT('Ctrl Pts',(-2.56666670491298,0.,16.8333335841695));
#7248=CARTESIAN_POINT('Ctrl Pts',(-2.51170136693727,-0.0766666666666667,
16.847067243141));
#7249=CARTESIAN_POINT('Ctrl Pts',(-2.45673602896156,-0.153333333333333,
16.8608009021125));
#7250=CARTESIAN_POINT('Ctrl Pts',(-2.40177069098585,-0.23,16.874534561084));
#7251=CARTESIAN_POINT('Ctrl Pts',(-2.55000003799796,0.,16.8000002503395));
#7252=CARTESIAN_POINT('Ctrl Pts',(-2.49705943027166,-0.0766666666666667,
16.8142589985413));
#7253=CARTESIAN_POINT('Ctrl Pts',(-2.44411882254536,-0.153333333333333,
16.8285177467431));
#7254=CARTESIAN_POINT('Ctrl Pts',(-2.39117821481906,-0.23,16.842776494945));
#7255=CARTESIAN_POINT('',(-2.55000003799796,0.,16.8000002503395));
#7256=CARTESIAN_POINT('Ctrl Pts',(-2.55000003799796,0.,16.8000002503395));
#7257=CARTESIAN_POINT('Ctrl Pts',(-2.49705943027166,-0.0766666666666667,
16.8142589985413));
#7258=CARTESIAN_POINT('Ctrl Pts',(-2.44411882254536,-0.153333333333333,
16.8285177467431));
#7259=CARTESIAN_POINT('Ctrl Pts',(-2.39117821481906,-0.23,16.842776494945));
#7260=CARTESIAN_POINT('Ctrl Pts',(-2.57546997072187,0.,16.7646561937137));
#7261=CARTESIAN_POINT('Ctrl Pts',(-2.52266377031701,-0.0766666666666666,
16.7817333610823));
#7262=CARTESIAN_POINT('Ctrl Pts',(-2.46985756991216,-0.153333333333333,
16.7988105284509));
#7263=CARTESIAN_POINT('Ctrl Pts',(-2.41705136950731,-0.23,16.8158876958195));
#7264=CARTESIAN_POINT('Ctrl Pts',(-2.60093990344578,0.,16.7293121370879));
#7265=CARTESIAN_POINT('Ctrl Pts',(-2.54826811036237,-0.0766666666666667,
16.7492077236233));
#7266=CARTESIAN_POINT('Ctrl Pts',(-2.49559631727896,-0.153333333333333,
16.7691033101586));
#7267=CARTESIAN_POINT('Ctrl Pts',(-2.44292452419555,-0.23,16.788998896694));
#7268=CARTESIAN_POINT('Ctrl Pts',(-2.62640983616968,0.,16.6939680804621));
#7269=CARTESIAN_POINT('Ctrl Pts',(-2.57387245040772,-0.0766666666666667,
16.7166820861642));
#7270=CARTESIAN_POINT('Ctrl Pts',(-2.52133506464576,-0.153333333333333,
16.7393960918664));
#7271=CARTESIAN_POINT('Ctrl Pts',(-2.4687976788838,-0.23,16.7621100975685));
#7272=CARTESIAN_POINT('',(-2.62640983616968,0.,16.6939680804621));
#7273=CARTESIAN_POINT('Ctrl Pts',(-2.62640983616968,0.,16.6939680804621));
#7274=CARTESIAN_POINT('Ctrl Pts',(-2.57387245040772,-0.0766666666666667,
16.7166820861642));
#7275=CARTESIAN_POINT('Ctrl Pts',(-2.52133506464576,-0.153333333333333,
16.7393960918664));
#7276=CARTESIAN_POINT('Ctrl Pts',(-2.4687976788838,-0.23,16.7621100975685));
#7277=CARTESIAN_POINT('Ctrl Pts',(-2.60093990344578,0.,16.6859609018247));
#7278=CARTESIAN_POINT('Ctrl Pts',(-2.54417117040986,-0.0766666666666666,
16.7052566786191));
#7279=CARTESIAN_POINT('Ctrl Pts',(-2.48740243737395,-0.153333333333333,
16.7245524554134));
#7280=CARTESIAN_POINT('Ctrl Pts',(-2.43063370433803,-0.23,16.7438482322078));
#7281=CARTESIAN_POINT('Ctrl Pts',(-2.57546997072187,0.,16.6779537231874));
#7282=CARTESIAN_POINT('Ctrl Pts',(-2.514469890412,-0.0766666666666667,16.6938312710739));
#7283=CARTESIAN_POINT('Ctrl Pts',(-2.45346981010213,-0.153333333333333,
16.7097088189605));
#7284=CARTESIAN_POINT('Ctrl Pts',(-2.39246972979227,-0.23,16.7255863668471));
#7285=CARTESIAN_POINT('Ctrl Pts',(-2.55000003799796,0.,16.66994654455));
#7286=CARTESIAN_POINT('Ctrl Pts',(-2.48476861041414,-0.0766666666666667,
16.6824058635288));
#7287=CARTESIAN_POINT('Ctrl Pts',(-2.41953718283032,-0.153333333333333,
16.6948651825076));
#7288=CARTESIAN_POINT('Ctrl Pts',(-2.3543057552465,-0.23,16.7073245014863));
#7289=CARTESIAN_POINT('Origin',(-2.02999995462596,0.,16.5499996300787));
#7290=CARTESIAN_POINT('',(-1.99134100624327,0.,16.6317561503458));
#7291=CARTESIAN_POINT('Origin',(-1.99134100624327,0.,16.6317561503458));
#7292=CARTESIAN_POINT('',(-2.04607391209084,0.,16.6382249155211));
#7293=CARTESIAN_POINT('Origin',(-2.04607391209084,0.,16.6382249155211));
#7294=CARTESIAN_POINT('',(-2.04607391209084,0.,16.7564422212003));
#7295=CARTESIAN_POINT('Origin',(-2.04607391209084,0.,16.7564422212003));
#7296=CARTESIAN_POINT('',(-2.13955027384246,0.,16.800642950783));
#7297=CARTESIAN_POINT('Origin',(-2.13955027384246,0.,16.800642950783));
#7298=CARTESIAN_POINT('',(-2.02823169768765,0.,16.9239828538677));
#7299=CARTESIAN_POINT('Ctrl Pts',(-2.02823169768765,0.,16.9239828538677));
#7300=CARTESIAN_POINT('Ctrl Pts',(-2.07674847774215,-0.0766666666666667,
16.9122009167409));
#7301=CARTESIAN_POINT('Ctrl Pts',(-2.12526525779665,-0.153333333333333,
16.9004189796141));
#7302=CARTESIAN_POINT('Ctrl Pts',(-2.17378203785116,-0.23,16.8886370424874));
#7303=CARTESIAN_POINT('Ctrl Pts',(-2.06701724295512,0.,16.9589881649356));
#7304=CARTESIAN_POINT('Ctrl Pts',(-2.11909442062928,-0.0766666666666666,
16.9464924414382));
#7305=CARTESIAN_POINT('Ctrl Pts',(-2.17117159830345,-0.153333333333333,
16.9339967179409));
#7306=CARTESIAN_POINT('Ctrl Pts',(-2.22324877597761,-0.23,16.9215009944436));
#7307=CARTESIAN_POINT('Ctrl Pts',(-2.10580278822259,0.,16.9939934760035));
#7308=CARTESIAN_POINT('Ctrl Pts',(-2.16144036351641,-0.0766666666666667,
16.9807839661356));
#7309=CARTESIAN_POINT('Ctrl Pts',(-2.21707793881024,-0.153333333333333,
16.9675744562677));
#7310=CARTESIAN_POINT('Ctrl Pts',(-2.27271551410407,-0.23,16.9543649463998));
#7311=CARTESIAN_POINT('Ctrl Pts',(-2.14458833349005,0.,17.0289987870714));
#7312=CARTESIAN_POINT('Ctrl Pts',(-2.20378630640355,-0.0766666666666667,
17.0150754908329));
#7313=CARTESIAN_POINT('Ctrl Pts',(-2.26298427931704,-0.153333333333333,
17.0011521945945));
#7314=CARTESIAN_POINT('Ctrl Pts',(-2.32218225223053,-0.23,16.987228898356));
#7315=CARTESIAN_POINT('Ctrl Pts',(-2.31680092113484,-0.23,16.9836537322285));
#7316=CARTESIAN_POINT('Ctrl Pts',(-2.29984359156925,-0.206186476397585,
16.988824605871));
#7317=CARTESIAN_POINT('Ctrl Pts',(-2.28077621641529,-0.180284270704577,
16.9941122390005));
#7318=CARTESIAN_POINT('Ctrl Pts',(-2.22632896982469,-0.107132600288602,
17.0087172109251));
#7319=CARTESIAN_POINT('Ctrl Pts',(-2.18066874492057,-0.0471734583705306,
17.0201208167576));
#7320=CARTESIAN_POINT('Ctrl Pts',(-2.14458833349005,0.,17.0289987870714));
#7321=CARTESIAN_POINT('Ctrl Pts',(-2.14458833349005,0.,17.0289987870714));
#7322=CARTESIAN_POINT('Ctrl Pts',(-2.20378630640355,-0.1,17.0150754908329));
#7323=CARTESIAN_POINT('Ctrl Pts',(-2.26298427931704,-0.2,17.0011521945945));
#7324=CARTESIAN_POINT('Ctrl Pts',(-2.32218225223053,-0.3,16.987228898356));
#7325=CARTESIAN_POINT('Ctrl Pts',(-2.29639223524104,0.,16.9859992753241));
#7326=CARTESIAN_POINT('Ctrl Pts',(-2.31618595102519,-0.0999999999999999,
16.9809449046688));
#7327=CARTESIAN_POINT('Ctrl Pts',(-2.33597966680935,-0.2,16.9758905340134));
#7328=CARTESIAN_POINT('Ctrl Pts',(-2.3557733825935,-0.3,16.9708361633581));
#7329=CARTESIAN_POINT('Ctrl Pts',(-2.44819613699203,0.,16.9429997635769));
#7330=CARTESIAN_POINT('Ctrl Pts',(-2.42858559564684,-0.1,16.9468143185046));
#7331=CARTESIAN_POINT('Ctrl Pts',(-2.40897505430165,-0.2,16.9506288734324));
#7332=CARTESIAN_POINT('Ctrl Pts',(-2.38936451295646,-0.3,16.9544434283601));
#7333=CARTESIAN_POINT('Ctrl Pts',(-2.60000003874302,0.,16.9000002518296));
#7334=CARTESIAN_POINT('Ctrl Pts',(-2.54098524026849,-0.1,16.9126837323405));
#7335=CARTESIAN_POINT('Ctrl Pts',(-2.48197044179396,-0.2,16.9253672128513));
#7336=CARTESIAN_POINT('Ctrl Pts',(-2.42295564331943,-0.3,16.9380506933622));
#7337=CARTESIAN_POINT('',(-2.32218225223053,-0.3,16.987228898356));
#7338=CARTESIAN_POINT('',(-2.14458833349005,0.,17.0289987870714));
#7339=CARTESIAN_POINT('',(-2.42295564331943,-0.3,16.9380506933622));
#7340=CARTESIAN_POINT('',(-2.42295564331943,-0.3,16.9380506933622));
#7341=CARTESIAN_POINT('',(-2.60000003874302,0.,16.9000002518296));
#7342=CARTESIAN_POINT('Origin',(-2.46100212065447,-0.3,17.6555637687642));
#7343=CARTESIAN_POINT('',(-2.14999995194376,-0.3,17.4199996106327));
#7344=CARTESIAN_POINT('',(-2.32218225223053,-0.3,16.987228898356));
#7345=CARTESIAN_POINT('',(-2.67999994009733,-0.3,17.3099996130913));
#7346=CARTESIAN_POINT('Ctrl Pts',(-2.67999994009733,-0.3,17.3099996130913));
#7347=CARTESIAN_POINT('Ctrl Pts',(-2.68012906481893,-0.3,17.3829346441951));
#7348=CARTESIAN_POINT('Ctrl Pts',(-2.67945324694812,-0.3,17.5226465822557));
#7349=CARTESIAN_POINT('Ctrl Pts',(-2.67563741814914,-0.3,17.7137407758521));
#7350=CARTESIAN_POINT('Ctrl Pts',(-2.6648523784584,-0.3,17.9309720543153));
#7351=CARTESIAN_POINT('Ctrl Pts',(-2.64122867694031,-0.3,18.1356442691033));
#7352=CARTESIAN_POINT('Ctrl Pts',(-2.60654639583504,-0.3,18.2674094193194));
#7353=CARTESIAN_POINT('Ctrl Pts',(-2.55988769081648,-0.3,18.3202163358257));
#7354=CARTESIAN_POINT('Ctrl Pts',(-2.50072371349066,-0.3,18.2905784240127));
#7355=CARTESIAN_POINT('Ctrl Pts',(-2.42951416440822,-0.3,18.1815264002101));
#7356=CARTESIAN_POINT('Ctrl Pts',(-2.34715348344355,-0.3,17.9989571325606));
#7357=CARTESIAN_POINT('Ctrl Pts',(-2.27306855070331,-0.3,17.7988645265834));
#7358=CARTESIAN_POINT('Ctrl Pts',(-2.21318632381073,-0.3,17.6203238612242));
#7359=CARTESIAN_POINT('Ctrl Pts',(-2.17137676321939,-0.3,17.4888490331306));
#7360=CARTESIAN_POINT('Ctrl Pts',(-2.14999995194376,-0.3,17.4199996106327));
#7361=CARTESIAN_POINT('',(-2.45000003650784,-0.3,17.0000002533197));
#7362=CARTESIAN_POINT('',(-2.67999994009733,-0.3,17.3099996130913));
#7363=CARTESIAN_POINT('',(-2.45000003650784,-0.3,17.0000002533197));
#7364=CARTESIAN_POINT('Ctrl Pts',(-2.60000003874302,0.,16.9000002518296));
#7365=CARTESIAN_POINT('Ctrl Pts',(-2.54098524026849,-0.1,16.9126837323405));
#7366=CARTESIAN_POINT('Ctrl Pts',(-2.48197044179396,-0.2,16.9253672128513));
#7367=CARTESIAN_POINT('Ctrl Pts',(-2.42295564331943,-0.3,16.9380506933622));
#7368=CARTESIAN_POINT('Ctrl Pts',(-2.61490203537477,0.,16.9149022484614));
#7369=CARTESIAN_POINT('Ctrl Pts',(-2.55392483726615,-0.0999999999999999,
16.9295016812014));
#7370=CARTESIAN_POINT('Ctrl Pts',(-2.49294763915753,-0.2,16.9441011139414));
#7371=CARTESIAN_POINT('Ctrl Pts',(-2.4319704410489,-0.3,16.9587005466813));
#7372=CARTESIAN_POINT('Ctrl Pts',(-2.62980403200653,0.,16.9298042450931));
#7373=CARTESIAN_POINT('Ctrl Pts',(-2.56686443426381,-0.1,16.9463196300623));
#7374=CARTESIAN_POINT('Ctrl Pts',(-2.50392483652109,-0.2,16.9628350150314));
#7375=CARTESIAN_POINT('Ctrl Pts',(-2.44098523877837,-0.3,16.9793504000005));
#7376=CARTESIAN_POINT('Ctrl Pts',(-2.64470602863828,0.,16.9447062417249));
#7377=CARTESIAN_POINT('Ctrl Pts',(-2.57980403126147,-0.1,16.9631375789232));
#7378=CARTESIAN_POINT('Ctrl Pts',(-2.51490203388466,-0.2,16.9815689161215));
#7379=CARTESIAN_POINT('Ctrl Pts',(-2.45000003650784,-0.3,17.0000002533197));
#7380=CARTESIAN_POINT('',(-2.64470602863828,0.,16.9447062417249));
#7381=CARTESIAN_POINT('Ctrl Pts',(-2.64470602863828,0.,16.9447062417249));
#7382=CARTESIAN_POINT('Ctrl Pts',(-2.57980403126147,-0.1,16.9631375789232));
#7383=CARTESIAN_POINT('Ctrl Pts',(-2.51490203388466,-0.2,16.9815689161215));
#7384=CARTESIAN_POINT('Ctrl Pts',(-2.45000003650784,-0.3,17.0000002533197));
#7385=CARTESIAN_POINT('Ctrl Pts',(-2.72980403349664,0.,17.0298042465832));
#7386=CARTESIAN_POINT('Ctrl Pts',(-2.66209157934365,-0.0999999999999999,
17.05431395547));
#7387=CARTESIAN_POINT('Ctrl Pts',(-2.59437912519066,-0.2,17.0788236643568));
#7388=CARTESIAN_POINT('Ctrl Pts',(-2.52666667103767,-0.3,17.1033333732436));
#7389=CARTESIAN_POINT('Ctrl Pts',(-2.814902038355,0.,17.1149022514416));
#7390=CARTESIAN_POINT('Ctrl Pts',(-2.74437912742584,-0.1,17.1454903320169));
#7391=CARTESIAN_POINT('Ctrl Pts',(-2.67385621649667,-0.2,17.1760784125922));
#7392=CARTESIAN_POINT('Ctrl Pts',(-2.6033333055675,-0.3,17.2066664931675));
#7393=CARTESIAN_POINT('Ctrl Pts',(-2.90000004321337,0.,17.2000002563));
#7394=CARTESIAN_POINT('Ctrl Pts',(-2.82666667550802,-0.1,17.2366667085638));
#7395=CARTESIAN_POINT('Ctrl Pts',(-2.75333330780268,-0.2,17.2733331608276));
#7396=CARTESIAN_POINT('Ctrl Pts',(-2.67999994009733,-0.3,17.3099996130913));
#7397=CARTESIAN_POINT('',(-2.90000004321337,0.,17.2000002563));
#7398=CARTESIAN_POINT('Ctrl Pts',(-2.90000004321337,0.,17.2000002563));
#7399=CARTESIAN_POINT('Ctrl Pts',(-2.82666667550802,-0.1,17.2366667085638));
#7400=CARTESIAN_POINT('Ctrl Pts',(-2.75333330780268,-0.2,17.2733331608276));
#7401=CARTESIAN_POINT('Ctrl Pts',(-2.67999994009733,-0.3,17.3099996130913));
#7402=CARTESIAN_POINT('Ctrl Pts',(-2.90612404782117,0.,17.5576805829849));
#7403=CARTESIAN_POINT('Ctrl Pts',(-2.83085702291214,-0.1,17.5330392226677));
#7404=CARTESIAN_POINT('Ctrl Pts',(-2.75557440481969,-0.2,17.5082958093698));
#7405=CARTESIAN_POINT('Ctrl Pts',(-2.68030737991066,-0.3,17.4836544490526));
#7406=CARTESIAN_POINT('Ctrl Pts',(-2.90504156743955,0.,18.1855029389557));
#7407=CARTESIAN_POINT('Ctrl Pts',(-2.82823185163151,-0.0999999999999998,
18.0534569870259));
#7408=CARTESIAN_POINT('Ctrl Pts',(-2.75143308530188,-0.2,17.9214827158358));
#7409=CARTESIAN_POINT('Ctrl Pts',(-2.67462336949385,-0.3,17.789436763906));
#7410=CARTESIAN_POINT('Ctrl Pts',(-2.86138396466165,0.,18.8512095157229));
#7411=CARTESIAN_POINT('Ctrl Pts',(-2.78966969013221,-0.1,18.6065402401311));
#7412=CARTESIAN_POINT('Ctrl Pts',(-2.71794680174225,-0.2,18.3618145728884));
#7413=CARTESIAN_POINT('Ctrl Pts',(-2.64623252721282,-0.3,18.1171452972966));
#7414=CARTESIAN_POINT('Ctrl Pts',(-2.77071428574911,0.,19.2081984664733));
#7415=CARTESIAN_POINT('Ctrl Pts',(-2.71233378968712,-0.0999999999999998,
18.9048123157941));
#7416=CARTESIAN_POINT('Ctrl Pts',(-2.65396677723894,-0.2,18.6015144325881));
#7417=CARTESIAN_POINT('Ctrl Pts',(-2.59558628117695,-0.3,18.2981282819089));
#7418=CARTESIAN_POINT('Ctrl Pts',(-2.5798895814471,0.,19.2249574933116));
#7419=CARTESIAN_POINT('Ctrl Pts',(-2.55153856037367,-0.1,18.9234435321038));
#7420=CARTESIAN_POINT('Ctrl Pts',(-2.52317030658331,-0.2,18.6218168178429));
#7421=CARTESIAN_POINT('Ctrl Pts',(-2.49481928550987,-0.3,18.3203028566351));
#7422=CARTESIAN_POINT('Ctrl Pts',(-2.28471688372246,0.,18.5564869481307));
#7423=CARTESIAN_POINT('Ctrl Pts',(-2.30448430524103,-0.0999999999999995,
18.3751974721008));
#7424=CARTESIAN_POINT('Ctrl Pts',(-2.32424680769539,-0.2,18.1938757049803));
#7425=CARTESIAN_POINT('Ctrl Pts',(-2.34401422921397,-0.3,18.0125862289504));
#7426=CARTESIAN_POINT('Ctrl Pts',(-2.00114759499693,0.,17.646747974951));
#7427=CARTESIAN_POINT('Ctrl Pts',(-2.06772680201555,-0.1,17.625781552357));
#7428=CARTESIAN_POINT('Ctrl Pts',(-2.13431791462902,-0.2,17.6048932296503));
#7429=CARTESIAN_POINT('Ctrl Pts',(-2.20089712164764,-0.3,17.5839268070564));
#7430=CARTESIAN_POINT('Ctrl Pts',(-1.90000002831221,0.,17.3000002577901));
#7431=CARTESIAN_POINT('Ctrl Pts',(-1.98333333618939,-0.1,17.3400000420709));
#7432=CARTESIAN_POINT('Ctrl Pts',(-2.06666664406657,-0.2,17.3799998263518));
#7433=CARTESIAN_POINT('Ctrl Pts',(-2.14999995194376,-0.3,17.4199996106327));
#7434=CARTESIAN_POINT('',(-1.90000002831221,0.,17.3000002577901));
#7435=CARTESIAN_POINT('Ctrl Pts',(-1.90000002831221,0.,17.3000002577901));
#7436=CARTESIAN_POINT('Ctrl Pts',(-1.98333333618939,-0.1,17.3400000420709));
#7437=CARTESIAN_POINT('Ctrl Pts',(-2.06666664406657,-0.2,17.3799998263518));
#7438=CARTESIAN_POINT('Ctrl Pts',(-2.14999995194376,-0.3,17.4199996106327));
#7439=CARTESIAN_POINT('Ctrl Pts',(-1.98152946337149,0.,17.2096664342172));
#7440=CARTESIAN_POINT('Ctrl Pts',(-2.05681765959411,-0.0999999999999999,
17.2316918583249));
#7441=CARTESIAN_POINT('Ctrl Pts',(-2.13210585581673,-0.2,17.2537172824327));
#7442=CARTESIAN_POINT('Ctrl Pts',(-2.20739405203935,-0.3,17.2757427065404));
#7443=CARTESIAN_POINT('Ctrl Pts',(-2.06305889843077,0.,17.1193326106443));
#7444=CARTESIAN_POINT('Ctrl Pts',(-2.13030198299883,-0.1,17.1233836745789));
#7445=CARTESIAN_POINT('Ctrl Pts',(-2.19754506756688,-0.2,17.1274347385136));
#7446=CARTESIAN_POINT('Ctrl Pts',(-2.26478815213494,-0.3,17.1314858024482));
#7447=CARTESIAN_POINT('Ctrl Pts',(-2.14458833349005,0.,17.0289987870714));
#7448=CARTESIAN_POINT('Ctrl Pts',(-2.20378630640355,-0.1,17.0150754908329));
#7449=CARTESIAN_POINT('Ctrl Pts',(-2.26298427931704,-0.2,17.0011521945945));
#7450=CARTESIAN_POINT('Ctrl Pts',(-2.32218225223053,-0.3,16.987228898356));
#7451=CARTESIAN_POINT('Origin',(2.44638413087379,0.15490308490852,16.6));
#7452=CARTESIAN_POINT('',(2.44638413087379,-0.155404872871302,16.6));
#7453=CARTESIAN_POINT('',(2.44638413087379,0.15490308490852,16.6));
#7454=CARTESIAN_POINT('',(2.44638413087379,0.0807901144827737,16.6));
#7455=CARTESIAN_POINT('',(2.44638413087379,-0.155404872871302,16.2));
#7456=CARTESIAN_POINT('',(2.44638413087379,-0.155404872871302,16.6));
#7457=CARTESIAN_POINT('',(2.44638413087379,0.15490308490852,16.2));
#7458=CARTESIAN_POINT('',(2.44638413087379,-0.155404872871302,16.2));
#7459=CARTESIAN_POINT('',(2.44638413087379,0.15490308490852,16.6));
#7460=CARTESIAN_POINT('Origin',(2.11680070735803,0.15490308490852,16.6));
#7461=CARTESIAN_POINT('',(2.11680070735803,0.15490308490852,16.6));
#7462=CARTESIAN_POINT('',(2.20884835055724,0.15490308490852,16.6));
#7463=CARTESIAN_POINT('',(2.11680070735803,0.15490308490852,16.2));
#7464=CARTESIAN_POINT('',(2.44638413087379,0.15490308490852,16.2));
#7465=CARTESIAN_POINT('',(2.11680070735803,0.15490308490852,16.6));
#7466=CARTESIAN_POINT('Origin',(2.11680070735803,-0.155404872871302,16.6));
#7467=CARTESIAN_POINT('',(2.11680070735803,-0.155404872871302,16.6));
#7468=CARTESIAN_POINT('',(2.11680070735803,-0.074363864407137,16.6));
#7469=CARTESIAN_POINT('',(2.11680070735803,-0.155404872871302,16.2));
#7470=CARTESIAN_POINT('',(2.11680070735803,0.15490308490852,16.2));
#7471=CARTESIAN_POINT('',(2.11680070735803,-0.155404872871302,16.6));
#7472=CARTESIAN_POINT('Origin',(2.44638413087379,-0.155404872871302,16.6));
#7473=CARTESIAN_POINT('',(2.37364006231511,-0.155404872871302,16.6));
#7474=CARTESIAN_POINT('',(2.11680070735803,-0.155404872871302,16.2));
#7475=CARTESIAN_POINT('Origin',(2.28159241911591,-0.000250893981390887,
16.2));
#7476=CARTESIAN_POINT('Origin',(2.30089599375644,0.00667714405702757,16.6));
#7477=CARTESIAN_POINT('',(2.54977787019357,-0.000250893981390443,16.6));
#7478=CARTESIAN_POINT('Ctrl Pts',(2.54977787019357,-0.00025089398139054,
16.6));
#7479=CARTESIAN_POINT('Ctrl Pts',(2.51835747846238,0.0440363789323143,16.6));
#7480=CARTESIAN_POINT('Ctrl Pts',(2.4876387466995,0.0894553759897707,16.6));
#7481=CARTESIAN_POINT('Ctrl Pts',(2.45451217674427,0.141853189759113,16.6));
#7482=CARTESIAN_POINT('Ctrl Pts',(2.45043430356113,0.148366644207869,16.6));
#7483=CARTESIAN_POINT('Ctrl Pts',(2.44638413087391,0.1549030849086,16.6));
#7484=CARTESIAN_POINT('Ctrl Pts',(2.44638413087391,-0.155404872871381,16.6));
#7485=CARTESIAN_POINT('Ctrl Pts',(2.45785619856551,-0.136890479542531,16.6));
#7486=CARTESIAN_POINT('Ctrl Pts',(2.46956434435019,-0.118538149482392,16.6));
#7487=CARTESIAN_POINT('Ctrl Pts',(2.50351746986523,-0.0666262900160778,
16.6));
#7488=CARTESIAN_POINT('Ctrl Pts',(2.52642971570292,-0.0331602892176227,
16.6));
#7489=CARTESIAN_POINT('Ctrl Pts',(2.54977787019357,-0.000250893981390374,
16.6));
#7490=CARTESIAN_POINT('Origin',(2.30089599375644,0.00667714405702757,16.6));
#7491=CARTESIAN_POINT('',(2.16163413145363,0.22974910601861,16.6));
#7492=CARTESIAN_POINT('',(2.06196633062399,0.0633612274353281,16.6));
#7493=CARTESIAN_POINT('',(2.40190061021884,0.229749106018609,16.6000146213164));
#7494=CARTESIAN_POINT('',(2.28720267567348,0.22974910601861,16.6));
#7495=CARTESIAN_POINT('',(2.40196739925235,0.229664755514541,16.6));
#7496=CARTESIAN_POINT('',(2.56599313611675,-0.000250893981390443,16.5484210667865));
#7497=CARTESIAN_POINT('Ctrl Pts',(2.44638413087391,0.1549030849086,16.6));
#7498=CARTESIAN_POINT('Ctrl Pts',(2.43111923662111,0.179538596476129,16.6));
#7499=CARTESIAN_POINT('Ctrl Pts',(2.41624785905688,0.204500646913671,16.6));
#7500=CARTESIAN_POINT('Ctrl Pts',(2.40196739925235,0.229664755514541,16.6));
#7501=CARTESIAN_POINT('Origin',(2.30089599375644,0.00667714405702757,16.6));
#7502=CARTESIAN_POINT('',(2.10651312443784,-0.138230528864589,16.6));
#7503=CARTESIAN_POINT('',(2.05891222372995,-0.0587644142166264,16.6));
#7504=CARTESIAN_POINT('',(2.02385029446912,-0.110142719413863,16.6));
#7505=CARTESIAN_POINT('',(2.08897649457962,-0.132271798464901,16.6));
#7506=CARTESIAN_POINT('',(1.98414524770366,-0.000250893981390332,16.6));
#7507=CARTESIAN_POINT('',(2.00269097340188,-0.0515799772333002,16.6));
#7508=CARTESIAN_POINT('',(2.02385029446912,0.109640931451083,16.6));
#7509=CARTESIAN_POINT('',(2.00490510121447,0.0572062401579554,16.6));
#7510=CARTESIAN_POINT('',(2.10651312443784,0.137728740901809,16.6));
#7511=CARTESIAN_POINT('',(2.09108689835743,0.132487099660546,16.6));
#7512=CARTESIAN_POINT('',(2.06196633062399,0.0633612274353281,16.6));
#7513=CARTESIAN_POINT('Origin',(2.30089599375644,0.00667714405702757,16.6));
#7514=CARTESIAN_POINT('',(2.40196739925235,-0.230166543477322,16.6));
#7515=CARTESIAN_POINT('Ctrl Pts',(2.40196739925235,-0.230166543477322,16.6));
#7516=CARTESIAN_POINT('Ctrl Pts',(2.4162274903787,-0.205038327252241,16.6));
#7517=CARTESIAN_POINT('Ctrl Pts',(2.43109613607895,-0.180077665645331,16.6));
#7518=CARTESIAN_POINT('Ctrl Pts',(2.44638413087391,-0.155404872871381,16.6));
#7519=CARTESIAN_POINT('',(2.401878136714,-0.23025089398139,16.6));
#7520=CARTESIAN_POINT('Ctrl Pts',(2.401878136714,-0.23025089398139,16.6));
#7521=CARTESIAN_POINT('Ctrl Pts',(2.40190788934455,-0.230222775507667,16.6));
#7522=CARTESIAN_POINT('Ctrl Pts',(2.40193764352418,-0.230194658673015,16.6));
#7523=CARTESIAN_POINT('Ctrl Pts',(2.40196739925235,-0.230166543477322,16.6));
#7524=CARTESIAN_POINT('',(2.16163413145363,-0.23025089398139,16.6));
#7525=CARTESIAN_POINT('',(2.28720267567348,-0.23025089398139,16.6));
#7526=CARTESIAN_POINT('',(2.05891222372995,-0.0587644142166264,16.6));
#7527=CARTESIAN_POINT('Origin',(2.02386211112377,-0.000250893981390332,
16.6382249155211));
#7528=CARTESIAN_POINT('',(2.16163413145363,-0.23025089398139,16.7136200835469));
#7529=CARTESIAN_POINT('',(2.16163413145363,-0.23025089398139,16.5745073199694));
#7530=CARTESIAN_POINT('',(2.02386211112377,-0.000250893981390332,16.7564422212003));
#7531=CARTESIAN_POINT('',(2.02386211112377,-0.000250893981390332,16.7564422212003));
#7532=CARTESIAN_POINT('',(2.02386211112377,-0.000250893981390332,16.6382249155211));
#7533=CARTESIAN_POINT('',(2.02386211112377,-0.000250893981390332,16.7564422212003));
#7534=CARTESIAN_POINT('',(2.02386211112377,-0.000250893981390332,16.6382249155211));
#7535=CARTESIAN_POINT('Origin',(2.27350935759051,-0.23025089398139,16.6800887293798));
#7536=CARTESIAN_POINT('',(2.33209395427943,-0.23025089398139,16.7073245014863));
#7537=CARTESIAN_POINT('',(2.33209395427943,-0.23025089398139,16.7073245014863));
#7538=CARTESIAN_POINT('',(2.44658587791673,-0.23025089398139,16.7621100975685));
#7539=CARTESIAN_POINT('',(2.44658587791673,-0.23025089398139,16.7621100975685));
#7540=CARTESIAN_POINT('',(2.36896641385199,-0.23025089398139,16.842776494945));
#7541=CARTESIAN_POINT('',(2.36896641385199,-0.23025089398139,16.842776494945));
#7542=CARTESIAN_POINT('',(2.40074384235236,-0.23025089398139,16.9380506933622));
#7543=CARTESIAN_POINT('',(2.40074384235236,-0.23025089398139,16.9380506933622));
#7544=CARTESIAN_POINT('',(2.34689671591604,-0.23025089398139,16.9643285132668));
#7545=CARTESIAN_POINT('',(2.40074384235236,-0.23025089398139,16.9380506933622));
#7546=CARTESIAN_POINT('',(2.29458912016777,-0.23025089398139,16.9836537322285));
#7547=CARTESIAN_POINT('Ctrl Pts',(2.34689671591604,-0.23025089398139,16.9643285132668));
#7548=CARTESIAN_POINT('Ctrl Pts',(2.32946085066662,-0.23025089398139,16.9707702529207));
#7549=CARTESIAN_POINT('Ctrl Pts',(2.3120249854172,-0.23025089398139,16.9772119925746));
#7550=CARTESIAN_POINT('Ctrl Pts',(2.29458912016777,-0.23025089398139,16.9836537322285));
#7551=CARTESIAN_POINT('',(2.15157023688409,-0.23025089398139,16.8886370424874));
#7552=CARTESIAN_POINT('',(2.15157023688409,-0.23025089398139,16.8886370424874));
#7553=CARTESIAN_POINT('',(2.26529152296805,-0.23025089398139,16.7626349600968));
#7554=CARTESIAN_POINT('',(2.26529152296805,-0.23025089398139,16.7626349600968));
#7555=CARTESIAN_POINT('',(2.16163413145363,-0.23025089398139,16.7136200835469));
#7556=CARTESIAN_POINT('Ctrl Pts',(2.52778823703089,-0.000250893981390443,
16.66994654455));
#7557=CARTESIAN_POINT('Ctrl Pts',(2.46255680944707,-0.0769175606480571,
16.6824058635288));
#7558=CARTESIAN_POINT('Ctrl Pts',(2.39732538186325,-0.153584227314724,16.6948651825076));
#7559=CARTESIAN_POINT('Ctrl Pts',(2.33209395427943,-0.23025089398139,16.7073245014863));
#7560=CARTESIAN_POINT('Ctrl Pts',(2.54052320339285,-0.000250893981390445,
16.6294380519622));
#7561=CARTESIAN_POINT('Ctrl Pts',(2.47880381678703,-0.0769175606480571,
16.6434773597569));
#7562=CARTESIAN_POINT('Ctrl Pts',(2.41708443018121,-0.153584227314724,16.6575166675516));
#7563=CARTESIAN_POINT('Ctrl Pts',(2.3553650435754,-0.23025089398139,16.6715559753462));
#7564=CARTESIAN_POINT('Ctrl Pts',(2.5532581697548,-0.000250893981390446,
16.5889295593744));
#7565=CARTESIAN_POINT('Ctrl Pts',(2.49505082412699,-0.0769175606480571,
16.604548855985));
#7566=CARTESIAN_POINT('Ctrl Pts',(2.43684347849918,-0.153584227314724,16.6201681525955));
#7567=CARTESIAN_POINT('Ctrl Pts',(2.37863613287137,-0.23025089398139,16.6357874492061));
#7568=CARTESIAN_POINT('Ctrl Pts',(2.56599313611675,-0.000250893981390448,
16.5484210667865));
#7569=CARTESIAN_POINT('Ctrl Pts',(2.51129783146695,-0.0769175606480571,
16.565620352213));
#7570=CARTESIAN_POINT('Ctrl Pts',(2.45660252681714,-0.153584227314724,16.5828196376395));
#7571=CARTESIAN_POINT('Ctrl Pts',(2.40190722216734,-0.23025089398139,16.600018923066));
#7572=CARTESIAN_POINT('',(2.52778823703089,-0.000250893981390443,16.66994654455));
#7573=CARTESIAN_POINT('',(2.52778823703089,-0.000250893981390443,16.66994654455));
#7574=CARTESIAN_POINT('',(2.52778823703089,-0.000250893981390443,16.66994654455));
#7575=CARTESIAN_POINT('Ctrl Pts',(2.52778823703089,-0.000250893981390443,
16.66994654455));
#7576=CARTESIAN_POINT('Ctrl Pts',(2.46255680944707,0.0764157726852762,16.6824058635288));
#7577=CARTESIAN_POINT('Ctrl Pts',(2.39732538186325,0.153082439351943,16.6948651825076));
#7578=CARTESIAN_POINT('Ctrl Pts',(2.33209395427943,0.22974910601861,16.7073245014863));
#7579=CARTESIAN_POINT('Ctrl Pts',(2.54052320339285,-0.000250893981390445,
16.6294380519622));
#7580=CARTESIAN_POINT('Ctrl Pts',(2.47880381678703,0.0764157726852761,16.6434773597569));
#7581=CARTESIAN_POINT('Ctrl Pts',(2.41708443018121,0.153082439351943,16.6575166675516));
#7582=CARTESIAN_POINT('Ctrl Pts',(2.3553650435754,0.22974910601861,16.6715559753462));
#7583=CARTESIAN_POINT('Ctrl Pts',(2.5532581697548,-0.000250893981390446,
16.5889295593744));
#7584=CARTESIAN_POINT('Ctrl Pts',(2.49505082412699,0.0764157726852764,16.604548855985));
#7585=CARTESIAN_POINT('Ctrl Pts',(2.43684347849918,0.153082439351943,16.6201681525955));
#7586=CARTESIAN_POINT('Ctrl Pts',(2.37863613287137,0.22974910601861,16.6357874492061));
#7587=CARTESIAN_POINT('Ctrl Pts',(2.56599313611675,-0.000250893981390448,
16.5484210667865));
#7588=CARTESIAN_POINT('Ctrl Pts',(2.51129783146695,0.0764157726852762,16.565620352213));
#7589=CARTESIAN_POINT('Ctrl Pts',(2.45660252681714,0.153082439351943,16.5828196376395));
#7590=CARTESIAN_POINT('Ctrl Pts',(2.40190722216734,0.22974910601861,16.600018923066));
#7591=CARTESIAN_POINT('',(2.33209395427943,0.22974910601861,16.7073245014863));
#7592=CARTESIAN_POINT('',(2.33209395427943,0.22974910601861,16.7073245014863));
#7593=CARTESIAN_POINT('',(2.52778823703089,-0.000250893981390443,16.66994654455));
#7594=CARTESIAN_POINT('Ctrl Pts',(2.31075321763659,-0.00025089398139041,
16.975639779885));
#7595=CARTESIAN_POINT('Ctrl Pts',(2.32105361116134,-0.0769175606480571,
16.9727221217269));
#7596=CARTESIAN_POINT('Ctrl Pts',(2.3313540046861,-0.153584227314724,16.9698044635689));
#7597=CARTESIAN_POINT('Ctrl Pts',(2.34165439821085,-0.23025089398139,16.9668868054108));
#7598=CARTESIAN_POINT('Ctrl Pts',(2.39976489101638,-0.000250893981390421,
16.9504266038665));
#7599=CARTESIAN_POINT('Ctrl Pts',(2.38696022054137,-0.076917560648057,16.9527093252648));
#7600=CARTESIAN_POINT('Ctrl Pts',(2.37415555006636,-0.153584227314724,16.954992046663));
#7601=CARTESIAN_POINT('Ctrl Pts',(2.36135087959135,-0.23025089398139,16.9572747680613));
#7602=CARTESIAN_POINT('Ctrl Pts',(2.48877656439616,-0.000250893981390432,
16.9252134278481));
#7603=CARTESIAN_POINT('Ctrl Pts',(2.45286682992139,-0.0769175606480571,
16.9326965288026));
#7604=CARTESIAN_POINT('Ctrl Pts',(2.41695709544663,-0.153584227314724,16.9401796297572));
#7605=CARTESIAN_POINT('Ctrl Pts',(2.38104736097186,-0.23025089398139,16.9476627307117));
#7606=CARTESIAN_POINT('Ctrl Pts',(2.57778823777595,-0.000250893981390443,
16.9000002518296));
#7607=CARTESIAN_POINT('Ctrl Pts',(2.51877343930142,-0.0769175606480571,
16.9126837323405));
#7608=CARTESIAN_POINT('Ctrl Pts',(2.45975864082689,-0.153584227314724,16.9253672128513));
#7609=CARTESIAN_POINT('Ctrl Pts',(2.40074384235236,-0.23025089398139,16.9380506933622));
#7610=CARTESIAN_POINT('',(2.31075321763659,-0.000250893981390443,16.975639779885));
#7611=CARTESIAN_POINT('Ctrl Pts',(2.31075321763659,-0.00025089398139041,
16.975639779885));
#7612=CARTESIAN_POINT('Ctrl Pts',(2.31083756079017,-0.000606237161289206,
16.9756158890997));
#7613=CARTESIAN_POINT('Ctrl Pts',(2.3109217793143,-0.00096161184322815,
16.9755920259304));
#7614=CARTESIAN_POINT('Ctrl Pts',(2.31100587309268,-0.00131701783205041,
16.9755681904059));
#7615=CARTESIAN_POINT('Ctrl Pts',(2.31994411342106,-0.0390927511119789,
16.9730347372755));
#7616=CARTESIAN_POINT('Ctrl Pts',(2.32746199143419,-0.0771753981042893,
16.9708167342195));
#7617=CARTESIAN_POINT('Ctrl Pts',(2.33348585325287,-0.115561263513835,16.9689308099386));
#7618=CARTESIAN_POINT('Ctrl Pts',(2.33945547620403,-0.153601502491179,16.9670618665249));
#7619=CARTESIAN_POINT('Ctrl Pts',(2.34394096998003,-0.19183184965911,16.9655243385938));
#7620=CARTESIAN_POINT('Ctrl Pts',(2.34689671591604,-0.23025089398139,16.9643285132668));
#7621=CARTESIAN_POINT('',(2.57778823777595,-0.000250893981390443,16.9000002518296));
#7622=CARTESIAN_POINT('',(2.57778823777595,-0.000250893981390443,16.9000002518296));
#7623=CARTESIAN_POINT('',(2.57778823777595,-0.000250893981390443,16.9000002518296));
#7624=CARTESIAN_POINT('Ctrl Pts',(2.57778823777595,-0.000250893981390443,
16.9000002518296));
#7625=CARTESIAN_POINT('Ctrl Pts',(2.51877343930142,-0.0769175606480571,
16.9126837323405));
#7626=CARTESIAN_POINT('Ctrl Pts',(2.45975864082689,-0.153584227314724,16.9253672128513));
#7627=CARTESIAN_POINT('Ctrl Pts',(2.40074384235236,-0.23025089398139,16.9380506933622));
#7628=CARTESIAN_POINT('Ctrl Pts',(2.56112157086093,-0.000250893981390441,
16.8666669179996));
#7629=CARTESIAN_POINT('Ctrl Pts',(2.50413150263581,-0.0769175606480571,
16.8798754877408));
#7630=CARTESIAN_POINT('Ctrl Pts',(2.44714143441069,-0.153584227314724,16.8930840574819));
#7631=CARTESIAN_POINT('Ctrl Pts',(2.39015136618557,-0.23025089398139,16.9062926272231));
#7632=CARTESIAN_POINT('Ctrl Pts',(2.54445490394591,-0.000250893981390439,
16.8333335841695));
#7633=CARTESIAN_POINT('Ctrl Pts',(2.4894895659702,-0.0769175606480571,16.847067243141));
#7634=CARTESIAN_POINT('Ctrl Pts',(2.43452422799449,-0.153584227314724,16.8608009021125));
#7635=CARTESIAN_POINT('Ctrl Pts',(2.37955889001878,-0.23025089398139,16.874534561084));
#7636=CARTESIAN_POINT('Ctrl Pts',(2.52778823703089,-0.000250893981390437,
16.8000002503395));
#7637=CARTESIAN_POINT('Ctrl Pts',(2.47484762930459,-0.0769175606480571,
16.8142589985413));
#7638=CARTESIAN_POINT('Ctrl Pts',(2.42190702157829,-0.153584227314724,16.8285177467431));
#7639=CARTESIAN_POINT('Ctrl Pts',(2.36896641385199,-0.23025089398139,16.842776494945));
#7640=CARTESIAN_POINT('',(2.52778823703089,-0.000250893981390443,16.8000002503395));
#7641=CARTESIAN_POINT('',(2.57778823777595,-0.000250893981390443,16.9000002518296));
#7642=CARTESIAN_POINT('',(2.52778823703089,-0.000250893981390443,16.8000002503395));
#7643=CARTESIAN_POINT('Ctrl Pts',(2.52778823703089,-0.000250893981390443,
16.8000002503395));
#7644=CARTESIAN_POINT('Ctrl Pts',(2.47484762930459,-0.0769175606480571,
16.8142589985413));
#7645=CARTESIAN_POINT('Ctrl Pts',(2.42190702157829,-0.153584227314724,16.8285177467431));
#7646=CARTESIAN_POINT('Ctrl Pts',(2.36896641385199,-0.23025089398139,16.842776494945));
#7647=CARTESIAN_POINT('Ctrl Pts',(2.5532581697548,-0.000250893981390446,
16.7646561937137));
#7648=CARTESIAN_POINT('Ctrl Pts',(2.50045196934995,-0.0769175606480571,
16.7817333610823));
#7649=CARTESIAN_POINT('Ctrl Pts',(2.44764576894509,-0.153584227314724,16.7988105284509));
#7650=CARTESIAN_POINT('Ctrl Pts',(2.39483956854024,-0.23025089398139,16.8158876958195));
#7651=CARTESIAN_POINT('Ctrl Pts',(2.57872810247871,-0.000250893981390449,
16.7293121370879));
#7652=CARTESIAN_POINT('Ctrl Pts',(2.5260563093953,-0.0769175606480571,16.7492077236233));
#7653=CARTESIAN_POINT('Ctrl Pts',(2.47338451631189,-0.153584227314724,16.7691033101586));
#7654=CARTESIAN_POINT('Ctrl Pts',(2.42071272322848,-0.23025089398139,16.788998896694));
#7655=CARTESIAN_POINT('Ctrl Pts',(2.60419803520261,-0.000250893981390453,
16.6939680804621));
#7656=CARTESIAN_POINT('Ctrl Pts',(2.55166064944065,-0.0769175606480571,
16.7166820861642));
#7657=CARTESIAN_POINT('Ctrl Pts',(2.49912326367869,-0.153584227314724,16.7393960918664));
#7658=CARTESIAN_POINT('Ctrl Pts',(2.44658587791673,-0.23025089398139,16.7621100975685));
#7659=CARTESIAN_POINT('',(2.60419803520261,-0.000250893981390443,16.6939680804621));
#7660=CARTESIAN_POINT('',(2.52778823703089,-0.000250893981390443,16.8000002503395));
#7661=CARTESIAN_POINT('',(2.60419803520261,-0.000250893981390443,16.6939680804621));
#7662=CARTESIAN_POINT('Ctrl Pts',(2.60419803520261,-0.000250893981390443,
16.6939680804621));
#7663=CARTESIAN_POINT('Ctrl Pts',(2.55166064944065,-0.0769175606480571,
16.7166820861642));
#7664=CARTESIAN_POINT('Ctrl Pts',(2.49912326367869,-0.153584227314724,16.7393960918664));
#7665=CARTESIAN_POINT('Ctrl Pts',(2.44658587791673,-0.23025089398139,16.7621100975685));
#7666=CARTESIAN_POINT('Ctrl Pts',(2.57872810247871,-0.00025089398139044,
16.6859609018247));
#7667=CARTESIAN_POINT('Ctrl Pts',(2.52195936944279,-0.0769175606480571,
16.7052566786191));
#7668=CARTESIAN_POINT('Ctrl Pts',(2.46519063640688,-0.153584227314724,16.7245524554134));
#7669=CARTESIAN_POINT('Ctrl Pts',(2.40842190337096,-0.23025089398139,16.7438482322078));
#7670=CARTESIAN_POINT('Ctrl Pts',(2.5532581697548,-0.000250893981390437,
16.6779537231874));
#7671=CARTESIAN_POINT('Ctrl Pts',(2.49225808944493,-0.0769175606480571,
16.6938312710739));
#7672=CARTESIAN_POINT('Ctrl Pts',(2.43125800913506,-0.153584227314724,16.7097088189605));
#7673=CARTESIAN_POINT('Ctrl Pts',(2.3702579288252,-0.23025089398139,16.7255863668471));
#7674=CARTESIAN_POINT('Ctrl Pts',(2.52778823703089,-0.000250893981390434,
16.66994654455));
#7675=CARTESIAN_POINT('Ctrl Pts',(2.46255680944707,-0.0769175606480571,
16.6824058635288));
#7676=CARTESIAN_POINT('Ctrl Pts',(2.39732538186325,-0.153584227314724,16.6948651825076));
#7677=CARTESIAN_POINT('Ctrl Pts',(2.33209395427943,-0.23025089398139,16.7073245014863));
#7678=CARTESIAN_POINT('',(2.60419803520261,-0.000250893981390443,16.6939680804621));
#7679=CARTESIAN_POINT('Origin',(2.00778815365889,-0.000250893981390332,
16.5499996300787));
#7680=CARTESIAN_POINT('',(1.9691292052762,-0.000250893981390332,16.6317561503458));
#7681=CARTESIAN_POINT('',(1.9691292052762,-0.000250893981390332,16.6317561503458));
#7682=CARTESIAN_POINT('',(1.9691292052762,-0.000250893981390332,16.6317561503458));
#7683=CARTESIAN_POINT('Origin',(1.9691292052762,-0.000250893981390332,16.6317561503458));
#7684=CARTESIAN_POINT('',(2.02386211112377,-0.000250893981390332,16.6382249155211));
#7685=CARTESIAN_POINT('Origin',(2.02386211112377,-0.000250893981390332,
16.7564422212003));
#7686=CARTESIAN_POINT('',(2.11733847287539,-0.000250893981390332,16.800642950783));
#7687=CARTESIAN_POINT('',(2.11733847287539,-0.000250893981390332,16.800642950783));
#7688=CARTESIAN_POINT('',(2.11733847287539,-0.000250893981390332,16.800642950783));
#7689=CARTESIAN_POINT('Origin',(2.11733847287539,-0.000250893981390332,
16.800642950783));
#7690=CARTESIAN_POINT('',(2.00601989672058,-0.000250893981390332,16.9239828538677));
#7691=CARTESIAN_POINT('',(2.00601989672058,-0.000250893981390332,16.9239828538677));
#7692=CARTESIAN_POINT('',(2.00601989672058,-0.000250893981390332,16.9239828538677));
#7693=CARTESIAN_POINT('Ctrl Pts',(2.00601989672058,-0.000250893981390318,
16.9239828538677));
#7694=CARTESIAN_POINT('Ctrl Pts',(2.05453667677508,-0.076917560648057,16.9122009167409));
#7695=CARTESIAN_POINT('Ctrl Pts',(2.10305345682958,-0.153584227314724,16.9004189796141));
#7696=CARTESIAN_POINT('Ctrl Pts',(2.15157023688409,-0.23025089398139,16.8886370424874));
#7697=CARTESIAN_POINT('Ctrl Pts',(2.04480544198805,-0.000250893981390323,
16.9589881649356));
#7698=CARTESIAN_POINT('Ctrl Pts',(2.09688261966221,-0.0769175606480569,
16.9464924414382));
#7699=CARTESIAN_POINT('Ctrl Pts',(2.14895979733638,-0.153584227314724,16.9339967179409));
#7700=CARTESIAN_POINT('Ctrl Pts',(2.20103697501054,-0.23025089398139,16.9215009944436));
#7701=CARTESIAN_POINT('Ctrl Pts',(2.08359098725552,-0.000250893981390327,
16.9939934760035));
#7702=CARTESIAN_POINT('Ctrl Pts',(2.13922856254935,-0.0769175606480572,
16.9807839661356));
#7703=CARTESIAN_POINT('Ctrl Pts',(2.19486613784317,-0.153584227314724,16.9675744562677));
#7704=CARTESIAN_POINT('Ctrl Pts',(2.250503713137,-0.23025089398139,16.9543649463998));
#7705=CARTESIAN_POINT('Ctrl Pts',(2.12237653252298,-0.000250893981390332,
17.0289987870714));
#7706=CARTESIAN_POINT('Ctrl Pts',(2.18157450543648,-0.076917560648057,17.0150754908329));
#7707=CARTESIAN_POINT('Ctrl Pts',(2.24077247834997,-0.153584227314724,17.0011521945945));
#7708=CARTESIAN_POINT('Ctrl Pts',(2.29997045126346,-0.23025089398139,16.987228898356));
#7709=CARTESIAN_POINT('',(2.12237653252298,-0.000250893981390332,17.0289987870714));
#7710=CARTESIAN_POINT('Ctrl Pts',(2.29458912016778,-0.23025089398139,16.9836537322285));
#7711=CARTESIAN_POINT('Ctrl Pts',(2.27763179060218,-0.206437370378975,16.988824605871));
#7712=CARTESIAN_POINT('Ctrl Pts',(2.25856441544822,-0.180535164685968,16.9941122390005));
#7713=CARTESIAN_POINT('Ctrl Pts',(2.20411716885762,-0.107383494269993,17.0087172109251));
#7714=CARTESIAN_POINT('Ctrl Pts',(2.1584569439535,-0.0474243523519211,17.0201208167576));
#7715=CARTESIAN_POINT('Ctrl Pts',(2.12237653252298,-0.000250893981390464,
17.0289987870714));
#7716=CARTESIAN_POINT('',(2.12237653252298,-0.000250893981390332,17.0289987870714));
#7717=CARTESIAN_POINT('Ctrl Pts',(2.12237653252298,-0.000250893981390387,
17.0289987870714));
#7718=CARTESIAN_POINT('Ctrl Pts',(2.18157450543648,-0.10025089398139,17.0150754908329));
#7719=CARTESIAN_POINT('Ctrl Pts',(2.24077247834997,-0.20025089398139,17.0011521945945));
#7720=CARTESIAN_POINT('Ctrl Pts',(2.29997045126346,-0.30025089398139,16.987228898356));
#7721=CARTESIAN_POINT('Ctrl Pts',(2.27418043427397,-0.000250893981390406,
16.9859992753241));
#7722=CARTESIAN_POINT('Ctrl Pts',(2.29397415005812,-0.10025089398139,16.9809449046688));
#7723=CARTESIAN_POINT('Ctrl Pts',(2.31376786584228,-0.20025089398139,16.9758905340134));
#7724=CARTESIAN_POINT('Ctrl Pts',(2.33356158162643,-0.30025089398139,16.9708361633581));
#7725=CARTESIAN_POINT('Ctrl Pts',(2.42598433602496,-0.000250893981390425,
16.9429997635769));
#7726=CARTESIAN_POINT('Ctrl Pts',(2.40637379467977,-0.10025089398139,16.9468143185046));
#7727=CARTESIAN_POINT('Ctrl Pts',(2.38676325333458,-0.20025089398139,16.9506288734324));
#7728=CARTESIAN_POINT('Ctrl Pts',(2.36715271198939,-0.30025089398139,16.9544434283601));
#7729=CARTESIAN_POINT('Ctrl Pts',(2.57778823777595,-0.000250893981390443,
16.9000002518296));
#7730=CARTESIAN_POINT('Ctrl Pts',(2.51877343930142,-0.10025089398139,16.9126837323405));
#7731=CARTESIAN_POINT('Ctrl Pts',(2.45975864082689,-0.20025089398139,16.9253672128513));
#7732=CARTESIAN_POINT('Ctrl Pts',(2.40074384235236,-0.30025089398139,16.9380506933622));
#7733=CARTESIAN_POINT('',(2.57778823777595,-0.000250893981390443,16.9000002518296));
#7734=CARTESIAN_POINT('',(2.40074384235236,-0.30025089398139,16.9380506933622));
#7735=CARTESIAN_POINT('',(2.57778823777595,-0.000250893981390443,16.9000002518296));
#7736=CARTESIAN_POINT('',(2.29997045126346,-0.30025089398139,16.987228898356));
#7737=CARTESIAN_POINT('',(2.40074384235236,-0.30025089398139,16.9380506933622));
#7738=CARTESIAN_POINT('',(2.12237653252298,-0.000250893981390332,17.0289987870714));
#7739=CARTESIAN_POINT('Origin',(2.4387903196874,-0.30025089398139,17.6555637687642));
#7740=CARTESIAN_POINT('',(2.42778823554078,-0.30025089398139,17.0000002533197));
#7741=CARTESIAN_POINT('',(2.42778823554078,-0.30025089398139,17.0000002533197));
#7742=CARTESIAN_POINT('',(2.65778813913026,-0.30025089398139,17.3099996130913));
#7743=CARTESIAN_POINT('',(2.65778813913026,-0.30025089398139,17.3099996130913));
#7744=CARTESIAN_POINT('',(2.12778815097669,-0.30025089398139,17.4199996106327));
#7745=CARTESIAN_POINT('Ctrl Pts',(2.65778813913026,-0.30025089398139,17.3099996130913));
#7746=CARTESIAN_POINT('Ctrl Pts',(2.65791726385186,-0.30025089398139,17.3829346441951));
#7747=CARTESIAN_POINT('Ctrl Pts',(2.65724144598105,-0.30025089398139,17.5226465822557));
#7748=CARTESIAN_POINT('Ctrl Pts',(2.65342561718207,-0.30025089398139,17.7137407758521));
#7749=CARTESIAN_POINT('Ctrl Pts',(2.64264057749133,-0.30025089398139,17.9309720543153));
#7750=CARTESIAN_POINT('Ctrl Pts',(2.61901687597324,-0.30025089398139,18.1356442691033));
#7751=CARTESIAN_POINT('Ctrl Pts',(2.58433459486797,-0.30025089398139,18.2674094193194));
#7752=CARTESIAN_POINT('Ctrl Pts',(2.53767588984941,-0.30025089398139,18.3202163358257));
#7753=CARTESIAN_POINT('Ctrl Pts',(2.47851191252359,-0.30025089398139,18.2905784240127));
#7754=CARTESIAN_POINT('Ctrl Pts',(2.40730236344115,-0.30025089398139,18.1815264002101));
#7755=CARTESIAN_POINT('Ctrl Pts',(2.32494168247648,-0.30025089398139,17.9989571325606));
#7756=CARTESIAN_POINT('Ctrl Pts',(2.25085674973624,-0.30025089398139,17.7988645265834));
#7757=CARTESIAN_POINT('Ctrl Pts',(2.19097452284366,-0.30025089398139,17.6203238612242));
#7758=CARTESIAN_POINT('Ctrl Pts',(2.14916496225232,-0.30025089398139,17.4888490331306));
#7759=CARTESIAN_POINT('Ctrl Pts',(2.12778815097669,-0.30025089398139,17.4199996106327));
#7760=CARTESIAN_POINT('',(2.29997045126346,-0.30025089398139,16.987228898356));
#7761=CARTESIAN_POINT('Ctrl Pts',(2.57778823777595,-0.000250893981390406,
16.9000002518296));
#7762=CARTESIAN_POINT('Ctrl Pts',(2.51877343930142,-0.10025089398139,16.9126837323405));
#7763=CARTESIAN_POINT('Ctrl Pts',(2.45975864082689,-0.20025089398139,16.9253672128513));
#7764=CARTESIAN_POINT('Ctrl Pts',(2.40074384235236,-0.30025089398139,16.9380506933622));
#7765=CARTESIAN_POINT('Ctrl Pts',(2.5926902344077,-0.000250893981390408,
16.9149022484614));
#7766=CARTESIAN_POINT('Ctrl Pts',(2.53171303629908,-0.10025089398139,16.9295016812014));
#7767=CARTESIAN_POINT('Ctrl Pts',(2.47073583819046,-0.200250893981391,16.9441011139414));
#7768=CARTESIAN_POINT('Ctrl Pts',(2.40975864008183,-0.30025089398139,16.9587005466813));
#7769=CARTESIAN_POINT('Ctrl Pts',(2.60759223103946,-0.00025089398139041,
16.9298042450931));
#7770=CARTESIAN_POINT('Ctrl Pts',(2.54465263329674,-0.100250893981391,16.9463196300623));
#7771=CARTESIAN_POINT('Ctrl Pts',(2.48171303555402,-0.20025089398139,16.9628350150314));
#7772=CARTESIAN_POINT('Ctrl Pts',(2.4187734378113,-0.30025089398139,16.9793504000005));
#7773=CARTESIAN_POINT('Ctrl Pts',(2.62249422767121,-0.000250893981390412,
16.9447062417249));
#7774=CARTESIAN_POINT('Ctrl Pts',(2.5575922302944,-0.10025089398139,16.9631375789232));
#7775=CARTESIAN_POINT('Ctrl Pts',(2.49269023291759,-0.20025089398139,16.9815689161215));
#7776=CARTESIAN_POINT('Ctrl Pts',(2.42778823554078,-0.30025089398139,17.0000002533197));
#7777=CARTESIAN_POINT('',(2.62249422767121,-0.000250893981390443,16.9447062417249));
#7778=CARTESIAN_POINT('',(2.8777882422463,-0.000250893981390443,17.2000002563));
#7779=CARTESIAN_POINT('',(2.62249422767121,-0.000250893981390443,16.9447062417249));
#7780=CARTESIAN_POINT('Ctrl Pts',(2.62249422767121,-0.000250893981390412,
16.9447062417249));
#7781=CARTESIAN_POINT('Ctrl Pts',(2.5575922302944,-0.10025089398139,16.9631375789232));
#7782=CARTESIAN_POINT('Ctrl Pts',(2.49269023291759,-0.20025089398139,16.9815689161215));
#7783=CARTESIAN_POINT('Ctrl Pts',(2.42778823554078,-0.30025089398139,17.0000002533197));
#7784=CARTESIAN_POINT('Ctrl Pts',(2.70759223252957,-0.000250893981390422,
17.0298042465832));
#7785=CARTESIAN_POINT('Ctrl Pts',(2.63987977837658,-0.100250893981391,17.05431395547));
#7786=CARTESIAN_POINT('Ctrl Pts',(2.57216732422359,-0.20025089398139,17.0788236643568));
#7787=CARTESIAN_POINT('Ctrl Pts',(2.5044548700706,-0.30025089398139,17.1033333732436));
#7788=CARTESIAN_POINT('Ctrl Pts',(2.79269023738793,-0.000250893981390433,
17.1149022514416));
#7789=CARTESIAN_POINT('Ctrl Pts',(2.72216732645877,-0.10025089398139,17.1454903320169));
#7790=CARTESIAN_POINT('Ctrl Pts',(2.6516444155296,-0.200250893981391,17.1760784125922));
#7791=CARTESIAN_POINT('Ctrl Pts',(2.58112150460043,-0.30025089398139,17.2066664931675));
#7792=CARTESIAN_POINT('Ctrl Pts',(2.8777882422463,-0.000250893981390443,
17.2000002563));
#7793=CARTESIAN_POINT('Ctrl Pts',(2.80445487454095,-0.10025089398139,17.2366667085638));
#7794=CARTESIAN_POINT('Ctrl Pts',(2.73112150683561,-0.20025089398139,17.2733331608276));
#7795=CARTESIAN_POINT('Ctrl Pts',(2.65778813913026,-0.30025089398139,17.3099996130913));
#7796=CARTESIAN_POINT('',(2.8777882422463,-0.000250893981390443,17.2000002563));
#7797=CARTESIAN_POINT('',(2.8777882422463,-0.000250893981390443,17.2000002563));
#7798=CARTESIAN_POINT('',(2.8777882422463,-0.000250893981390443,17.2000002563));
#7799=CARTESIAN_POINT('Ctrl Pts',(2.8777882422463,-0.000250893981390443,
17.2000002563));
#7800=CARTESIAN_POINT('Ctrl Pts',(2.80445487454095,-0.10025089398139,17.2366667085638));
#7801=CARTESIAN_POINT('Ctrl Pts',(2.73112150683561,-0.20025089398139,17.2733331608276));
#7802=CARTESIAN_POINT('Ctrl Pts',(2.65778813913026,-0.30025089398139,17.3099996130913));
#7803=CARTESIAN_POINT('Ctrl Pts',(2.8839122468541,-0.000250893981390443,
17.5576805829849));
#7804=CARTESIAN_POINT('Ctrl Pts',(2.80864522194507,-0.100250893981391,17.5330392226677));
#7805=CARTESIAN_POINT('Ctrl Pts',(2.73336260385262,-0.20025089398139,17.5082958093698));
#7806=CARTESIAN_POINT('Ctrl Pts',(2.65809557894359,-0.30025089398139,17.4836544490526));
#7807=CARTESIAN_POINT('Ctrl Pts',(2.88282976668307,-0.000250893981390443,
18.1855029403386));
#7808=CARTESIAN_POINT('Ctrl Pts',(2.80602005087504,-0.10025089398139,18.0534569884088));
#7809=CARTESIAN_POINT('Ctrl Pts',(2.72922128436938,-0.200250893981391,17.9214827160637));
#7810=CARTESIAN_POINT('Ctrl Pts',(2.65241156856135,-0.300250893981391,17.7894367641339));
#7811=CARTESIAN_POINT('Ctrl Pts',(2.83917216374666,-0.000250893981390446,
18.8512095160649));
#7812=CARTESIAN_POINT('Ctrl Pts',(2.76745788921723,-0.100250893981391,18.6065402404731));
#7813=CARTESIAN_POINT('Ctrl Pts',(2.6957350007431,-0.20025089398139,18.3618145726768));
#7814=CARTESIAN_POINT('Ctrl Pts',(2.62402072621366,-0.300250893981391,18.1171452970851));
#7815=CARTESIAN_POINT('Ctrl Pts',(2.7485024856449,-0.000250893981390441,
19.2081984721396));
#7816=CARTESIAN_POINT('Ctrl Pts',(2.69012198958291,-0.10025089398139,18.9048123214603));
#7817=CARTESIAN_POINT('Ctrl Pts',(2.6317549765352,-0.200250893981391,18.6015144343241));
#7818=CARTESIAN_POINT('Ctrl Pts',(2.5733744804732,-0.30025089398139,18.2981282836449));
#7819=CARTESIAN_POINT('Ctrl Pts',(2.55767777816795,-0.000250893981390457,
19.2249574781287));
#7820=CARTESIAN_POINT('Ctrl Pts',(2.52932675709451,-0.100250893981391,18.9234435169209));
#7821=CARTESIAN_POINT('Ctrl Pts',(2.50095850449624,-0.20025089398139,18.621816810459));
#7822=CARTESIAN_POINT('Ctrl Pts',(2.4726074834228,-0.300250893981391,18.3203028492512));
#7823=CARTESIAN_POINT('Ctrl Pts',(2.26250508099232,-0.000250893981390426,
18.556486936553));
#7824=CARTESIAN_POINT('Ctrl Pts',(2.28227250251089,-0.10025089398139,18.3751974605231));
#7825=CARTESIAN_POINT('Ctrl Pts',(2.30203500581135,-0.200250893981391,18.1938756989348));
#7826=CARTESIAN_POINT('Ctrl Pts',(2.32180242732992,-0.30025089398139,18.0125862229049));
#7827=CARTESIAN_POINT('Ctrl Pts',(1.97893579402986,-0.000250893981390332,
17.646747974951));
#7828=CARTESIAN_POINT('Ctrl Pts',(2.04551500104848,-0.100250893981391,17.625781552357));
#7829=CARTESIAN_POINT('Ctrl Pts',(2.11210611366195,-0.20025089398139,17.6048932296503));
#7830=CARTESIAN_POINT('Ctrl Pts',(2.17868532068057,-0.30025089398139,17.5839268070564));
#7831=CARTESIAN_POINT('Ctrl Pts',(1.87778822734514,-0.000250893981390332,
17.3000002577901));
#7832=CARTESIAN_POINT('Ctrl Pts',(1.96112153522232,-0.10025089398139,17.3400000420709));
#7833=CARTESIAN_POINT('Ctrl Pts',(2.0444548430995,-0.20025089398139,17.3799998263518));
#7834=CARTESIAN_POINT('Ctrl Pts',(2.12778815097669,-0.30025089398139,17.4199996106327));
#7835=CARTESIAN_POINT('',(1.87778822734514,-0.000250893981390332,17.3000002577901));
#7836=CARTESIAN_POINT('Ctrl Pts',(2.8777882422463,-0.000250893981390443,
17.2000002563));
#7837=CARTESIAN_POINT('Ctrl Pts',(2.88036032418158,-0.000250893981390443,
17.3502259935076));
#7838=CARTESIAN_POINT('Ctrl Pts',(2.88352774857848,-0.000250893981390443,
17.637696668781));
#7839=CARTESIAN_POINT('Ctrl Pts',(2.88234882038843,-0.000250893981390443,
18.0299612931552));
#7840=CARTESIAN_POINT('Ctrl Pts',(2.86872033730051,-0.000250893981390443,
18.4738079775536));
#7841=CARTESIAN_POINT('Ctrl Pts',(2.83023149742551,-0.000250893981390443,
18.8877378048636));
#7842=CARTESIAN_POINT('Ctrl Pts',(2.76839100757812,-0.000250893981390443,
19.1483226507181));
#7843=CARTESIAN_POINT('Ctrl Pts',(2.68132260893303,-0.000250893981390443,
19.2432415495689));
#7844=CARTESIAN_POINT('Ctrl Pts',(2.5680559659562,-0.000250893981390443,
19.1661225283578));
#7845=CARTESIAN_POINT('Ctrl Pts',(2.42969207151928,-0.000250893981390443,
18.9241955572018));
#7846=CARTESIAN_POINT('Ctrl Pts',(2.26815140405813,-0.000250893981390443,
18.5300719817868));
#7847=CARTESIAN_POINT('Ctrl Pts',(2.12191210152267,-0.000250893981390332,
18.103093535063));
#7848=CARTESIAN_POINT('Ctrl Pts',(2.00327630672341,-0.000250893981390332,
17.7240455946544));
#7849=CARTESIAN_POINT('Ctrl Pts',(1.92027020535272,-0.000250893981390332,
17.4456342989977));
#7850=CARTESIAN_POINT('Ctrl Pts',(1.87778822734514,-0.000250893981390332,
17.3000002577901));
#7851=CARTESIAN_POINT('',(1.87778822734514,-0.000250893981390332,17.3000002577901));
#7852=CARTESIAN_POINT('Ctrl Pts',(1.87778822734514,-0.000250893981390332,
17.3000002577901));
#7853=CARTESIAN_POINT('Ctrl Pts',(1.96112153522232,-0.10025089398139,17.3400000420709));
#7854=CARTESIAN_POINT('Ctrl Pts',(2.0444548430995,-0.20025089398139,17.3799998263518));
#7855=CARTESIAN_POINT('Ctrl Pts',(2.12778815097669,-0.30025089398139,17.4199996106327));
#7856=CARTESIAN_POINT('Ctrl Pts',(1.95931766240442,-0.000250893981390342,
17.2096664342172));
#7857=CARTESIAN_POINT('Ctrl Pts',(2.03460585862704,-0.10025089398139,17.2316918583249));
#7858=CARTESIAN_POINT('Ctrl Pts',(2.10989405484966,-0.20025089398139,17.2537172824327));
#7859=CARTESIAN_POINT('Ctrl Pts',(2.18518225107228,-0.30025089398139,17.2757427065404));
#7860=CARTESIAN_POINT('Ctrl Pts',(2.0408470974637,-0.000250893981390352,
17.1193326106443));
#7861=CARTESIAN_POINT('Ctrl Pts',(2.10809018203176,-0.10025089398139,17.1233836745789));
#7862=CARTESIAN_POINT('Ctrl Pts',(2.17533326659981,-0.20025089398139,17.1274347385136));
#7863=CARTESIAN_POINT('Ctrl Pts',(2.24257635116787,-0.30025089398139,17.1314858024482));
#7864=CARTESIAN_POINT('Ctrl Pts',(2.12237653252298,-0.000250893981390362,
17.0289987870714));
#7865=CARTESIAN_POINT('Ctrl Pts',(2.18157450543648,-0.10025089398139,17.0150754908329));
#7866=CARTESIAN_POINT('Ctrl Pts',(2.24077247834997,-0.20025089398139,17.0011521945945));
#7867=CARTESIAN_POINT('Ctrl Pts',(2.29997045126346,-0.30025089398139,16.987228898356));
#7868=CARTESIAN_POINT('',(1.87778822734514,-0.000250893981390332,17.3000002577901));
#7869=CARTESIAN_POINT('Ctrl Pts',(2.31075321763659,-0.00025089398139041,
16.975639779885));
#7870=CARTESIAN_POINT('Ctrl Pts',(2.32105361116134,0.0764157726852762,16.9727221217269));
#7871=CARTESIAN_POINT('Ctrl Pts',(2.3313540046861,0.153082439351943,16.9698044635689));
#7872=CARTESIAN_POINT('Ctrl Pts',(2.34165439821085,0.22974910601861,16.9668868054108));
#7873=CARTESIAN_POINT('Ctrl Pts',(2.39976489101638,-0.000250893981390421,
16.9504266038665));
#7874=CARTESIAN_POINT('Ctrl Pts',(2.38696022054137,0.0764157726852761,16.9527093252648));
#7875=CARTESIAN_POINT('Ctrl Pts',(2.37415555006636,0.153082439351943,16.954992046663));
#7876=CARTESIAN_POINT('Ctrl Pts',(2.36135087959135,0.22974910601861,16.9572747680613));
#7877=CARTESIAN_POINT('Ctrl Pts',(2.48877656439616,-0.000250893981390432,
16.9252134278481));
#7878=CARTESIAN_POINT('Ctrl Pts',(2.45286682992139,0.0764157726852763,16.9326965288026));
#7879=CARTESIAN_POINT('Ctrl Pts',(2.41695709544663,0.153082439351943,16.9401796297572));
#7880=CARTESIAN_POINT('Ctrl Pts',(2.38104736097186,0.22974910601861,16.9476627307117));
#7881=CARTESIAN_POINT('Ctrl Pts',(2.57778823777595,-0.000250893981390443,
16.9000002518296));
#7882=CARTESIAN_POINT('Ctrl Pts',(2.51877343930142,0.0764157726852762,16.9126837323405));
#7883=CARTESIAN_POINT('Ctrl Pts',(2.45975864082689,0.153082439351943,16.9253672128513));
#7884=CARTESIAN_POINT('Ctrl Pts',(2.40074384235236,0.22974910601861,16.9380506933622));
#7885=CARTESIAN_POINT('',(2.34689671591604,0.22974910601861,16.9643285132668));
#7886=CARTESIAN_POINT('Ctrl Pts',(2.31075321763659,-0.00025089398139041,
16.975639779885));
#7887=CARTESIAN_POINT('Ctrl Pts',(2.31083756079017,0.000104449198508385,
16.9756158890997));
#7888=CARTESIAN_POINT('Ctrl Pts',(2.3109217793143,0.000459823880447329,
16.9755920259304));
#7889=CARTESIAN_POINT('Ctrl Pts',(2.31100587309268,0.000815229869269586,
16.9755681904059));
#7890=CARTESIAN_POINT('Ctrl Pts',(2.31994411342106,0.0385909631491981,16.9730347372755));
#7891=CARTESIAN_POINT('Ctrl Pts',(2.32746199143419,0.0766736101415084,16.9708167342195));
#7892=CARTESIAN_POINT('Ctrl Pts',(2.33348585325287,0.115059475551054,16.9689308099386));
#7893=CARTESIAN_POINT('Ctrl Pts',(2.33945547620403,0.153099714528398,16.9670618665249));
#7894=CARTESIAN_POINT('Ctrl Pts',(2.34394096998003,0.191330061696329,16.9655243385938));
#7895=CARTESIAN_POINT('Ctrl Pts',(2.34689671591604,0.22974910601861,16.9643285132668));
#7896=CARTESIAN_POINT('',(2.40074384235236,0.22974910601861,16.9380506933622));
#7897=CARTESIAN_POINT('',(2.57778823777595,-0.000250893981390443,16.9000002518296));
#7898=CARTESIAN_POINT('',(2.40074384235236,0.22974910601861,16.9380506933622));
#7899=CARTESIAN_POINT('Origin',(2.27350935759051,0.22974910601861,16.6800887293798));
#7900=CARTESIAN_POINT('',(2.16163413145363,0.22974910601861,16.7136200835469));
#7901=CARTESIAN_POINT('',(2.16163413145363,0.22974910601861,16.5745073199694));
#7902=CARTESIAN_POINT('',(2.26529152296805,0.22974910601861,16.7626349600968));
#7903=CARTESIAN_POINT('',(2.16163413145363,0.22974910601861,16.7136200835469));
#7904=CARTESIAN_POINT('',(2.15157023688409,0.22974910601861,16.8886370424874));
#7905=CARTESIAN_POINT('',(2.26529152296805,0.22974910601861,16.7626349600968));
#7906=CARTESIAN_POINT('',(2.29458912016777,0.22974910601861,16.9836537322285));
#7907=CARTESIAN_POINT('',(2.15157023688409,0.22974910601861,16.8886370424874));
#7908=CARTESIAN_POINT('Ctrl Pts',(2.34689671591604,0.22974910601861,16.9643285132668));
#7909=CARTESIAN_POINT('Ctrl Pts',(2.32946085066662,0.22974910601861,16.9707702529207));
#7910=CARTESIAN_POINT('Ctrl Pts',(2.3120249854172,0.22974910601861,16.9772119925746));
#7911=CARTESIAN_POINT('Ctrl Pts',(2.29458912016777,0.22974910601861,16.9836537322285));
#7912=CARTESIAN_POINT('',(2.36896641385199,0.22974910601861,16.842776494945));
#7913=CARTESIAN_POINT('',(2.40074384235236,0.22974910601861,16.9380506933622));
#7914=CARTESIAN_POINT('',(2.44658587791673,0.22974910601861,16.7621100975685));
#7915=CARTESIAN_POINT('',(2.36896641385199,0.22974910601861,16.842776494945));
#7916=CARTESIAN_POINT('',(2.44658587791673,0.22974910601861,16.7621100975685));
#7917=CARTESIAN_POINT('Ctrl Pts',(2.57778823777595,-0.000250893981390443,
16.9000002518296));
#7918=CARTESIAN_POINT('Ctrl Pts',(2.51877343930142,0.0764157726852762,16.9126837323405));
#7919=CARTESIAN_POINT('Ctrl Pts',(2.45975864082689,0.153082439351943,16.9253672128513));
#7920=CARTESIAN_POINT('Ctrl Pts',(2.40074384235236,0.22974910601861,16.9380506933622));
#7921=CARTESIAN_POINT('Ctrl Pts',(2.56112157086093,-0.000250893981390441,
16.8666669179996));
#7922=CARTESIAN_POINT('Ctrl Pts',(2.50413150263581,0.0764157726852762,16.8798754877408));
#7923=CARTESIAN_POINT('Ctrl Pts',(2.44714143441069,0.153082439351943,16.8930840574819));
#7924=CARTESIAN_POINT('Ctrl Pts',(2.39015136618557,0.22974910601861,16.9062926272231));
#7925=CARTESIAN_POINT('Ctrl Pts',(2.54445490394591,-0.000250893981390439,
16.8333335841695));
#7926=CARTESIAN_POINT('Ctrl Pts',(2.4894895659702,0.0764157726852763,16.847067243141));
#7927=CARTESIAN_POINT('Ctrl Pts',(2.43452422799449,0.153082439351943,16.8608009021125));
#7928=CARTESIAN_POINT('Ctrl Pts',(2.37955889001878,0.22974910601861,16.874534561084));
#7929=CARTESIAN_POINT('Ctrl Pts',(2.52778823703089,-0.000250893981390437,
16.8000002503395));
#7930=CARTESIAN_POINT('Ctrl Pts',(2.47484762930459,0.0764157726852762,16.8142589985413));
#7931=CARTESIAN_POINT('Ctrl Pts',(2.42190702157829,0.153082439351943,16.8285177467431));
#7932=CARTESIAN_POINT('Ctrl Pts',(2.36896641385199,0.22974910601861,16.842776494945));
#7933=CARTESIAN_POINT('',(2.52778823703089,-0.000250893981390443,16.8000002503395));
#7934=CARTESIAN_POINT('Ctrl Pts',(2.52778823703089,-0.000250893981390443,
16.8000002503395));
#7935=CARTESIAN_POINT('Ctrl Pts',(2.47484762930459,0.0764157726852762,16.8142589985413));
#7936=CARTESIAN_POINT('Ctrl Pts',(2.42190702157829,0.153082439351943,16.8285177467431));
#7937=CARTESIAN_POINT('Ctrl Pts',(2.36896641385199,0.22974910601861,16.842776494945));
#7938=CARTESIAN_POINT('Ctrl Pts',(2.5532581697548,-0.000250893981390446,
16.7646561937137));
#7939=CARTESIAN_POINT('Ctrl Pts',(2.50045196934995,0.0764157726852762,16.7817333610823));
#7940=CARTESIAN_POINT('Ctrl Pts',(2.44764576894509,0.153082439351943,16.7988105284509));
#7941=CARTESIAN_POINT('Ctrl Pts',(2.39483956854024,0.22974910601861,16.8158876958195));
#7942=CARTESIAN_POINT('Ctrl Pts',(2.57872810247871,-0.000250893981390449,
16.7293121370879));
#7943=CARTESIAN_POINT('Ctrl Pts',(2.5260563093953,0.0764157726852763,16.7492077236233));
#7944=CARTESIAN_POINT('Ctrl Pts',(2.47338451631189,0.153082439351943,16.7691033101586));
#7945=CARTESIAN_POINT('Ctrl Pts',(2.42071272322848,0.22974910601861,16.788998896694));
#7946=CARTESIAN_POINT('Ctrl Pts',(2.60419803520261,-0.000250893981390453,
16.6939680804621));
#7947=CARTESIAN_POINT('Ctrl Pts',(2.55166064944065,0.0764157726852762,16.7166820861642));
#7948=CARTESIAN_POINT('Ctrl Pts',(2.49912326367869,0.153082439351943,16.7393960918664));
#7949=CARTESIAN_POINT('Ctrl Pts',(2.44658587791673,0.22974910601861,16.7621100975685));
#7950=CARTESIAN_POINT('',(2.60419803520261,-0.000250893981390443,16.6939680804621));
#7951=CARTESIAN_POINT('Ctrl Pts',(2.60419803520261,-0.000250893981390443,
16.6939680804621));
#7952=CARTESIAN_POINT('Ctrl Pts',(2.55166064944065,0.0764157726852762,16.7166820861642));
#7953=CARTESIAN_POINT('Ctrl Pts',(2.49912326367869,0.153082439351943,16.7393960918664));
#7954=CARTESIAN_POINT('Ctrl Pts',(2.44658587791673,0.22974910601861,16.7621100975685));
#7955=CARTESIAN_POINT('Ctrl Pts',(2.57872810247871,-0.00025089398139044,
16.6859609018247));
#7956=CARTESIAN_POINT('Ctrl Pts',(2.52195936944279,0.0764157726852762,16.7052566786191));
#7957=CARTESIAN_POINT('Ctrl Pts',(2.46519063640688,0.153082439351943,16.7245524554134));
#7958=CARTESIAN_POINT('Ctrl Pts',(2.40842190337096,0.22974910601861,16.7438482322078));
#7959=CARTESIAN_POINT('Ctrl Pts',(2.5532581697548,-0.000250893981390437,
16.6779537231874));
#7960=CARTESIAN_POINT('Ctrl Pts',(2.49225808944493,0.0764157726852763,16.6938312710739));
#7961=CARTESIAN_POINT('Ctrl Pts',(2.43125800913506,0.153082439351943,16.7097088189605));
#7962=CARTESIAN_POINT('Ctrl Pts',(2.3702579288252,0.22974910601861,16.7255863668471));
#7963=CARTESIAN_POINT('Ctrl Pts',(2.52778823703089,-0.000250893981390434,
16.66994654455));
#7964=CARTESIAN_POINT('Ctrl Pts',(2.46255680944707,0.0764157726852763,16.6824058635288));
#7965=CARTESIAN_POINT('Ctrl Pts',(2.39732538186325,0.153082439351943,16.6948651825076));
#7966=CARTESIAN_POINT('Ctrl Pts',(2.33209395427943,0.22974910601861,16.7073245014863));
#7967=CARTESIAN_POINT('Origin',(2.00778815365889,-0.000250893981390332,
16.5499996300787));
#7968=CARTESIAN_POINT('',(1.9691292052762,-0.000250893981390332,16.6317561503458));
#7969=CARTESIAN_POINT('Origin',(1.9691292052762,-0.000250893981390332,16.6317561503458));
#7970=CARTESIAN_POINT('',(2.02386211112377,-0.000250893981390332,16.6382249155211));
#7971=CARTESIAN_POINT('Origin',(2.02386211112377,-0.000250893981390332,
16.6382249155211));
#7972=CARTESIAN_POINT('',(2.02386211112377,-0.000250893981390332,16.7564422212003));
#7973=CARTESIAN_POINT('Origin',(2.02386211112377,-0.000250893981390332,
16.7564422212003));
#7974=CARTESIAN_POINT('',(2.11733847287539,-0.000250893981390332,16.800642950783));
#7975=CARTESIAN_POINT('Origin',(2.11733847287539,-0.000250893981390332,
16.800642950783));
#7976=CARTESIAN_POINT('',(2.00601989672058,-0.000250893981390332,16.9239828538677));
#7977=CARTESIAN_POINT('Ctrl Pts',(2.00601989672058,-0.000250893981390318,
16.9239828538677));
#7978=CARTESIAN_POINT('Ctrl Pts',(2.05453667677508,0.0764157726852763,16.9122009167409));
#7979=CARTESIAN_POINT('Ctrl Pts',(2.10305345682958,0.153082439351943,16.9004189796141));
#7980=CARTESIAN_POINT('Ctrl Pts',(2.15157023688409,0.22974910601861,16.8886370424874));
#7981=CARTESIAN_POINT('Ctrl Pts',(2.04480544198805,-0.000250893981390323,
16.9589881649356));
#7982=CARTESIAN_POINT('Ctrl Pts',(2.09688261966221,0.0764157726852763,16.9464924414382));
#7983=CARTESIAN_POINT('Ctrl Pts',(2.14895979733638,0.153082439351943,16.9339967179409));
#7984=CARTESIAN_POINT('Ctrl Pts',(2.20103697501054,0.22974910601861,16.9215009944436));
#7985=CARTESIAN_POINT('Ctrl Pts',(2.08359098725552,-0.000250893981390327,
16.9939934760035));
#7986=CARTESIAN_POINT('Ctrl Pts',(2.13922856254935,0.0764157726852764,16.9807839661356));
#7987=CARTESIAN_POINT('Ctrl Pts',(2.19486613784317,0.153082439351943,16.9675744562677));
#7988=CARTESIAN_POINT('Ctrl Pts',(2.250503713137,0.22974910601861,16.9543649463998));
#7989=CARTESIAN_POINT('Ctrl Pts',(2.12237653252298,-0.000250893981390332,
17.0289987870714));
#7990=CARTESIAN_POINT('Ctrl Pts',(2.18157450543648,0.0764157726852763,17.0150754908329));
#7991=CARTESIAN_POINT('Ctrl Pts',(2.24077247834997,0.153082439351943,17.0011521945945));
#7992=CARTESIAN_POINT('Ctrl Pts',(2.29997045126346,0.22974910601861,16.987228898356));
#7993=CARTESIAN_POINT('Ctrl Pts',(2.29458912016777,0.229749106018609,16.9836537322285));
#7994=CARTESIAN_POINT('Ctrl Pts',(2.27763179060218,0.205935582416194,16.988824605871));
#7995=CARTESIAN_POINT('Ctrl Pts',(2.25856441544822,0.180033376723187,16.9941122390005));
#7996=CARTESIAN_POINT('Ctrl Pts',(2.20411716885762,0.106881706307212,17.0087172109251));
#7997=CARTESIAN_POINT('Ctrl Pts',(2.1584569439535,0.0469225643891404,17.0201208167576));
#7998=CARTESIAN_POINT('Ctrl Pts',(2.12237653252298,-0.000250893981390152,
17.0289987870714));
#7999=CARTESIAN_POINT('Ctrl Pts',(2.12237653252298,-0.000250893981390387,
17.0289987870714));
#8000=CARTESIAN_POINT('Ctrl Pts',(2.18157450543648,0.0997491060186096,17.0150754908329));
#8001=CARTESIAN_POINT('Ctrl Pts',(2.24077247834997,0.19974910601861,17.0011521945945));
#8002=CARTESIAN_POINT('Ctrl Pts',(2.29997045126346,0.29974910601861,16.987228898356));
#8003=CARTESIAN_POINT('Ctrl Pts',(2.27418043427397,-0.000250893981390406,
16.9859992753241));
#8004=CARTESIAN_POINT('Ctrl Pts',(2.29397415005812,0.0997491060186097,16.9809449046688));
#8005=CARTESIAN_POINT('Ctrl Pts',(2.31376786584228,0.19974910601861,16.9758905340134));
#8006=CARTESIAN_POINT('Ctrl Pts',(2.33356158162643,0.29974910601861,16.9708361633581));
#8007=CARTESIAN_POINT('Ctrl Pts',(2.42598433602496,-0.000250893981390425,
16.9429997635769));
#8008=CARTESIAN_POINT('Ctrl Pts',(2.40637379467977,0.0997491060186095,16.9468143185046));
#8009=CARTESIAN_POINT('Ctrl Pts',(2.38676325333458,0.19974910601861,16.9506288734324));
#8010=CARTESIAN_POINT('Ctrl Pts',(2.36715271198939,0.29974910601861,16.9544434283601));
#8011=CARTESIAN_POINT('Ctrl Pts',(2.57778823777595,-0.000250893981390443,
16.9000002518296));
#8012=CARTESIAN_POINT('Ctrl Pts',(2.51877343930142,0.0997491060186096,16.9126837323405));
#8013=CARTESIAN_POINT('Ctrl Pts',(2.45975864082689,0.19974910601861,16.9253672128513));
#8014=CARTESIAN_POINT('Ctrl Pts',(2.40074384235236,0.29974910601861,16.9380506933622));
#8015=CARTESIAN_POINT('',(2.29997045126346,0.29974910601861,16.987228898356));
#8016=CARTESIAN_POINT('',(2.12237653252298,-0.000250893981390332,17.0289987870714));
#8017=CARTESIAN_POINT('',(2.40074384235236,0.29974910601861,16.9380506933622));
#8018=CARTESIAN_POINT('',(2.40074384235236,0.29974910601861,16.9380506933622));
#8019=CARTESIAN_POINT('',(2.57778823777595,-0.000250893981390443,16.9000002518296));
#8020=CARTESIAN_POINT('Origin',(2.4387903196874,0.29974910601861,17.6555637687642));
#8021=CARTESIAN_POINT('',(2.12778815097669,0.29974910601861,17.4199996106327));
#8022=CARTESIAN_POINT('',(2.29997045126346,0.29974910601861,16.987228898356));
#8023=CARTESIAN_POINT('',(2.65778813913026,0.29974910601861,17.3099996130913));
#8024=CARTESIAN_POINT('Ctrl Pts',(2.65778813913026,0.29974910601861,17.3099996130913));
#8025=CARTESIAN_POINT('Ctrl Pts',(2.65791726385186,0.29974910601861,17.3829346441951));
#8026=CARTESIAN_POINT('Ctrl Pts',(2.65724144598105,0.29974910601861,17.5226465822557));
#8027=CARTESIAN_POINT('Ctrl Pts',(2.65342561718207,0.29974910601861,17.7137407758521));
#8028=CARTESIAN_POINT('Ctrl Pts',(2.64264057749133,0.29974910601861,17.9309720543153));
#8029=CARTESIAN_POINT('Ctrl Pts',(2.61901687597324,0.29974910601861,18.1356442691033));
#8030=CARTESIAN_POINT('Ctrl Pts',(2.58433459486797,0.29974910601861,18.2674094193194));
#8031=CARTESIAN_POINT('Ctrl Pts',(2.53767588984941,0.29974910601861,18.3202163358257));
#8032=CARTESIAN_POINT('Ctrl Pts',(2.47851191252359,0.29974910601861,18.2905784240127));
#8033=CARTESIAN_POINT('Ctrl Pts',(2.40730236344115,0.29974910601861,18.1815264002101));
#8034=CARTESIAN_POINT('Ctrl Pts',(2.32494168247648,0.29974910601861,17.9989571325606));
#8035=CARTESIAN_POINT('Ctrl Pts',(2.25085674973624,0.29974910601861,17.7988645265834));
#8036=CARTESIAN_POINT('Ctrl Pts',(2.19097452284366,0.29974910601861,17.6203238612242));
#8037=CARTESIAN_POINT('Ctrl Pts',(2.14916496225232,0.29974910601861,17.4888490331306));
#8038=CARTESIAN_POINT('Ctrl Pts',(2.12778815097669,0.29974910601861,17.4199996106327));
#8039=CARTESIAN_POINT('',(2.42778823554078,0.29974910601861,17.0000002533197));
#8040=CARTESIAN_POINT('',(2.65778813913026,0.29974910601861,17.3099996130913));
#8041=CARTESIAN_POINT('',(2.42778823554078,0.29974910601861,17.0000002533197));
#8042=CARTESIAN_POINT('Ctrl Pts',(2.57778823777595,-0.000250893981390406,
16.9000002518296));
#8043=CARTESIAN_POINT('Ctrl Pts',(2.51877343930142,0.0997491060186096,16.9126837323405));
#8044=CARTESIAN_POINT('Ctrl Pts',(2.45975864082689,0.19974910601861,16.9253672128513));
#8045=CARTESIAN_POINT('Ctrl Pts',(2.40074384235236,0.29974910601861,16.9380506933622));
#8046=CARTESIAN_POINT('Ctrl Pts',(2.5926902344077,-0.000250893981390408,
16.9149022484614));
#8047=CARTESIAN_POINT('Ctrl Pts',(2.53171303629908,0.0997491060186095,16.9295016812014));
#8048=CARTESIAN_POINT('Ctrl Pts',(2.47073583819046,0.19974910601861,16.9441011139414));
#8049=CARTESIAN_POINT('Ctrl Pts',(2.40975864008183,0.29974910601861,16.9587005466813));
#8050=CARTESIAN_POINT('Ctrl Pts',(2.60759223103946,-0.00025089398139041,
16.9298042450931));
#8051=CARTESIAN_POINT('Ctrl Pts',(2.54465263329674,0.0997491060186097,16.9463196300623));
#8052=CARTESIAN_POINT('Ctrl Pts',(2.48171303555402,0.19974910601861,16.9628350150314));
#8053=CARTESIAN_POINT('Ctrl Pts',(2.4187734378113,0.29974910601861,16.9793504000005));
#8054=CARTESIAN_POINT('Ctrl Pts',(2.62249422767121,-0.000250893981390412,
16.9447062417249));
#8055=CARTESIAN_POINT('Ctrl Pts',(2.5575922302944,0.0997491060186096,16.9631375789232));
#8056=CARTESIAN_POINT('Ctrl Pts',(2.49269023291759,0.19974910601861,16.9815689161215));
#8057=CARTESIAN_POINT('Ctrl Pts',(2.42778823554078,0.29974910601861,17.0000002533197));
#8058=CARTESIAN_POINT('',(2.62249422767121,-0.000250893981390443,16.9447062417249));
#8059=CARTESIAN_POINT('Ctrl Pts',(2.62249422767121,-0.000250893981390412,
16.9447062417249));
#8060=CARTESIAN_POINT('Ctrl Pts',(2.5575922302944,0.0997491060186096,16.9631375789232));
#8061=CARTESIAN_POINT('Ctrl Pts',(2.49269023291759,0.19974910601861,16.9815689161215));
#8062=CARTESIAN_POINT('Ctrl Pts',(2.42778823554078,0.29974910601861,17.0000002533197));
#8063=CARTESIAN_POINT('Ctrl Pts',(2.70759223252957,-0.000250893981390422,
17.0298042465832));
#8064=CARTESIAN_POINT('Ctrl Pts',(2.63987977837658,0.0997491060186095,17.05431395547));
#8065=CARTESIAN_POINT('Ctrl Pts',(2.57216732422359,0.19974910601861,17.0788236643568));
#8066=CARTESIAN_POINT('Ctrl Pts',(2.5044548700706,0.29974910601861,17.1033333732436));
#8067=CARTESIAN_POINT('Ctrl Pts',(2.79269023738793,-0.000250893981390433,
17.1149022514416));
#8068=CARTESIAN_POINT('Ctrl Pts',(2.72216732645877,0.0997491060186097,17.1454903320169));
#8069=CARTESIAN_POINT('Ctrl Pts',(2.6516444155296,0.199749106018609,17.1760784125922));
#8070=CARTESIAN_POINT('Ctrl Pts',(2.58112150460043,0.29974910601861,17.2066664931675));
#8071=CARTESIAN_POINT('Ctrl Pts',(2.8777882422463,-0.000250893981390443,
17.2000002563));
#8072=CARTESIAN_POINT('Ctrl Pts',(2.80445487454095,0.0997491060186095,17.2366667085638));
#8073=CARTESIAN_POINT('Ctrl Pts',(2.73112150683561,0.19974910601861,17.2733331608276));
#8074=CARTESIAN_POINT('Ctrl Pts',(2.65778813913026,0.29974910601861,17.3099996130913));
#8075=CARTESIAN_POINT('',(2.8777882422463,-0.000250893981390443,17.2000002563));
#8076=CARTESIAN_POINT('Ctrl Pts',(2.8777882422463,-0.000250893981390443,
17.2000002563));
#8077=CARTESIAN_POINT('Ctrl Pts',(2.80445487454095,0.0997491060186095,17.2366667085638));
#8078=CARTESIAN_POINT('Ctrl Pts',(2.73112150683561,0.19974910601861,17.2733331608276));
#8079=CARTESIAN_POINT('Ctrl Pts',(2.65778813913026,0.29974910601861,17.3099996130913));
#8080=CARTESIAN_POINT('Ctrl Pts',(2.8839122468541,-0.000250893981390443,
17.5576805829849));
#8081=CARTESIAN_POINT('Ctrl Pts',(2.80864522194507,0.0997491060186097,17.5330392226677));
#8082=CARTESIAN_POINT('Ctrl Pts',(2.73336260385262,0.199749106018609,17.5082958093698));
#8083=CARTESIAN_POINT('Ctrl Pts',(2.65809557894359,0.29974910601861,17.4836544490526));
#8084=CARTESIAN_POINT('Ctrl Pts',(2.88282976668307,-0.000250893981390443,
18.1855029403386));
#8085=CARTESIAN_POINT('Ctrl Pts',(2.80602005087504,0.0997491060186094,18.0534569884088));
#8086=CARTESIAN_POINT('Ctrl Pts',(2.72922128436938,0.19974910601861,17.9214827160637));
#8087=CARTESIAN_POINT('Ctrl Pts',(2.65241156856135,0.29974910601861,17.7894367641339));
#8088=CARTESIAN_POINT('Ctrl Pts',(2.83917216374666,-0.000250893981390446,
18.8512095160649));
#8089=CARTESIAN_POINT('Ctrl Pts',(2.76745788921723,0.0997491060186097,18.6065402404731));
#8090=CARTESIAN_POINT('Ctrl Pts',(2.6957350007431,0.19974910601861,18.3618145726768));
#8091=CARTESIAN_POINT('Ctrl Pts',(2.62402072621366,0.29974910601861,18.1171452970851));
#8092=CARTESIAN_POINT('Ctrl Pts',(2.7485024856449,-0.000250893981390441,
19.2081984721396));
#8093=CARTESIAN_POINT('Ctrl Pts',(2.69012198958291,0.0997491060186094,18.9048123214603));
#8094=CARTESIAN_POINT('Ctrl Pts',(2.6317549765352,0.19974910601861,18.6015144343241));
#8095=CARTESIAN_POINT('Ctrl Pts',(2.5733744804732,0.29974910601861,18.2981282836449));
#8096=CARTESIAN_POINT('Ctrl Pts',(2.55767777816795,-0.000250893981390457,
19.2249574781287));
#8097=CARTESIAN_POINT('Ctrl Pts',(2.52932675709451,0.0997491060186099,18.9234435169209));
#8098=CARTESIAN_POINT('Ctrl Pts',(2.50095850449624,0.199749106018609,18.621816810459));
#8099=CARTESIAN_POINT('Ctrl Pts',(2.4726074834228,0.29974910601861,18.3203028492512));
#8100=CARTESIAN_POINT('Ctrl Pts',(2.26250508099232,-0.000250893981390426,
18.556486936553));
#8101=CARTESIAN_POINT('Ctrl Pts',(2.28227250251089,0.0997491060186093,18.3751974605231));
#8102=CARTESIAN_POINT('Ctrl Pts',(2.30203500581135,0.19974910601861,18.1938756989348));
#8103=CARTESIAN_POINT('Ctrl Pts',(2.32180242732992,0.29974910601861,18.0125862229049));
#8104=CARTESIAN_POINT('Ctrl Pts',(1.97893579402986,-0.000250893981390332,
17.646747974951));
#8105=CARTESIAN_POINT('Ctrl Pts',(2.04551500104848,0.0997491060186097,17.625781552357));
#8106=CARTESIAN_POINT('Ctrl Pts',(2.11210611366195,0.19974910601861,17.6048932296503));
#8107=CARTESIAN_POINT('Ctrl Pts',(2.17868532068057,0.29974910601861,17.5839268070564));
#8108=CARTESIAN_POINT('Ctrl Pts',(1.87778822734514,-0.000250893981390332,
17.3000002577901));
#8109=CARTESIAN_POINT('Ctrl Pts',(1.96112153522232,0.0997491060186096,17.3400000420709));
#8110=CARTESIAN_POINT('Ctrl Pts',(2.0444548430995,0.19974910601861,17.3799998263518));
#8111=CARTESIAN_POINT('Ctrl Pts',(2.12778815097669,0.29974910601861,17.4199996106327));
#8112=CARTESIAN_POINT('',(1.87778822734514,-0.000250893981390332,17.3000002577901));
#8113=CARTESIAN_POINT('Ctrl Pts',(1.87778822734514,-0.000250893981390332,
17.3000002577901));
#8114=CARTESIAN_POINT('Ctrl Pts',(1.96112153522232,0.0997491060186096,17.3400000420709));
#8115=CARTESIAN_POINT('Ctrl Pts',(2.0444548430995,0.19974910601861,17.3799998263518));
#8116=CARTESIAN_POINT('Ctrl Pts',(2.12778815097669,0.29974910601861,17.4199996106327));
#8117=CARTESIAN_POINT('Ctrl Pts',(1.95931766240442,-0.000250893981390342,
17.2096664342172));
#8118=CARTESIAN_POINT('Ctrl Pts',(2.03460585862704,0.0997491060186096,17.2316918583249));
#8119=CARTESIAN_POINT('Ctrl Pts',(2.10989405484966,0.19974910601861,17.2537172824327));
#8120=CARTESIAN_POINT('Ctrl Pts',(2.18518225107228,0.29974910601861,17.2757427065404));
#8121=CARTESIAN_POINT('Ctrl Pts',(2.0408470974637,-0.000250893981390352,
17.1193326106443));
#8122=CARTESIAN_POINT('Ctrl Pts',(2.10809018203176,0.0997491060186096,17.1233836745789));
#8123=CARTESIAN_POINT('Ctrl Pts',(2.17533326659981,0.19974910601861,17.1274347385136));
#8124=CARTESIAN_POINT('Ctrl Pts',(2.24257635116787,0.29974910601861,17.1314858024482));
#8125=CARTESIAN_POINT('Ctrl Pts',(2.12237653252298,-0.000250893981390362,
17.0289987870714));
#8126=CARTESIAN_POINT('Ctrl Pts',(2.18157450543648,0.0997491060186096,17.0150754908329));
#8127=CARTESIAN_POINT('Ctrl Pts',(2.24077247834997,0.19974910601861,17.0011521945945));
#8128=CARTESIAN_POINT('Ctrl Pts',(2.29997045126346,0.29974910601861,16.987228898356));
#8129=CARTESIAN_POINT('',(0.,0.,0.));
#8130=CARTESIAN_POINT('',(-2.67011720059996,0.599999999999995,9.12676295459933));
#8131=CARTESIAN_POINT('',(0.499999999999998,0.1,10.04));
#8132=CARTESIAN_POINT('',(0.,-2.3,1.));
#8133=UNCERTAINTY_MEASURE_WITH_UNIT(LENGTH_MEASURE(0.001),#8149,
'DISTANCE_ACCURACY_VALUE',
'Maximum model space distance between geometric entities at asserted c
onnectivities');
#8134=UNCERTAINTY_MEASURE_WITH_UNIT(LENGTH_MEASURE(0.001),#8149,
'DISTANCE_ACCURACY_VALUE',
'Maximum model space distance between geometric entities at asserted c
onnectivities');
#8135=UNCERTAINTY_MEASURE_WITH_UNIT(LENGTH_MEASURE(0.001),#8149,
'DISTANCE_ACCURACY_VALUE',
'Maximum model space distance between geometric entities at asserted c
onnectivities');
#8136=UNCERTAINTY_MEASURE_WITH_UNIT(LENGTH_MEASURE(0.001),#8149,
'DISTANCE_ACCURACY_VALUE',
'Maximum model space distance between geometric entities at asserted c
onnectivities');
#8137=UNCERTAINTY_MEASURE_WITH_UNIT(LENGTH_MEASURE(0.001),#8149,
'DISTANCE_ACCURACY_VALUE',
'Maximum model space distance between geometric entities at asserted c
onnectivities');
#8138=UNCERTAINTY_MEASURE_WITH_UNIT(LENGTH_MEASURE(0.001),#8149,
'DISTANCE_ACCURACY_VALUE',
'Maximum model space distance between geometric entities at asserted c
onnectivities');
#8139=UNCERTAINTY_MEASURE_WITH_UNIT(LENGTH_MEASURE(0.001),#8149,
'DISTANCE_ACCURACY_VALUE',
'Maximum model space distance between geometric entities at asserted c
onnectivities');
#8140=UNCERTAINTY_MEASURE_WITH_UNIT(LENGTH_MEASURE(0.001),#8149,
'DISTANCE_ACCURACY_VALUE',
'Maximum model space distance between geometric entities at asserted c
onnectivities');
#8141=(
GEOMETRIC_REPRESENTATION_CONTEXT(3)
GLOBAL_UNCERTAINTY_ASSIGNED_CONTEXT((#8133))
GLOBAL_UNIT_ASSIGNED_CONTEXT((#8149,#8151,#8152))
REPRESENTATION_CONTEXT('','3D')
);
#8142=(
GEOMETRIC_REPRESENTATION_CONTEXT(3)
GLOBAL_UNCERTAINTY_ASSIGNED_CONTEXT((#8134))
GLOBAL_UNIT_ASSIGNED_CONTEXT((#8149,#8151,#8152))
REPRESENTATION_CONTEXT('','3D')
);
#8143=(
GEOMETRIC_REPRESENTATION_CONTEXT(3)
GLOBAL_UNCERTAINTY_ASSIGNED_CONTEXT((#8135))
GLOBAL_UNIT_ASSIGNED_CONTEXT((#8149,#8151,#8152))
REPRESENTATION_CONTEXT('','3D')
);
#8144=(
GEOMETRIC_REPRESENTATION_CONTEXT(3)
GLOBAL_UNCERTAINTY_ASSIGNED_CONTEXT((#8136))
GLOBAL_UNIT_ASSIGNED_CONTEXT((#8149,#8151,#8152))
REPRESENTATION_CONTEXT('','3D')
);
#8145=(
GEOMETRIC_REPRESENTATION_CONTEXT(3)
GLOBAL_UNCERTAINTY_ASSIGNED_CONTEXT((#8137))
GLOBAL_UNIT_ASSIGNED_CONTEXT((#8149,#8151,#8152))
REPRESENTATION_CONTEXT('','3D')
);
#8146=(
GEOMETRIC_REPRESENTATION_CONTEXT(3)
GLOBAL_UNCERTAINTY_ASSIGNED_CONTEXT((#8138))
GLOBAL_UNIT_ASSIGNED_CONTEXT((#8149,#8151,#8152))
REPRESENTATION_CONTEXT('','3D')
);
#8147=(
GEOMETRIC_REPRESENTATION_CONTEXT(3)
GLOBAL_UNCERTAINTY_ASSIGNED_CONTEXT((#8139))
GLOBAL_UNIT_ASSIGNED_CONTEXT((#8149,#8151,#8152))
REPRESENTATION_CONTEXT('','3D')
);
#8148=(
GEOMETRIC_REPRESENTATION_CONTEXT(3)
GLOBAL_UNCERTAINTY_ASSIGNED_CONTEXT((#8140))
GLOBAL_UNIT_ASSIGNED_CONTEXT((#8149,#8151,#8152))
REPRESENTATION_CONTEXT('','3D')
);
#8149=(
LENGTH_UNIT()
NAMED_UNIT(*)
SI_UNIT(.CENTI.,.METRE.)
);
#8150=(
LENGTH_UNIT()
NAMED_UNIT(*)
SI_UNIT($,.METRE.)
);
#8151=(
NAMED_UNIT(*)
PLANE_ANGLE_UNIT()
SI_UNIT($,.RADIAN.)
);
#8152=(
NAMED_UNIT(*)
SI_UNIT($,.STERADIAN.)
SOLID_ANGLE_UNIT()
);
#8153=SHAPE_DEFINITION_REPRESENTATION(#8160,#8175);
#8154=SHAPE_DEFINITION_REPRESENTATION(#8161,#8176);
#8155=SHAPE_DEFINITION_REPRESENTATION(#8162,#8177);
#8156=SHAPE_DEFINITION_REPRESENTATION(#8163,#8178);
#8157=SHAPE_DEFINITION_REPRESENTATION(#8164,#8179);
#8158=SHAPE_DEFINITION_REPRESENTATION(#8165,#8180);
#8159=SHAPE_DEFINITION_REPRESENTATION(#8170,#8181);
#8160=PRODUCT_DEFINITION_SHAPE('',$,#8183);
#8161=PRODUCT_DEFINITION_SHAPE('',$,#8184);
#8162=PRODUCT_DEFINITION_SHAPE('',$,#8185);
#8163=PRODUCT_DEFINITION_SHAPE('',$,#8186);
#8164=PRODUCT_DEFINITION_SHAPE('',$,#8187);
#8165=PRODUCT_DEFINITION_SHAPE('',$,#8188);
#8166=PRODUCT_DEFINITION_SHAPE($,$,#35);
#8167=PRODUCT_DEFINITION_SHAPE($,$,#36);
#8168=PRODUCT_DEFINITION_SHAPE($,$,#37);
#8169=PRODUCT_DEFINITION_SHAPE($,$,#38);
#8170=PRODUCT_DEFINITION_SHAPE('',$,#8189);
#8171=PRODUCT_DEFINITION_SHAPE($,$,#39);
#8172=PRODUCT_DEFINITION_SHAPE($,$,#40);
#8173=PRODUCT_DEFINITION_SHAPE($,$,#41);
#8174=PRODUCT_DEFINITION_SHAPE($,$,#42);
#8175=SHAPE_REPRESENTATION('',(#3353,#3572,#3573,#3574,#3575),#8141);
#8176=SHAPE_REPRESENTATION('',(#3354),#8142);
#8177=SHAPE_REPRESENTATION('',(#3394,#3508,#3509),#8143);
#8178=SHAPE_REPRESENTATION('',(#3395,#3510,#3511),#8144);
#8179=SHAPE_REPRESENTATION('',(#3396),#8145);
#8180=SHAPE_REPRESENTATION('',(#3439),#8146);
#8181=SHAPE_REPRESENTATION('',(#3512),#8147);
#8182=PRODUCT_DEFINITION_CONTEXT('part definition',#8205,'design');
#8183=PRODUCT_DEFINITION('2026-07-02-13-38-27-462','outerShellCAD',#8190,
#8182);
#8184=PRODUCT_DEFINITION('2026-07-18-18-22-14-580','arm',#8191,#8182);
#8185=PRODUCT_DEFINITION('2026-07-18-18-32-39-130','SG92R Servo',#8192,
#8182);
#8186=PRODUCT_DEFINITION('2026-07-18-18-32-39-130_1','SG92R Servo',#8193,
#8182);
#8187=PRODUCT_DEFINITION('2026-07-18-18-41-40-975','Component1',#8194,#8182);
#8188=PRODUCT_DEFINITION('2026-07-18-19-22-58-068','Component2',#8195,#8182);
#8189=PRODUCT_DEFINITION('2026-07-21-11-18-30-447','Component7',#8196,#8182);
#8190=PRODUCT_DEFINITION_FORMATION('',$,#8207);
#8191=PRODUCT_DEFINITION_FORMATION('',$,#8208);
#8192=PRODUCT_DEFINITION_FORMATION('',$,#8209);
#8193=PRODUCT_DEFINITION_FORMATION('',$,#8210);
#8194=PRODUCT_DEFINITION_FORMATION('',$,#8211);
#8195=PRODUCT_DEFINITION_FORMATION('',$,#8212);
#8196=PRODUCT_DEFINITION_FORMATION('',$,#8213);
#8197=PRODUCT_RELATED_PRODUCT_CATEGORY('outerShellCAD','outerShellCAD',
(#8207));
#8198=PRODUCT_RELATED_PRODUCT_CATEGORY('arm','arm',(#8208));
#8199=PRODUCT_RELATED_PRODUCT_CATEGORY('SG92R Servo','SG92R Servo',(#8209));
#8200=PRODUCT_RELATED_PRODUCT_CATEGORY('SG92R Servo','SG92R Servo',(#8210));
#8201=PRODUCT_RELATED_PRODUCT_CATEGORY('Component1','Component1',(#8211));
#8202=PRODUCT_RELATED_PRODUCT_CATEGORY('Component2','Component2',(#8212));
#8203=PRODUCT_RELATED_PRODUCT_CATEGORY('Component7','Component7',(#8213));
#8204=APPLICATION_PROTOCOL_DEFINITION('international standard',
'automotive_design',2009,#8205);
#8205=APPLICATION_CONTEXT(
'Core Data for Automotive Mechanical Design Process');
#8206=PRODUCT_CONTEXT('part definition',#8205,'mechanical');
#8207=PRODUCT('2026-07-02-13-38-27-462','outerShellCAD',$,(#8206));
#8208=PRODUCT('2026-07-18-18-22-14-580','arm',$,(#8206));
#8209=PRODUCT('2026-07-18-18-32-39-130','SG92R Servo',$,(#8206));
#8210=PRODUCT('2026-07-18-18-32-39-130_1','SG92R Servo',$,(#8206));
#8211=PRODUCT('2026-07-18-18-41-40-975','Component1',$,(#8206));
#8212=PRODUCT('2026-07-18-19-22-58-068','Component2',$,(#8206));
#8213=PRODUCT('2026-07-21-11-18-30-447','Component7',$,(#8206));
#8214=PRESENTATION_STYLE_ASSIGNMENT((#8216));
#8215=PRESENTATION_STYLE_ASSIGNMENT((#8217));
#8216=SURFACE_STYLE_USAGE(.BOTH.,#8218);
#8217=SURFACE_STYLE_USAGE(.BOTH.,#8219);
#8218=SURFACE_SIDE_STYLE('',(#8220));
#8219=SURFACE_SIDE_STYLE('',(#8221));
#8220=SURFACE_STYLE_FILL_AREA(#8222);
#8221=SURFACE_STYLE_FILL_AREA(#8223);
#8222=FILL_AREA_STYLE('Steel - Satin',(#8224));
#8223=FILL_AREA_STYLE('ABS (White)',(#8225));
#8224=FILL_AREA_STYLE_COLOUR('Steel - Satin',#8226);
#8225=FILL_AREA_STYLE_COLOUR('ABS (White)',#8227);
#8226=COLOUR_RGB('Steel - Satin',0.627450980392157,0.627450980392157,0.627450980392157);
#8227=COLOUR_RGB('ABS (White)',0.192156862745098,0.141176470588235,0.749019607843137);
ENDSEC;
END-ISO-10303-21;
